date,code,name,industry,open,high,low,close,volume
2026-09-29,0050,元大台灣50,其他,111.8,112.25,111.05,111.3,110505674
2026-09-30,0050,元大台灣50,其他,112.5,113.05,112.05,112.05,60951975
2026-10-01,0050,元大台灣50,其他,112.2,112.9,111.7,112.9,55443347
2026-09-29,0051,元大中型100,其他,146.15,147.95,146.15,146.9,51182
2026-09-30,0051,元大中型100,其他,148.0,149.05,147.75,149.05,61482
2026-10-01,0051,元大中型100,其他,149.05,149.45,148.4,148.85,50930
2026-09-29,0052,富邦科技,其他,65.15,65.35,64.75,64.95,13497237
2026-09-30,0052,富邦科技,其他,65.6,65.95,65.3,65.45,17975548
2026-10-01,0052,富邦科技,其他,65.5,66.0,65.3,66.0,17530841
2026-09-29,0053,元大電子,其他,253.3,253.3,250.0,250.8,182328
2026-09-30,0053,元大電子,其他,253.4,255.2,252.05,252.05,209342
2026-10-01,0053,元大電子,其他,253.0,255.7,252.95,255.7,162099
2026-09-29,0055,元大MSCI金融,其他,49.54,50.0,49.2,49.21,1008809
2026-09-30,0055,元大MSCI金融,其他,49.51,49.6,49.22,49.27,1341348
2026-10-01,0055,元大MSCI金融,其他,49.65,49.65,48.12,48.7,1854543
2026-09-29,0056,元大高股息,其他,56.5,56.9,56.3,56.55,37937287
2026-09-30,0056,元大高股息,其他,56.95,57.15,56.75,56.95,31983738
2026-10-01,0056,元大高股息,其他,56.9,56.95,56.4,56.85,42084968
2026-09-29,0057,富邦摩台,其他,333.45,333.45,330.75,331.75,36296
2026-09-30,0057,富邦摩台,其他,335.6,336.4,333.45,333.45,14480
2026-10-01,0057,富邦摩台,其他,334.1,334.3,334.1,334.3,6682
2026-09-29,0061,元大寶滬深,其他,23.5,23.67,23.01,23.34,300497
2026-09-30,0061,元大寶滬深,其他,23.34,23.36,23.25,23.25,83401
2026-10-01,0061,元大寶滬深,其他,23.46,23.46,23.17,23.32,29974
2026-09-29,1101,台泥,水泥工業,25.4,25.6,25.05,25.3,31598983
2026-09-30,1101,台泥,水泥工業,25.35,26.7,25.2,26.3,104957435
2026-10-01,1101,台泥,水泥工業,26.3,26.4,25.45,25.55,54833108
2026-09-29,1102,亞泥,水泥工業,35.5,35.65,34.9,35.3,9645067
2026-09-30,1102,亞泥,水泥工業,35.4,35.8,35.2,35.8,6224968
2026-10-01,1102,亞泥,水泥工業,35.7,35.9,35.2,35.65,11842180
2026-09-29,1103,嘉泥,水泥工業,13.05,13.1,13.0,13.0,249926
2026-09-30,1103,嘉泥,水泥工業,13.05,13.2,13.05,13.2,573331
2026-10-01,1103,嘉泥,水泥工業,13.25,13.25,13.1,13.2,301629
2026-09-29,1104,環泥,水泥工業,26.65,26.7,26.55,26.55,447642
2026-09-30,1104,環泥,水泥工業,26.7,26.75,26.6,26.7,320855
2026-10-01,1104,環泥,水泥工業,26.65,26.75,26.55,26.7,520149
2026-09-29,1108,幸福,水泥工業,11.05,11.15,11.0,11.0,188302
2026-09-30,1108,幸福,水泥工業,11.05,11.2,11.05,11.15,142436
2026-10-01,1108,幸福,水泥工業,11.05,11.2,11.05,11.15,151559
2026-09-29,1109,信大,水泥工業,13.3,13.4,13.3,13.3,95288
2026-09-30,1109,信大,水泥工業,13.3,13.4,13.25,13.35,341349
2026-10-01,1109,信大,水泥工業,13.4,13.4,13.25,13.3,206947
2026-09-29,1110,東泥,水泥工業,14.75,14.9,14.35,14.35,1203041
2026-09-30,1110,東泥,水泥工業,14.45,14.65,14.35,14.65,229386
2026-10-01,1110,東泥,水泥工業,14.55,14.75,14.55,14.65,120182
2026-09-29,1201,味全,食品工業,11.65,11.65,11.5,11.5,839007
2026-09-30,1201,味全,食品工業,11.55,11.65,11.5,11.65,693645
2026-10-01,1201,味全,食品工業,11.65,11.65,11.5,11.6,706723
2026-09-29,1203,味王,食品工業,43.35,43.8,42.15,43.3,31195
2026-09-30,1203,味王,食品工業,44.75,44.75,43.0,43.7,25825
2026-10-01,1203,味王,食品工業,43.65,43.9,43.65,43.9,3554
2026-09-29,1210,大成,食品工業,51.8,52.0,51.6,51.6,901163
2026-09-30,1210,大成,食品工業,51.7,52.0,51.5,52.0,1146249
2026-10-01,1210,大成,食品工業,51.8,52.0,51.5,51.7,990702
2026-09-29,1213,大飲,食品工業,7.11,7.29,6.9,7.29,45218
2026-09-30,1213,大飲,食品工業,7.27,7.47,7.26,7.47,5100
2026-10-01,1213,大飲,食品工業,7.18,7.18,7.0,7.0,6025
2026-09-29,1215,卜蜂,食品工業,105.5,106.0,104.5,105.5,438883
2026-09-30,1215,卜蜂,食品工業,105.5,106.0,104.5,105.0,440336
2026-10-01,1215,卜蜂,食品工業,105.0,105.5,104.5,105.5,322122
2026-09-29,1216,統一,食品工業,74.9,74.9,73.9,73.9,6515894
2026-09-30,1216,統一,食品工業,74.5,74.5,73.7,74.2,6953647
2026-10-01,1216,統一,食品工業,73.9,74.2,73.7,73.9,5933943
2026-09-29,1217,愛之味,食品工業,9.95,9.95,9.89,9.9,615207
2026-09-30,1217,愛之味,食品工業,9.91,9.98,9.91,9.95,364373
2026-10-01,1217,愛之味,食品工業,9.95,9.96,9.91,9.96,203542
2026-09-29,1218,泰山,食品工業,14.4,14.45,14.35,14.45,321550
2026-09-30,1218,泰山,食品工業,14.5,14.6,14.4,14.6,490161
2026-10-01,1218,泰山,食品工業,14.6,14.6,14.45,14.5,260576
2026-09-29,1219,福壽,食品工業,11.45,11.5,11.25,11.35,207054
2026-09-30,1219,福壽,食品工業,11.3,11.45,11.3,11.45,135251
2026-10-01,1219,福壽,食品工業,11.5,11.55,11.35,11.45,81323
2026-09-29,1220,台榮,食品工業,10.8,10.85,10.75,10.75,70951
2026-09-30,1220,台榮,食品工業,10.75,10.85,10.75,10.85,35150
2026-10-01,1220,台榮,食品工業,10.85,10.85,10.75,10.85,50838
2026-09-29,1225,福懋油,食品工業,24.45,24.5,24.4,24.4,28996
2026-09-30,1225,福懋油,食品工業,24.3,25.5,24.3,24.55,37924
2026-10-01,1225,福懋油,食品工業,24.5,24.5,23.7,24.2,60991
2026-09-29,1227,佳格,食品工業,28.15,28.2,27.95,28.0,1445323
2026-09-30,1227,佳格,食品工業,28.0,28.15,28.0,28.1,505728
2026-10-01,1227,佳格,食品工業,28.1,28.15,28.0,28.1,342204
2026-09-29,1229,聯華,食品工業,40.1,40.2,39.5,39.55,3074216
2026-09-30,1229,聯華,食品工業,40.0,40.2,39.6,39.9,1909872
2026-10-01,1229,聯華,食品工業,39.95,40.4,39.95,40.2,2550357
2026-09-29,1231,聯華食,食品工業,79.6,80.0,79.6,79.6,141891
2026-09-30,1231,聯華食,食品工業,79.6,79.7,79.3,79.6,234157
2026-10-01,1231,聯華食,食品工業,79.6,79.9,79.5,79.8,223078
2026-09-29,1232,大統益,食品工業,154.0,154.5,154.0,154.0,52006
2026-09-30,1232,大統益,食品工業,153.5,154.0,153.5,153.5,69908
2026-10-01,1232,大統益,食品工業,153.5,154.5,153.0,153.0,107013
2026-09-29,1233,天仁,食品工業,28.1,28.1,27.6,27.6,13323
2026-09-30,1233,天仁,食品工業,27.85,28.15,27.85,28.1,17097
2026-10-01,1233,天仁,食品工業,28.0,28.1,28.0,28.1,5292
2026-09-29,1234,黑松,食品工業,33.05,33.2,32.9,32.9,131420
2026-09-30,1234,黑松,食品工業,32.9,33.0,32.9,33.0,74514
2026-10-01,1234,黑松,食品工業,32.9,32.9,32.8,32.9,90393
2026-09-29,1235,興泰,食品工業,35.4,35.5,32.85,32.85,89039
2026-09-30,1235,興泰,食品工業,32.85,34.4,32.85,33.15,41618
2026-10-01,1235,興泰,食品工業,32.95,33.15,32.9,32.9,42911
2026-09-29,1236,宏亞,食品工業,25.5,25.5,25.25,25.35,21234
2026-09-30,1236,宏亞,食品工業,25.1,25.45,25.1,25.45,33518
2026-10-01,1236,宏亞,食品工業,25.45,25.8,25.3,25.5,13674
2026-09-29,1240,茂生農經,農業科技,54.4,54.5,53.8,53.8,31488
2026-09-30,1240,茂生農經,農業科技,54.1,54.3,53.8,54.3,12775
2026-10-01,1240,茂生農經,農業科技,54.1,54.4,53.9,54.1,18420
2026-09-29,1256,鮮活果汁-KY,食品工業,168.5,170.0,167.5,168.5,30384
2026-09-30,1256,鮮活果汁-KY,食品工業,168.5,169.0,166.0,168.0,59699
2026-10-01,1256,鮮活果汁-KY,食品工業,168.0,168.5,167.5,168.5,12051
2026-09-29,1259,安心,觀光餐旅,68.0,68.0,67.9,68.0,18657
2026-09-30,1259,安心,觀光餐旅,68.0,68.1,67.8,68.1,20168
2026-10-01,1259,安心,觀光餐旅,67.9,68.0,67.9,68.0,17002
2026-09-29,1264,德麥,食品工業,243.0,244.0,243.0,244.0,7370
2026-09-30,1264,德麥,食品工業,244.0,245.0,244.0,245.0,21469
2026-10-01,1264,德麥,食品工業,245.0,245.5,244.5,245.0,10419
2026-09-29,1268,漢來美食,觀光餐旅,174.5,175.5,174.5,175.5,25752
2026-09-30,1268,漢來美食,觀光餐旅,176.0,176.0,175.0,175.0,18089
2026-10-01,1268,漢來美食,觀光餐旅,174.5,179.5,174.0,177.5,76295
2026-09-29,1294,漢田生技,食品工業,50.1,50.2,49.7,50.2,26229
2026-09-30,1294,漢田生技,食品工業,50.2,50.4,49.75,50.4,21920
2026-10-01,1294,漢田生技,食品工業,50.3,50.3,49.9,50.2,19250
2026-09-29,1295,生合,食品工業,47.2,47.3,46.55,47.15,29947
2026-09-30,1295,生合,食品工業,46.9,47.4,46.7,47.4,28229
2026-10-01,1295,生合,食品工業,47.0,47.8,46.85,47.8,20572
2026-09-29,1301,台塑,塑膠工業,65.0,67.7,64.6,64.6,34908356
2026-09-30,1301,台塑,塑膠工業,65.5,68.4,65.4,68.1,52831958
2026-10-01,1301,台塑,塑膠工業,68.2,69.2,66.3,66.8,19100785
2026-09-29,1303,南亞,塑膠工業,236.0,248.0,235.5,247.0,79311489
2026-09-30,1303,南亞,塑膠工業,250.5,265.0,245.5,255.5,123417554
2026-10-01,1303,南亞,塑膠工業,256.0,261.5,250.5,254.0,57138460
2026-09-29,1304,台聚,塑膠工業,12.5,12.9,12.25,12.3,2772924
2026-09-30,1304,台聚,塑膠工業,12.35,12.75,12.3,12.65,3275499
2026-10-01,1304,台聚,塑膠工業,12.6,12.7,12.35,12.45,1522353
2026-09-29,1305,華夏,塑膠工業,12.2,12.45,12.05,12.1,1147533
2026-09-30,1305,華夏,塑膠工業,12.15,12.4,12.1,12.35,1620362
2026-10-01,1305,華夏,塑膠工業,12.4,12.4,12.1,12.15,670622
2026-09-29,1307,三芳,塑膠工業,30.9,31.35,30.85,30.85,666273
2026-09-30,1307,三芳,塑膠工業,30.8,31.55,30.8,31.5,831627
2026-10-01,1307,三芳,塑膠工業,31.5,31.55,31.3,31.45,531905
2026-09-29,1308,亞聚,塑膠工業,14.3,14.75,14.05,14.1,1556217
2026-09-30,1308,亞聚,塑膠工業,14.2,14.5,14.1,14.45,1215427
2026-10-01,1308,亞聚,塑膠工業,14.35,14.4,14.1,14.2,758207
2026-09-29,1309,台達化,塑膠工業,13.8,14.25,13.65,13.65,1682322
2026-09-30,1309,台達化,塑膠工業,13.75,14.05,13.7,13.95,1404303
2026-10-01,1309,台達化,塑膠工業,14.0,14.0,13.6,13.7,1146443
2026-09-29,1310,台苯,塑膠工業,8.89,9.15,8.88,8.9,2438328
2026-09-30,1310,台苯,塑膠工業,8.98,9.33,8.9,9.25,6433878
2026-10-01,1310,台苯,塑膠工業,9.25,9.32,9.02,9.02,2511718
2026-09-29,1312,國喬,塑膠工業,14.55,15.2,14.4,14.45,11424741
2026-09-30,1312,國喬,塑膠工業,14.55,15.05,14.45,15.0,15580635
2026-10-01,1312,國喬,塑膠工業,15.0,15.15,14.6,14.6,8517813
2026-09-29,1313,聯成,塑膠工業,12.15,12.5,12.05,12.05,1943110
2026-09-30,1313,聯成,塑膠工業,12.15,12.35,12.05,12.3,2318981
2026-10-01,1313,聯成,塑膠工業,12.4,12.8,12.25,12.4,4532235
2026-09-29,1314,中石化,塑膠工業,8.89,9.1,8.72,8.74,47669196
2026-09-30,1314,中石化,塑膠工業,8.77,9.07,8.71,9.0,85223275
2026-10-01,1314,中石化,塑膠工業,9.09,9.14,8.86,8.89,34798207
2026-09-29,1315,達新,塑膠工業,68.2,68.8,68.1,68.1,35564
2026-09-30,1315,達新,塑膠工業,68.3,68.8,68.3,68.8,34262
2026-10-01,1315,達新,塑膠工業,68.9,68.9,68.1,68.7,10790
2026-09-29,1316,上曜,建材營造,10.45,10.55,10.45,10.45,699804
2026-09-30,1316,上曜,建材營造,10.5,10.7,10.5,10.7,1091176
2026-10-01,1316,上曜,建材營造,10.7,10.8,10.5,10.5,1238358
2026-09-29,1319,東陽,汽車工業,78.5,78.6,77.8,77.8,1284003
2026-09-30,1319,東陽,汽車工業,78.0,78.3,77.6,77.9,1448175
2026-10-01,1319,東陽,汽車工業,78.2,78.6,77.5,78.6,1483670
2026-09-29,1321,大洋,塑膠工業,32.4,32.4,32.05,32.35,114000
2026-09-30,1321,大洋,塑膠工業,32.4,32.4,32.0,32.4,76006
2026-10-01,1321,大洋,塑膠工業,32.45,32.5,32.15,32.5,45000
2026-09-29,1323,永裕,塑膠工業,21.4,21.6,21.2,21.2,49535
2026-09-30,1323,永裕,塑膠工業,21.15,21.45,21.15,21.45,59437
2026-10-01,1323,永裕,塑膠工業,21.45,21.5,21.25,21.5,9048
2026-09-29,1324,地球,塑膠工業,10.15,10.15,9.98,9.98,24229
2026-09-30,1324,地球,塑膠工業,9.99,10.05,9.98,9.99,36984
2026-10-01,1324,地球,塑膠工業,9.99,10.05,9.94,10.05,32639
2026-09-29,1325,恆大,塑膠工業,25.7,25.85,25.5,25.55,132148
2026-09-30,1325,恆大,塑膠工業,25.55,26.0,25.55,25.9,216678
2026-10-01,1325,恆大,塑膠工業,25.75,25.9,25.7,25.7,97552
2026-09-29,1326,台化,塑膠工業,67.1,71.4,67.1,67.5,25578827
2026-09-30,1326,台化,塑膠工業,68.3,70.5,67.6,69.7,33017994
2026-10-01,1326,台化,塑膠工業,69.4,70.9,67.5,67.7,18698939
2026-09-29,1336,台翰,電子零組件,17.05,17.05,16.75,16.8,91890
2026-09-30,1336,台翰,電子零組件,17.0,17.35,17.0,17.35,480116
2026-10-01,1336,台翰,電子零組件,17.5,18.45,17.4,18.3,852500
2026-09-29,1337,再生-KY,塑膠工業,4.45,4.46,4.42,4.43,94840
2026-09-30,1337,再生-KY,塑膠工業,4.44,4.48,4.44,4.47,431397
2026-10-01,1337,再生-KY,塑膠工業,4.47,4.48,4.44,4.47,195911
2026-09-29,1338,廣華-KY,汽車工業,14.7,14.8,14.5,14.75,52801
2026-09-30,1338,廣華-KY,汽車工業,14.8,16.1,14.8,15.6,392221
2026-10-01,1338,廣華-KY,汽車工業,15.7,15.7,15.05,15.3,221510
2026-09-29,1339,昭輝,汽車工業,42.5,42.5,41.85,42.3,80100
2026-09-30,1339,昭輝,汽車工業,42.2,42.45,42.1,42.35,56093
2026-10-01,1339,昭輝,汽車工業,42.9,42.9,42.15,42.7,53816
2026-09-29,1340,勝悅-KY,塑膠工業,5.21,5.25,5.21,5.21,113889
2026-09-30,1340,勝悅-KY,塑膠工業,5.21,5.26,5.21,5.24,190565
2026-10-01,1340,勝悅-KY,塑膠工業,5.24,5.24,5.19,5.23,62541
2026-09-30,1341,富林-KY,塑膠工業,60.0,60.0,59.9,59.9,2302
2026-10-01,1341,富林-KY,塑膠工業,59.0,59.0,59.0,59.0,2248
2026-09-29,1342,八貫,其他,100.0,101.0,100.0,101.0,72695
2026-09-30,1342,八貫,其他,100.5,100.5,99.6,100.0,135099
2026-10-01,1342,八貫,其他,100.0,100.5,99.6,100.0,108543
2026-09-29,1402,遠東新,紡織纖維,28.15,28.25,27.7,27.75,5992054
2026-09-30,1402,遠東新,紡織纖維,27.95,28.3,27.85,28.25,7103613
2026-10-01,1402,遠東新,紡織纖維,28.2,28.25,27.7,27.95,14615452
2026-09-29,1409,新纖,紡織纖維,24.4,24.75,24.2,24.35,5902385
2026-09-30,1409,新纖,紡織纖維,24.5,24.95,24.35,24.9,14204556
2026-10-01,1409,新纖,紡織纖維,24.6,24.75,24.3,24.4,8727863
2026-09-29,1410,南染,紡織纖維,24.1,24.25,24.0,24.1,35201
2026-09-30,1410,南染,紡織纖維,24.15,24.5,24.0,24.1,67802
2026-10-01,1410,南染,紡織纖維,24.0,24.6,24.0,24.15,39399
2026-09-29,1413,宏洲,紡織纖維,9.19,9.45,9.07,9.08,56815
2026-09-30,1413,宏洲,紡織纖維,9.08,9.22,9.08,9.22,36968
2026-10-01,1413,宏洲,紡織纖維,9.29,9.29,9.2,9.25,9329
2026-09-29,1414,東和,紡織纖維,17.45,17.6,17.3,17.5,109892
2026-09-30,1414,東和,紡織纖維,17.5,17.65,17.4,17.65,162007
2026-10-01,1414,東和,紡織纖維,17.65,17.7,17.35,17.35,78345
2026-09-29,1416,廣豐,其他,11.45,11.55,11.3,11.35,249389
2026-09-30,1416,廣豐,其他,11.45,11.5,11.4,11.45,61565
2026-10-01,1416,廣豐,其他,11.5,11.7,11.5,11.65,463909
2026-09-29,1417,嘉裕,紡織纖維,8.11,8.11,8.04,8.04,199029
2026-09-30,1417,嘉裕,紡織纖維,8.1,8.14,8.05,8.14,204181
2026-10-01,1417,嘉裕,紡織纖維,8.1,8.15,8.05,8.13,168685
2026-09-29,1418,東華,紡織纖維,18.3,18.8,18.3,18.3,25023
2026-09-30,1418,東華,紡織纖維,18.35,18.5,18.35,18.35,45014
2026-10-01,1418,東華,紡織纖維,18.4,18.5,18.4,18.5,11038
2026-09-29,1419,新紡,紡織纖維,66.3,66.3,65.5,65.6,56925
2026-09-30,1419,新紡,紡織纖維,65.6,66.1,65.5,66.1,40647
2026-10-01,1419,新紡,紡織纖維,66.3,66.3,65.4,65.8,21795
2026-09-29,1423,利華,紡織纖維,34.55,35.5,34.35,34.35,6436
2026-09-30,1423,利華,紡織纖維,34.35,36.2,34.35,36.0,19091
2026-10-01,1423,利華,紡織纖維,35.5,35.5,35.5,35.5,2010
2026-09-29,1432,大魯閣,運動休閒,15.05,15.05,14.95,14.95,80105
2026-09-30,1432,大魯閣,運動休閒,14.95,15.0,14.95,15.0,77492
2026-10-01,1432,大魯閣,運動休閒,15.0,15.05,14.95,15.05,61056
2026-09-29,1434,福懋,紡織纖維,17.95,18.3,17.9,18.0,1341588
2026-09-30,1434,福懋,紡織纖維,18.05,18.2,17.95,18.15,1720461
2026-10-01,1434,福懋,紡織纖維,18.15,18.25,17.9,17.95,1414846
2026-09-29,1435,中福,其他,22.3,22.3,21.55,21.75,6479
2026-09-30,1435,中福,其他,22.3,22.9,22.2,22.4,7893
2026-10-01,1435,中福,其他,21.85,22.5,20.3,22.0,20285
2026-09-29,1436,華友聯,建材營造,36.5,36.5,35.5,35.5,169161
2026-09-30,1436,華友聯,建材營造,35.5,35.75,35.3,35.7,121863
2026-10-01,1436,華友聯,建材營造,35.7,35.7,35.35,35.35,86138
2026-09-29,1437,勤益控,其他,31.85,32.1,31.55,31.85,71000
2026-09-30,1437,勤益控,其他,32.8,32.8,31.65,31.85,297005
2026-10-01,1437,勤益控,其他,31.85,31.9,31.8,31.85,62770
2026-09-29,1438,三地開發,建材營造,21.9,21.9,21.15,21.15,80755
2026-09-30,1438,三地開發,建材營造,21.65,21.65,20.95,21.15,155431
2026-10-01,1438,三地開發,建材營造,21.4,21.8,21.25,21.8,27847
2026-09-29,1439,雋揚,建材營造,28.2,28.2,28.15,28.15,5026
2026-09-30,1439,雋揚,建材營造,28.55,29.0,28.2,28.9,91000
2026-10-01,1439,雋揚,建材營造,28.95,29.05,28.85,28.95,59033
2026-09-29,1440,南紡,紡織纖維,13.5,13.65,13.25,13.3,2972551
2026-09-30,1440,南紡,紡織纖維,13.35,13.7,13.35,13.65,3288885
2026-10-01,1440,南紡,紡織纖維,13.5,13.7,13.3,13.4,2962057
2026-09-29,1441,大東,紡織纖維,9.58,10.15,9.58,10.15,101129
2026-09-30,1441,大東,紡織纖維,10.15,10.15,10.0,10.0,94731
2026-10-01,1441,大東,紡織纖維,9.92,9.93,9.87,9.87,39105
2026-09-29,1442,名軒,建材營造,27.7,27.9,26.85,26.9,645434
2026-09-30,1442,名軒,建材營造,27.0,27.45,26.7,27.2,597660
2026-10-01,1442,名軒,建材營造,27.1,27.15,26.5,26.5,966889
2026-09-29,1443,立益物流,其他,23.05,23.05,23.0,23.0,8001
2026-09-30,1443,立益物流,其他,22.85,23.65,22.85,23.45,15618
2026-10-01,1443,立益物流,其他,23.5,23.5,23.35,23.35,3001
2026-09-29,1444,力麗,紡織纖維,6.86,6.99,6.86,6.94,1187457
2026-09-30,1444,力麗,紡織纖維,6.95,7.21,6.95,7.12,3209953
2026-10-01,1444,力麗,紡織纖維,7.13,7.16,6.9,6.9,1233444
2026-09-29,1445,大宇,紡織纖維,10.05,10.15,10.0,10.0,49254
2026-09-30,1445,大宇,紡織纖維,10.05,10.1,10.0,10.1,57497
2026-10-01,1445,大宇,紡織纖維,10.1,10.1,10.0,10.0,49190
2026-09-29,1446,宏和,紡織纖維,13.45,13.5,13.35,13.35,157652
2026-09-30,1446,宏和,紡織纖維,13.35,13.6,13.3,13.4,226998
2026-10-01,1446,宏和,紡織纖維,13.35,13.45,13.35,13.45,29311
2026-09-29,1447,力鵬,紡織纖維,6.39,6.65,6.39,6.5,1370015
2026-09-30,1447,力鵬,紡織纖維,6.5,6.94,6.5,6.77,2189075
2026-10-01,1447,力鵬,紡織纖維,6.78,6.78,6.5,6.51,1028818
2026-09-29,1449,佳和,紡織纖維,12.45,12.45,12.25,12.35,200913
2026-09-30,1449,佳和,紡織纖維,12.25,12.5,12.25,12.5,288196
2026-10-01,1449,佳和,紡織纖維,12.5,12.5,12.3,12.3,192790
2026-09-29,1451,年興,紡織纖維,17.05,17.05,16.9,16.9,117464
2026-09-30,1451,年興,紡織纖維,16.9,17.05,16.85,17.0,83975
2026-10-01,1451,年興,紡織纖維,16.9,17.0,16.8,17.0,199338
2026-09-29,1452,宏益,紡織纖維,10.75,10.8,10.7,10.7,52416
2026-09-30,1452,宏益,紡織纖維,10.85,10.9,10.7,10.8,49014
2026-10-01,1452,宏益,紡織纖維,10.8,10.8,10.75,10.8,19052
2026-09-29,1453,大將,建材營造,10.85,10.85,10.8,10.8,12794
2026-09-30,1453,大將,建材營造,10.8,10.95,10.8,10.9,25495
2026-10-01,1453,大將,建材營造,10.9,10.9,10.9,10.9,11353
2026-09-29,1454,台富,紡織纖維,12.25,12.3,12.15,12.15,30096
2026-09-30,1454,台富,紡織纖維,12.25,12.5,12.15,12.2,20501
2026-10-01,1454,台富,紡織纖維,12.35,12.35,12.15,12.15,11668
2026-09-29,1455,集盛,紡織纖維,9.69,9.76,9.66,9.68,520420
2026-09-30,1455,集盛,紡織纖維,9.77,9.95,9.74,9.94,813294
2026-10-01,1455,集盛,紡織纖維,9.94,9.95,9.81,9.84,326384
2026-09-29,1456,怡華,建材營造,14.8,14.8,14.3,14.6,95229
2026-09-30,1456,怡華,建材營造,14.6,14.75,14.35,14.65,70560
2026-10-01,1456,怡華,建材營造,14.6,14.9,14.45,14.8,158906
2026-09-29,1457,宜進,紡織纖維,14.35,14.45,14.3,14.3,75983
2026-09-30,1457,宜進,紡織纖維,14.45,14.45,14.3,14.4,53751
2026-10-01,1457,宜進,紡織纖維,14.3,14.45,14.3,14.45,71418
2026-09-29,1459,聯發,紡織纖維,15.95,16.15,15.9,16.0,98990
2026-09-30,1459,聯發,紡織纖維,16.0,16.7,16.0,16.7,356148
2026-10-01,1459,聯發,紡織纖維,16.75,17.0,16.7,17.0,215213
2026-09-29,1460,宏遠,紡織纖維,6.39,6.39,6.24,6.24,144069
2026-09-30,1460,宏遠,紡織纖維,6.24,6.32,6.24,6.26,421176
2026-10-01,1460,宏遠,紡織纖維,6.25,6.25,6.22,6.23,169811
2026-09-29,1463,強盛新,紡織纖維,17.6,17.6,17.45,17.55,40209
2026-09-30,1463,強盛新,紡織纖維,18.05,18.05,17.35,17.5,34041
2026-10-01,1463,強盛新,紡織纖維,17.5,17.6,17.5,17.5,12067
2026-09-29,1464,得力,紡織纖維,9.98,9.99,9.93,9.94,445668
2026-09-30,1464,得力,紡織纖維,9.95,10.0,9.93,9.98,294368
2026-10-01,1464,得力,紡織纖維,9.98,10.0,9.96,10.0,328472
2026-09-29,1465,偉全,紡織纖維,11.65,11.65,11.45,11.55,73543
2026-09-30,1465,偉全,紡織纖維,11.6,11.65,11.55,11.65,33443
2026-10-01,1465,偉全,紡織纖維,11.6,11.7,11.6,11.65,52021
2026-09-29,1466,聚隆,紡織纖維,14.8,14.9,14.3,14.85,188257
2026-09-30,1466,聚隆,紡織纖維,14.65,14.85,14.65,14.85,179670
2026-10-01,1466,聚隆,紡織纖維,14.85,14.9,14.65,14.7,118037
2026-09-29,1467,南緯,紡織纖維,8.02,8.16,8.02,8.03,65726
2026-09-30,1467,南緯,紡織纖維,8.05,8.1,7.99,8.03,150421
2026-10-01,1467,南緯,紡織纖維,8.02,8.02,7.7,7.94,372161
2026-09-29,1468,昶和,紡織纖維,13.05,13.2,12.85,13.15,59000
2026-09-30,1468,昶和,紡織纖維,13.0,13.5,12.85,13.5,79041
2026-10-01,1468,昶和,紡織纖維,13.35,13.55,13.05,13.55,63000
2026-09-29,1470,大統新創,紡織纖維,23.5,23.5,23.45,23.45,5025
2026-09-30,1470,大統新創,紡織纖維,23.7,24.15,23.7,24.15,60030
2026-10-01,1470,大統新創,紡織纖維,24.15,24.4,24.15,24.4,6000
2026-09-29,1471,首利,電子零組件,9.36,9.4,9.23,9.3,134939
2026-09-30,1471,首利,電子零組件,9.3,9.47,9.3,9.46,258382
2026-10-01,1471,首利,電子零組件,9.46,9.49,9.37,9.49,88354
2026-09-29,1472,三洋實業,建材營造,88.5,88.6,88.1,88.1,25130
2026-09-30,1472,三洋實業,建材營造,89.0,89.0,88.0,88.8,81515
2026-10-01,1472,三洋實業,建材營造,88.8,88.8,88.2,88.8,103196
2026-09-29,1473,台南,紡織纖維,19.5,19.55,19.3,19.3,30004
2026-09-30,1473,台南,紡織纖維,19.3,19.35,19.25,19.25,121246
2026-10-01,1473,台南,紡織纖維,19.3,19.3,19.25,19.25,99306
2026-09-29,1474,弘裕,紡織纖維,10.0,10.05,9.95,10.05,65447
2026-09-30,1474,弘裕,紡織纖維,10.1,10.1,9.96,10.05,80549
2026-10-01,1474,弘裕,紡織纖維,10.05,10.1,9.93,10.05,80621
2026-09-29,1475,業旺,紡織纖維,25.85,26.2,25.8,25.8,25142
2026-09-30,1475,業旺,紡織纖維,25.85,26.25,25.85,26.0,7010
2026-10-01,1475,業旺,紡織纖維,26.15,26.2,26.05,26.05,6000
2026-09-29,1476,儒鴻,紡織纖維,275.5,278.0,273.0,273.0,1313965
2026-09-30,1476,儒鴻,紡織纖維,275.0,275.0,270.5,274.0,1501297
2026-10-01,1476,儒鴻,紡織纖維,275.0,276.5,273.5,274.5,831703
2026-09-29,1477,聚陽,紡織纖維,190.5,192.5,190.0,190.0,518380
2026-09-30,1477,聚陽,紡織纖維,190.5,193.0,189.5,192.0,1246992
2026-10-01,1477,聚陽,紡織纖維,192.0,192.0,189.5,190.5,912315
2026-09-29,1503,士電,電機機械,194.5,197.0,194.0,194.0,803599
2026-09-30,1503,士電,電機機械,197.0,199.0,196.0,197.5,779812
2026-10-01,1503,士電,電機機械,197.5,198.0,196.0,197.5,346701
2026-09-29,1504,東元,電機機械,68.5,69.3,68.5,68.5,3285032
2026-09-30,1504,東元,電機機械,69.4,69.5,69.0,69.1,4881465
2026-10-01,1504,東元,電機機械,69.3,69.4,68.8,69.1,2132864
2026-09-29,1506,正道,電機機械,9.69,9.69,9.56,9.57,264142
2026-09-30,1506,正道,電機機械,9.55,9.58,9.49,9.53,354064
2026-10-01,1506,正道,電機機械,9.53,9.55,9.44,9.5,375836
2026-09-29,1512,瑞利,汽車工業,6.18,6.18,6.05,6.12,31876
2026-09-30,1512,瑞利,汽車工業,6.12,6.23,6.1,6.11,47461
2026-10-01,1512,瑞利,汽車工業,6.11,6.29,6.1,6.2,54716
2026-09-29,1513,中興電,電機機械,166.0,168.5,165.0,167.0,1788378
2026-09-30,1513,中興電,電機機械,168.0,169.0,167.5,168.0,2911349
2026-10-01,1513,中興電,電機機械,169.0,169.0,166.5,166.5,1480846
2026-09-29,1514,亞力,電機機械,101.5,103.5,101.5,102.0,1216690
2026-09-30,1514,亞力,電機機械,103.0,103.5,102.5,102.5,669400
2026-10-01,1514,亞力,電機機械,103.0,103.0,101.5,102.0,553808
2026-09-29,1515,力山,電機機械,29.45,29.5,29.15,29.3,332858
2026-09-30,1515,力山,電機機械,29.6,29.95,29.45,29.8,463662
2026-10-01,1515,力山,電機機械,30.2,30.2,29.1,29.25,501315
2026-09-29,1516,川飛,其他,13.15,13.5,13.15,13.5,27899
2026-09-30,1516,川飛,其他,13.2,13.7,13.2,13.7,16626
2026-10-01,1516,川飛,其他,13.7,13.7,13.4,13.5,17631
2026-09-29,1517,利奇,電機機械,10.3,10.5,10.3,10.35,128242
2026-09-30,1517,利奇,電機機械,10.4,10.55,10.35,10.5,200511
2026-10-01,1517,利奇,電機機械,10.5,10.5,10.3,10.4,157323
2026-09-29,1519,華城,電機機械,718.0,720.0,688.0,688.0,1241444
2026-09-30,1519,華城,電機機械,697.0,703.0,693.0,693.0,1201359
2026-10-01,1519,華城,電機機械,694.0,696.0,687.0,688.0,849523
2026-09-29,1521,大億,汽車工業,26.85,26.85,25.55,25.55,23333
2026-09-30,1521,大億,汽車工業,25.6,26.2,25.6,25.6,29104
2026-10-01,1521,大億,汽車工業,25.85,25.9,25.65,25.8,5274
2026-09-29,1522,堤維西,汽車工業,26.75,26.8,26.5,26.55,346508
2026-09-30,1522,堤維西,汽車工業,26.65,26.85,26.55,26.8,293420
2026-10-01,1522,堤維西,汽車工業,26.95,26.95,26.4,26.45,203560
2026-09-29,1524,耿鼎,汽車工業,25.9,26.2,25.8,25.85,146061
2026-09-30,1524,耿鼎,汽車工業,25.9,26.15,25.85,26.1,231553
2026-10-01,1524,耿鼎,汽車工業,26.15,26.15,25.8,25.95,176035
2026-09-29,1525,江申,汽車工業,63.9,63.9,63.6,63.7,19739
2026-09-30,1525,江申,汽車工業,63.7,64.5,63.7,63.7,7106
2026-10-01,1525,江申,汽車工業,63.8,63.8,63.7,63.7,10199
2026-09-29,1526,日馳,電機機械,14.8,14.85,14.5,14.55,41781
2026-09-30,1526,日馳,電機機械,14.65,15.15,14.6,15.05,131514
2026-10-01,1526,日馳,電機機械,15.0,15.0,14.8,14.95,28704
2026-09-29,1527,鑽全,電機機械,32.65,33.1,32.55,32.6,280870
2026-09-30,1527,鑽全,電機機械,32.65,32.8,32.55,32.7,77100
2026-10-01,1527,鑽全,電機機械,32.7,32.9,32.65,32.8,137401
2026-09-29,1528,恩德,電機機械,24.85,25.8,24.75,25.5,3744186
2026-09-30,1528,恩德,電機機械,25.5,26.5,25.3,25.85,6869318
2026-10-01,1528,恩德,電機機械,25.45,25.55,25.0,25.0,3331136
2026-09-29,1529,樂事綠能,電機機械,15.45,15.7,15.35,15.45,409818
2026-09-30,1529,樂事綠能,電機機械,15.5,16.15,15.5,15.95,1020769
2026-10-01,1529,樂事綠能,電機機械,16.2,16.2,15.65,15.65,437915
2026-09-29,1530,亞崴,電機機械,26.65,26.65,26.45,26.45,22949
2026-09-30,1530,亞崴,電機機械,26.35,26.95,26.35,26.8,16544
2026-10-01,1530,亞崴,電機機械,26.65,26.9,26.65,26.85,11314
2026-09-29,1531,高林股,電機機械,11.65,11.75,11.6,11.6,59839
2026-09-30,1531,高林股,電機機械,11.65,11.8,11.6,11.65,56069
2026-10-01,1531,高林股,電機機械,11.65,11.65,11.45,11.6,82880
2026-09-29,1532,勤美,電機機械,22.35,22.4,22.1,22.1,344891
2026-09-30,1532,勤美,電機機械,22.2,22.4,22.15,22.3,309452
2026-10-01,1532,勤美,電機機械,22.35,22.35,22.15,22.2,206021
2026-09-29,1533,車王電,汽車工業,30.3,30.55,30.3,30.4,50241
2026-09-30,1533,車王電,汽車工業,30.5,30.55,30.05,30.3,127079
2026-10-01,1533,車王電,汽車工業,30.7,30.7,30.4,30.55,54006
2026-09-29,1535,中宇,電機機械,45.25,45.55,45.1,45.55,20045
2026-09-30,1535,中宇,電機機械,45.55,45.85,45.4,45.8,46672
2026-10-01,1535,中宇,電機機械,45.8,45.9,45.3,45.85,15847
2026-09-29,1536,和大,汽車工業,47.0,47.2,46.55,46.55,478397
2026-09-30,1536,和大,汽車工業,46.5,46.95,46.5,46.9,461528
2026-10-01,1536,和大,汽車工業,47.1,47.1,46.5,46.65,510512
2026-09-29,1537,廣隆,電機機械,114.5,115.5,114.5,115.5,71880
2026-09-30,1537,廣隆,電機機械,115.5,115.5,114.5,115.0,131686
2026-10-01,1537,廣隆,電機機械,114.5,115.0,114.0,115.0,143652
2026-09-30,1538,正峰,電機機械,7.48,7.48,7.48,7.48,15937
2026-10-01,1538,正峰,電機機械,7.48,7.83,7.48,7.83,15832
2026-09-29,1539,巨庭,電機機械,15.5,15.5,15.45,15.45,27659
2026-09-30,1539,巨庭,電機機械,15.5,15.6,15.45,15.45,18001
2026-10-01,1539,巨庭,電機機械,15.75,15.8,15.45,15.65,25405
2026-09-29,1540,喬福,電機機械,19.5,19.6,19.35,19.35,90124
2026-09-30,1540,喬福,電機機械,19.35,19.4,19.25,19.3,174910
2026-10-01,1540,喬福,電機機械,19.3,19.5,19.2,19.5,51011
2026-09-29,1541,錩泰,電機機械,20.95,21.0,20.95,21.0,8000
2026-09-30,1541,錩泰,電機機械,21.0,21.0,20.9,20.9,5007
2026-10-01,1541,錩泰,電機機械,20.65,20.85,20.65,20.75,6283
2026-09-29,1558,伸興,電機機械,111.5,114.0,111.5,114.0,171197
2026-09-30,1558,伸興,電機機械,112.5,113.5,111.0,112.5,71838
2026-10-01,1558,伸興,電機機械,112.5,112.5,104.0,112.5,385719
2026-09-29,1560,中砂,電機機械,960.0,977.0,955.0,956.0,1083052
2026-09-30,1560,中砂,電機機械,958.0,971.0,953.0,963.0,1307523
2026-10-01,1560,中砂,電機機械,963.0,1015.0,963.0,1000.0,1592741
2026-09-29,1563,巧新,汽車工業,74.5,78.5,74.5,76.1,615079
2026-09-30,1563,巧新,汽車工業,76.5,77.5,75.6,75.6,236232
2026-10-01,1563,巧新,汽車工業,75.5,76.3,74.8,76.1,196239
2026-09-29,1565,精華,生技醫療,95.6,96.0,95.3,95.9,84730
2026-09-30,1565,精華,生技醫療,95.8,96.7,95.7,96.5,62594
2026-10-01,1565,精華,生技醫療,96.8,96.8,96.1,96.7,83952
2026-09-29,1568,倉佑,汽車工業,30.5,32.85,30.5,32.4,688490
2026-09-30,1568,倉佑,汽車工業,32.25,33.1,32.25,32.8,483918
2026-10-01,1568,倉佑,汽車工業,33.15,33.15,32.25,32.7,365521
2026-09-29,1569,濱川,電腦及週邊,65.0,66.3,63.3,65.0,4375047
2026-09-30,1569,濱川,電腦及週邊,64.6,66.0,61.3,62.6,4462499
2026-10-01,1569,濱川,電腦及週邊,62.7,64.8,61.7,63.8,3416041
2026-09-29,1570,力肯,電機機械,32.15,33.0,31.95,33.0,87255
2026-09-30,1570,力肯,電機機械,33.15,33.35,32.85,33.2,50125
2026-10-01,1570,力肯,電機機械,32.2,33.1,32.2,32.25,11095
2026-09-29,1580,新麥,電機機械,97.1,97.6,97.0,97.1,25322
2026-09-30,1580,新麥,電機機械,97.6,98.0,97.0,97.1,54568
2026-10-01,1580,新麥,電機機械,96.8,97.4,96.7,97.4,26156
2026-09-29,1582,信錦,電子零組件,70.0,70.5,69.5,70.1,281706
2026-09-30,1582,信錦,電子零組件,70.7,72.2,70.7,71.9,409247
2026-10-01,1582,信錦,電子零組件,72.5,72.5,71.0,71.1,214712
2026-09-29,1583,程泰,電機機械,46.95,46.95,46.95,46.95,12038
2026-09-30,1583,程泰,電機機械,47.35,47.45,46.55,46.8,11000
2026-10-01,1583,程泰,電機機械,47.2,47.2,46.5,47.05,8092
2026-09-29,1584,精剛,其他,18.1,18.45,18.0,18.05,498505
2026-09-30,1584,精剛,其他,18.15,19.2,18.15,18.85,1683806
2026-10-01,1584,精剛,其他,18.95,18.95,18.5,18.6,379736
2026-09-29,1586,和勤,電機機械,18.05,18.3,17.9,18.0,205157
2026-09-30,1586,和勤,電機機械,18.05,18.2,17.7,17.9,1237292
2026-10-01,1586,和勤,電機機械,17.95,18.0,17.7,17.9,176783
2026-09-29,1587,吉茂,汽車工業,23.75,24.25,23.75,23.85,140304
2026-09-30,1587,吉茂,汽車工業,23.7,24.45,23.7,24.45,185100
2026-10-01,1587,吉茂,汽車工業,24.6,24.6,23.85,23.85,99688
2026-09-29,1590,亞德客-KY,電機機械,1135.0,1250.0,1135.0,1210.0,943554
2026-09-30,1590,亞德客-KY,電機機械,1220.0,1225.0,1195.0,1200.0,1005155
2026-10-01,1590,亞德客-KY,電機機械,1195.0,1200.0,1175.0,1185.0,668109
2026-09-29,1591,駿吉-KY,電機機械,40.5,41.7,40.5,41.1,259930
2026-09-30,1591,駿吉-KY,電機機械,41.4,43.3,41.4,42.75,389750
2026-10-01,1591,駿吉-KY,電機機械,42.75,42.85,41.25,41.4,226600
2026-09-29,1593,祺驊,運動休閒,31.9,31.9,31.65,31.65,10923
2026-09-30,1593,祺驊,運動休閒,31.7,31.7,31.7,31.7,11011
2026-10-01,1593,祺驊,運動休閒,31.8,32.0,31.7,31.7,23367
2026-09-29,1595,川寶,半導體,77.4,83.0,76.4,77.6,2105424
2026-09-30,1595,川寶,半導體,79.4,85.3,76.2,85.3,5815559
2026-10-01,1595,川寶,半導體,86.0,91.0,81.4,83.3,9124076
2026-09-29,1597,直得,電機機械,133.5,146.5,133.5,146.5,2569668
2026-09-30,1597,直得,電機機械,148.5,155.0,146.0,146.5,3566141
2026-10-01,1597,直得,電機機械,147.0,158.5,141.0,154.5,4660046
2026-09-29,1598,岱宇,運動休閒,20.4,20.65,20.25,20.3,163357
2026-09-30,1598,岱宇,運動休閒,20.4,20.55,20.3,20.5,104908
2026-10-01,1598,岱宇,運動休閒,20.5,20.55,20.4,20.55,103610
2026-09-29,1599,宏佳騰,電機機械,23.2,23.25,23.0,23.0,4730
2026-09-30,1599,宏佳騰,電機機械,23.2,23.2,22.9,23.05,14088
2026-10-01,1599,宏佳騰,電機機械,23.1,23.1,22.9,23.1,33156
2026-09-29,1603,華電,電器電纜,29.9,30.35,29.2,30.05,155153
2026-09-30,1603,華電,電器電纜,30.35,30.85,30.15,30.6,256741
2026-10-01,1603,華電,電器電纜,30.65,30.75,30.4,30.65,151204
2026-09-29,1604,聲寶,電器電纜,23.45,23.45,23.3,23.3,166022
2026-09-30,1604,聲寶,電器電纜,23.3,23.5,23.3,23.45,132639
2026-10-01,1604,聲寶,電器電纜,23.45,23.5,23.3,23.35,155413
2026-09-29,1605,華新,電器電纜,36.75,36.95,36.25,36.35,9511965
2026-09-30,1605,華新,電器電纜,36.8,38.8,36.75,38.4,42069458
2026-10-01,1605,華新,電器電纜,39.05,39.1,38.0,38.55,34858998
2026-09-29,1608,華榮,電器電纜,35.8,36.0,35.2,35.2,1543165
2026-09-30,1608,華榮,電器電纜,35.5,36.35,35.4,36.25,2427498
2026-10-01,1608,華榮,電器電纜,36.3,36.4,35.75,35.95,1428176
2026-09-29,1609,大亞,電器電纜,38.0,38.55,37.75,38.5,4993226
2026-09-30,1609,大亞,電器電纜,38.5,39.0,38.4,38.75,4929151
2026-10-01,1609,大亞,電器電纜,39.25,39.3,38.25,38.7,4848716
2026-09-29,1611,中電,電器電纜,11.35,11.4,11.3,11.35,415734
2026-09-30,1611,中電,電器電纜,11.35,11.6,11.35,11.55,756518
2026-10-01,1611,中電,電器電纜,11.5,11.55,11.35,11.45,407999
2026-09-29,1612,宏泰,電器電纜,35.1,35.4,35.1,35.35,535101
2026-09-30,1612,宏泰,電器電纜,35.45,35.75,35.45,35.7,1257378
2026-10-01,1612,宏泰,電器電纜,35.7,35.7,35.05,35.15,598564
2026-09-29,1614,三洋電,電器電纜,31.15,31.15,31.0,31.05,116382
2026-09-30,1614,三洋電,電器電纜,31.05,31.25,30.9,31.15,101924
2026-10-01,1614,三洋電,電器電纜,31.15,31.25,30.9,31.25,55732
2026-09-29,1615,大山,電器電纜,43.0,43.35,42.6,42.6,92718
2026-09-30,1615,大山,電器電纜,42.65,43.0,42.65,42.95,96846
2026-10-01,1615,大山,電器電纜,42.95,42.95,42.45,42.7,125204
2026-09-29,1616,億泰,電器電纜,18.3,18.5,18.15,18.3,105222
2026-09-30,1616,億泰,電器電纜,18.5,18.7,18.35,18.65,193401
2026-10-01,1616,億泰,電器電纜,18.7,18.7,18.35,18.35,190591
2026-09-29,1617,榮星,電器電纜,21.0,21.9,20.95,21.9,1391792
2026-09-30,1617,榮星,電器電纜,22.75,24.05,22.4,24.05,6232917
2026-10-01,1617,榮星,電器電纜,24.9,26.45,24.4,24.8,9152630
2026-09-29,1618,合機,電器電纜,38.8,38.8,38.3,38.35,241741
2026-09-30,1618,合機,電器電纜,38.7,39.0,38.5,38.95,276774
2026-10-01,1618,合機,電器電纜,39.0,39.05,38.8,38.8,232698
2026-09-29,1623,大東電,電器電纜,199.0,199.0,197.5,198.0,27900
2026-09-30,1623,大東電,電器電纜,200.5,202.0,200.0,200.5,51926
2026-10-01,1623,大東電,電器電纜,199.0,199.5,197.5,198.5,38560
2026-09-29,1626,艾美特-KY,電器電纜,9.58,9.84,9.58,9.6,60103
2026-09-30,1626,艾美特-KY,電器電纜,9.56,9.79,9.56,9.6,36723
2026-10-01,1626,艾美特-KY,電器電纜,9.8,9.8,9.7,9.72,13550
2026-09-29,1702,南僑,食品工業,33.0,33.1,32.95,32.95,134137
2026-09-30,1702,南僑,食品工業,33.0,33.1,32.95,33.05,173534
2026-10-01,1702,南僑,食品工業,33.0,34.0,32.85,33.45,227316
2026-09-29,1707,葡萄王,生技醫療,87.0,87.1,85.9,85.9,427733
2026-09-30,1707,葡萄王,生技醫療,85.9,86.4,85.7,85.7,271255
2026-10-01,1707,葡萄王,生技醫療,85.6,85.6,85.1,85.5,291489
2026-09-29,1708,東鹼,化學工業,52.5,53.4,51.7,52.0,4663111
2026-09-30,1708,東鹼,化學工業,52.5,54.5,52.1,53.8,7804224
2026-10-01,1708,東鹼,化學工業,53.8,54.0,53.0,53.6,3644386
2026-09-29,1709,和益,化學工業,43.5,44.95,43.2,44.0,27159406
2026-09-30,1709,和益,化學工業,44.1,48.4,44.0,48.4,46895616
2026-10-01,1709,和益,化學工業,51.8,53.2,51.6,53.2,28453763
2026-09-29,1710,東聯,化學工業,16.4,16.9,16.35,16.55,3644785
2026-09-30,1710,東聯,化學工業,16.6,16.85,16.5,16.75,4001262
2026-10-01,1710,東聯,化學工業,16.7,17.3,16.6,17.0,5875087
2026-09-29,1711,永光,化學工業,38.65,40.75,38.65,40.55,5053634
2026-09-30,1711,永光,化學工業,41.0,41.55,40.6,40.9,4703451
2026-10-01,1711,永光,化學工業,41.1,41.1,39.85,40.55,2699361
2026-09-29,1712,興農,化學工業,39.85,40.05,39.6,39.6,586602
2026-09-30,1712,興農,化學工業,39.7,39.9,39.65,39.8,315842
2026-10-01,1712,興農,化學工業,39.8,39.8,39.65,39.65,364657
2026-09-29,1713,國化,化學工業,41.5,41.9,41.45,41.8,123591
2026-09-30,1713,國化,化學工業,41.8,42.7,41.75,42.45,341316
2026-10-01,1713,國化,化學工業,42.5,42.6,42.2,42.45,86205
2026-09-29,1714,和桐,化學工業,15.75,15.9,15.6,15.75,3601474
2026-09-30,1714,和桐,化學工業,16.0,16.7,16.0,16.5,12665645
2026-10-01,1714,和桐,化學工業,16.6,16.6,16.2,16.2,6256321
2026-09-29,1717,長興,化學工業,71.4,73.1,71.4,72.5,6975970
2026-09-30,1717,長興,化學工業,73.3,75.0,73.2,74.0,11731553
2026-10-01,1717,長興,化學工業,74.6,74.9,73.2,73.5,7328417
2026-09-29,1718,中纖,化學工業,10.5,10.7,10.5,10.55,5005317
2026-09-30,1718,中纖,化學工業,10.6,10.95,10.55,10.85,16182557
2026-10-01,1718,中纖,化學工業,10.8,10.9,10.55,10.65,10229352
2026-09-29,1720,生達,生技醫療,56.2,56.3,56.0,56.1,125048
2026-09-30,1720,生達,生技醫療,56.1,56.3,55.9,56.3,92624
2026-10-01,1720,生達,生技醫療,56.1,56.1,55.9,56.1,74151
2026-09-29,1721,國慶科技,化學工業,24.3,26.45,24.15,26.1,4078788
2026-09-30,1721,國慶科技,化學工業,25.9,26.65,25.6,26.45,3916189
2026-10-01,1721,國慶科技,化學工業,26.0,27.5,25.75,26.6,3409492
2026-09-29,1722,台肥,化學工業,41.35,41.45,40.95,41.15,2888528
2026-09-30,1722,台肥,化學工業,41.35,41.75,41.15,41.55,1760588
2026-10-01,1722,台肥,化學工業,41.5,41.6,41.15,41.15,1602478
2026-09-29,1723,中碳,化學工業,80.5,82.2,80.0,80.0,536994
2026-09-30,1723,中碳,化學工業,80.4,81.3,80.4,80.7,381879
2026-10-01,1723,中碳,化學工業,80.6,81.0,79.5,79.7,767219
2026-09-29,1725,元禎,化學工業,34.0,34.5,33.85,34.0,40001
2026-09-30,1725,元禎,化學工業,34.4,34.4,34.0,34.15,36001
2026-10-01,1725,元禎,化學工業,34.05,34.35,33.5,33.5,38197
2026-09-29,1726,永記,化學工業,76.4,76.4,76.2,76.2,18289
2026-09-30,1726,永記,化學工業,76.4,76.5,76.3,76.5,13203
2026-10-01,1726,永記,化學工業,76.3,76.6,76.2,76.5,13130
2026-09-29,1727,中華化,化學工業,113.0,122.0,104.0,118.5,29773336
2026-09-30,1727,中華化,化學工業,117.0,117.0,108.0,109.0,29883184
2026-10-01,1727,中華化,化學工業,108.0,116.0,105.5,112.0,18550381
2026-09-29,1730,花仙子,化學工業,51.2,51.3,51.2,51.2,21368
2026-09-30,1730,花仙子,化學工業,51.1,51.2,51.1,51.2,33165
2026-10-01,1730,花仙子,化學工業,51.2,51.3,51.2,51.3,29960
2026-09-29,1731,美吾華,生技醫療,20.9,20.9,20.7,20.85,131235
2026-09-30,1731,美吾華,生技醫療,20.8,20.95,20.7,20.9,201621
2026-10-01,1731,美吾華,生技醫療,20.9,20.9,20.75,20.85,67690
2026-09-29,1732,毛寶,化學工業,26.05,26.1,25.85,25.95,56322
2026-09-30,1732,毛寶,化學工業,26.05,26.25,25.9,26.15,181113
2026-10-01,1732,毛寶,化學工業,26.15,26.15,25.95,26.0,34514
2026-09-29,1733,五鼎,生技醫療,30.0,30.1,29.35,29.45,269231
2026-09-30,1733,五鼎,生技醫療,29.35,29.7,29.3,29.6,106719
2026-10-01,1733,五鼎,生技醫療,29.7,29.9,29.5,29.85,79199
2026-09-29,1734,杏輝,生技醫療,31.9,32.1,31.75,32.1,128119
2026-09-30,1734,杏輝,生技醫療,31.75,32.1,31.75,32.1,107102
2026-10-01,1734,杏輝,生技醫療,31.85,32.1,31.8,32.1,157024
2026-09-29,1735,日勝化,化學工業,20.25,20.25,20.05,20.05,16457
2026-09-30,1735,日勝化,化學工業,20.4,20.5,20.2,20.2,31602
2026-10-01,1735,日勝化,化學工業,20.4,20.55,20.15,20.15,51610
2026-09-29,1736,喬山,運動休閒,129.0,132.5,128.0,128.0,398602
2026-09-30,1736,喬山,運動休閒,129.0,130.0,127.5,128.5,270466
2026-10-01,1736,喬山,運動休閒,130.0,130.0,127.0,127.5,100252
2026-09-29,1737,臺鹽,食品工業,30.1,30.2,29.95,29.95,192863
2026-09-30,1737,臺鹽,食品工業,30.05,30.1,29.95,30.05,150145
2026-10-01,1737,臺鹽,食品工業,30.1,30.1,30.0,30.0,102338
2026-09-29,1742,台蠟,化學工業,18.25,18.25,17.4,17.7,17541
2026-09-30,1742,台蠟,化學工業,17.85,17.85,17.5,17.6,69945
2026-10-01,1742,台蠟,化學工業,17.85,17.85,17.45,17.8,52908
2026-09-29,1752,南光,生技醫療,31.35,31.5,31.3,31.35,30284
2026-09-30,1752,南光,生技醫療,31.4,31.5,31.4,31.5,27600
2026-10-01,1752,南光,生技醫療,31.45,31.55,31.35,31.35,66550
2026-09-29,1760,寶齡富錦,生技醫療,54.0,54.8,53.9,53.9,95411
2026-09-30,1760,寶齡富錦,生技醫療,54.6,54.6,54.1,54.6,105446
2026-10-01,1760,寶齡富錦,生技醫療,54.3,54.7,54.3,54.6,117063
2026-09-29,1762,中化生,生技醫療,33.5,34.0,33.5,33.7,41752
2026-09-30,1762,中化生,生技醫療,34.5,34.5,33.8,34.35,51529
2026-10-01,1762,中化生,生技醫療,34.45,34.45,33.85,33.95,22332
2026-09-29,1773,勝一,化學工業,164.5,169.5,164.0,167.5,908342
2026-09-30,1773,勝一,化學工業,169.5,172.0,167.5,167.5,1291274
2026-10-01,1773,勝一,化學工業,168.0,171.5,167.0,167.5,512879
2026-09-29,1776,展宇,化學工業,18.4,18.4,17.9,18.2,14993
2026-09-30,1776,展宇,化學工業,18.25,18.25,17.9,18.15,27010
2026-10-01,1776,展宇,化學工業,18.35,18.35,17.8,18.05,29014
2026-09-29,1777,生泰,生技醫療,73.6,74.1,73.6,74.0,12500
2026-09-30,1777,生泰,生技醫療,74.0,74.0,73.9,73.9,4050
2026-10-01,1777,生泰,生技醫療,74.2,74.3,73.6,74.3,23174
2026-09-29,1780,立弘,食品工業,24.6,25.2,24.5,25.2,81750
2026-09-30,1780,立弘,食品工業,24.95,25.3,24.65,25.3,127450
2026-10-01,1780,立弘,食品工業,25.15,25.6,25.1,25.25,190966
2026-09-29,1781,合世,生技醫療,10.0,10.0,9.99,9.99,18027
2026-09-30,1781,合世,生技醫療,9.82,9.99,9.82,9.99,21011
2026-10-01,1781,合世,生技醫療,9.99,9.99,9.91,9.99,30015
2026-09-29,1783,和康生,生技醫療,36.45,37.0,36.45,36.65,25800
2026-09-30,1783,和康生,生技醫療,37.05,37.25,36.8,37.25,72471
2026-10-01,1783,和康生,生技醫療,36.9,37.35,36.9,37.35,43420
2026-09-29,1784,訊聯,生技醫療,61.7,61.9,60.9,61.3,50918
2026-09-30,1784,訊聯,生技醫療,60.4,61.3,60.4,61.2,81105
2026-10-01,1784,訊聯,生技醫療,60.6,60.7,59.9,60.4,45934
2026-09-29,1785,光洋科,其他電子,95.8,99.8,95.5,98.0,4865877
2026-09-30,1785,光洋科,其他電子,98.9,103.5,98.6,100.5,9349480
2026-10-01,1785,光洋科,其他電子,101.5,103.0,99.3,101.0,5968342
2026-09-29,1786,科妍,生技醫療,42.5,43.15,42.5,42.65,92188
2026-09-30,1786,科妍,生技醫療,43.0,43.5,43.0,43.3,150930
2026-10-01,1786,科妍,生技醫療,43.3,43.55,42.8,43.25,97010
2026-09-29,1788,杏昌,生技醫療,128.0,128.0,128.0,128.0,14685
2026-09-30,1788,杏昌,生技醫療,128.5,128.5,128.0,128.0,5212
2026-10-01,1788,杏昌,生技醫療,128.0,128.0,127.5,127.5,13851
2026-09-29,1789,神隆,生技醫療,18.5,18.9,18.5,18.55,178229
2026-09-30,1789,神隆,生技醫療,18.7,19.1,18.65,18.95,344088
2026-10-01,1789,神隆,生技醫療,18.8,18.95,18.7,18.8,277794
2026-09-29,1795,美時,生技醫療,178.0,179.0,177.0,177.5,477261
2026-09-30,1795,美時,生技醫療,178.0,179.5,177.5,179.0,733951
2026-10-01,1795,美時,生技醫療,177.5,180.0,177.0,177.0,681616
2026-09-29,1796,金穎生技,食品工業,29.75,29.75,28.8,28.8,9254
2026-09-30,1796,金穎生技,食品工業,29.3,29.3,29.0,29.15,6303
2026-10-01,1796,金穎生技,食品工業,29.2,30.4,29.05,30.3,61035
2026-09-29,1799,易威,生技醫療,28.7,28.8,28.35,28.4,167649
2026-09-30,1799,易威,生技醫療,28.6,29.1,28.45,29.0,116875
2026-10-01,1799,易威,生技醫療,29.0,29.0,28.65,28.95,77355
2026-09-29,1802,台玻,玻璃陶瓷,58.0,58.4,57.3,57.6,7975945
2026-09-30,1802,台玻,玻璃陶瓷,58.4,60.2,57.9,59.9,23784387
2026-10-01,1802,台玻,玻璃陶瓷,60.0,60.0,58.3,58.8,15496264
2026-09-29,1805,寶徠,建材營造,10.25,10.25,9.96,10.05,192799
2026-09-30,1805,寶徠,建材營造,10.05,10.1,9.96,10.05,129495
2026-10-01,1805,寶徠,建材營造,10.05,10.1,10.0,10.1,27124
2026-09-29,1806,冠軍,玻璃陶瓷,7.98,8.02,7.93,7.94,62887
2026-09-30,1806,冠軍,玻璃陶瓷,7.99,8.01,7.94,8.0,151784
2026-10-01,1806,冠軍,玻璃陶瓷,7.99,7.99,7.88,7.92,344515
2026-09-29,1808,潤隆,建材營造,31.7,31.95,31.6,31.6,511395
2026-09-30,1808,潤隆,建材營造,31.75,31.75,31.25,31.65,690982
2026-10-01,1808,潤隆,建材營造,31.7,32.0,31.4,31.7,1385047
2026-09-29,1809,中釉,玻璃陶瓷,45.1,47.25,43.05,45.0,30009242
2026-09-30,1809,中釉,玻璃陶瓷,45.1,48.6,45.05,47.85,19478355
2026-10-01,1809,中釉,玻璃陶瓷,47.0,47.75,45.55,45.75,5728368
2026-09-29,1810,和成,玻璃陶瓷,24.0,24.15,23.65,23.7,1046015
2026-09-30,1810,和成,玻璃陶瓷,24.0,24.6,23.8,24.45,2605886
2026-10-01,1810,和成,玻璃陶瓷,24.45,24.45,23.95,24.0,1319890
2026-09-29,1813,寶利徠,生技醫療,11.3,11.35,11.3,11.3,7666
2026-09-30,1813,寶利徠,生技醫療,11.3,11.3,11.3,11.3,7942
2026-10-01,1813,寶利徠,生技醫療,11.3,11.3,11.3,11.3,6838
2026-09-29,1815,富喬,電子零組件,115.0,117.0,113.0,116.0,17119376
2026-09-30,1815,富喬,電子零組件,117.0,117.5,116.0,116.0,16579982
2026-10-01,1815,富喬,電子零組件,117.0,119.5,113.5,116.0,31721995
2026-09-29,1817,凱撒衛,玻璃陶瓷,40.1,40.1,39.85,39.85,48076
2026-09-30,1817,凱撒衛,玻璃陶瓷,39.85,40.1,39.8,39.85,30163
2026-10-01,1817,凱撒衛,玻璃陶瓷,40.15,40.15,40.0,40.0,16995
2026-09-29,1903,士紙,造紙工業,47.3,47.5,47.0,47.0,61723
2026-09-30,1903,士紙,造紙工業,47.0,47.8,47.0,47.8,78429
2026-10-01,1903,士紙,造紙工業,47.7,47.8,47.25,47.65,24918
2026-09-29,1904,正隆,造紙工業,25.0,25.05,24.05,24.25,2418384
2026-09-30,1904,正隆,造紙工業,24.3,24.7,24.3,24.6,1196699
2026-10-01,1904,正隆,造紙工業,24.6,24.6,24.05,24.1,2000585
2026-09-29,1905,華紙,造紙工業,13.2,13.3,12.8,12.85,3133256
2026-09-30,1905,華紙,造紙工業,12.95,13.15,12.9,13.05,2106374
2026-10-01,1905,華紙,造紙工業,13.1,13.1,12.65,12.8,4228154
2026-09-29,1906,寶隆,造紙工業,10.75,10.85,10.7,10.8,38292
2026-09-30,1906,寶隆,造紙工業,10.9,10.9,10.6,10.9,68443
2026-10-01,1906,寶隆,造紙工業,10.85,10.85,10.75,10.8,29188
2026-09-29,1907,永豐餘,造紙工業,28.25,28.35,27.9,27.9,1306075
2026-09-30,1907,永豐餘,造紙工業,27.95,28.45,27.95,28.4,732317
2026-10-01,1907,永豐餘,造紙工業,28.4,28.4,27.75,28.0,1143383
2026-09-29,1909,榮成,造紙工業,10.05,10.2,10.05,10.05,1358907
2026-09-30,1909,榮成,造紙工業,10.05,10.35,10.05,10.3,2014017
2026-10-01,1909,榮成,造紙工業,10.25,10.35,10.1,10.2,1189488
2026-09-29,2002,中鋼,鋼鐵工業,18.8,19.1,18.75,18.8,36951740
2026-09-30,2002,中鋼,鋼鐵工業,18.95,19.25,18.9,19.2,90608564
2026-10-01,2002,中鋼,鋼鐵工業,19.2,19.25,18.85,18.95,38390897
2026-09-29,2006,東和鋼鐵,鋼鐵工業,87.9,88.0,85.4,85.4,1997985
2026-09-30,2006,東和鋼鐵,鋼鐵工業,85.4,87.0,84.2,85.4,2294770
2026-10-01,2006,東和鋼鐵,鋼鐵工業,85.6,86.7,84.1,84.6,2447124
2026-09-29,2007,燁興,鋼鐵工業,6.93,7.03,6.88,6.9,283063
2026-09-30,2007,燁興,鋼鐵工業,6.99,7.02,6.96,7.0,300167
2026-10-01,2007,燁興,鋼鐵工業,7.01,7.05,6.91,7.0,231238
2026-09-29,2008,高興昌,鋼鐵工業,30.6,30.6,30.5,30.5,13251
2026-09-30,2008,高興昌,鋼鐵工業,30.6,31.1,30.6,31.1,14409
2026-10-01,2008,高興昌,鋼鐵工業,30.55,30.85,30.55,30.85,5244
2026-09-29,2009,第一銅,鋼鐵工業,39.55,40.45,39.15,39.15,1672790
2026-09-30,2009,第一銅,鋼鐵工業,39.2,40.2,39.2,40.0,2129405
2026-10-01,2009,第一銅,鋼鐵工業,40.0,40.0,39.15,39.3,1229356
2026-09-29,2010,春源,鋼鐵工業,22.35,22.8,22.35,22.45,1729221
2026-09-30,2010,春源,鋼鐵工業,22.65,23.1,22.65,23.0,2630914
2026-10-01,2010,春源,鋼鐵工業,23.0,23.1,22.4,22.5,1526972
2026-09-29,2012,春雨,鋼鐵工業,14.45,14.45,14.15,14.15,77143
2026-09-30,2012,春雨,鋼鐵工業,14.4,14.55,14.15,14.4,83056
2026-10-01,2012,春雨,鋼鐵工業,14.4,14.4,14.2,14.35,29406
2026-09-29,2013,中鋼構,鋼鐵工業,41.1,41.45,41.0,41.2,49044
2026-09-30,2013,中鋼構,鋼鐵工業,41.5,41.7,41.4,41.6,65633
2026-10-01,2013,中鋼構,鋼鐵工業,41.35,41.6,41.3,41.5,32397
2026-09-29,2014,中鴻,鋼鐵工業,16.85,17.2,16.75,16.8,4542538
2026-09-30,2014,中鴻,鋼鐵工業,16.9,17.4,16.9,17.4,6303314
2026-10-01,2014,中鴻,鋼鐵工業,17.45,17.45,16.95,17.1,2893468
2026-09-29,2015,豐興,鋼鐵工業,64.6,64.6,63.1,63.1,269986
2026-09-30,2015,豐興,鋼鐵工業,63.2,64.3,63.2,64.2,269520
2026-10-01,2015,豐興,鋼鐵工業,64.3,64.3,63.9,64.2,75885
2026-09-29,2017,官田鋼,鋼鐵工業,8.98,9.12,8.92,8.92,372566
2026-09-30,2017,官田鋼,鋼鐵工業,8.95,9.24,8.95,9.13,971752
2026-10-01,2017,官田鋼,鋼鐵工業,9.13,9.13,8.96,9.09,252574
2026-09-29,2020,美亞,鋼鐵工業,22.5,24.3,22.5,24.3,5753984
2026-09-30,2020,美亞,鋼鐵工業,26.7,26.7,26.65,26.7,5306101
2026-10-01,2020,美亞,鋼鐵工業,29.2,29.25,26.0,26.2,21074637
2026-09-29,2022,聚亨,鋼鐵工業,7.2,7.49,7.18,7.3,301203
2026-09-30,2022,聚亨,鋼鐵工業,7.22,7.35,7.22,7.33,198729
2026-10-01,2022,聚亨,鋼鐵工業,7.33,7.36,7.21,7.34,208884
2026-09-29,2023,燁輝,鋼鐵工業,13.65,13.85,13.55,13.55,1159080
2026-09-30,2023,燁輝,鋼鐵工業,13.7,13.8,13.7,13.75,1279312
2026-10-01,2023,燁輝,鋼鐵工業,13.85,14.1,13.75,13.8,1896256
2026-09-29,2024,志聯,鋼鐵工業,12.9,12.9,12.75,12.75,5397
2026-09-30,2024,志聯,鋼鐵工業,12.75,12.9,12.75,12.9,12230
2026-10-01,2024,志聯,鋼鐵工業,12.9,13.45,12.9,13.3,43413
2026-09-29,2025,千興,鋼鐵工業,13.3,14.05,13.1,13.35,2029531
2026-09-30,2025,千興,鋼鐵工業,13.5,14.65,13.4,14.65,4961003
2026-10-01,2025,千興,鋼鐵工業,14.85,15.0,13.7,14.05,4380086
2026-09-29,2027,大成鋼,鋼鐵工業,47.6,48.8,47.0,47.15,12474332
2026-09-30,2027,大成鋼,鋼鐵工業,47.5,48.35,47.25,47.45,9157975
2026-10-01,2027,大成鋼,鋼鐵工業,48.2,49.1,47.7,48.05,15670981
2026-09-29,2028,威致,鋼鐵工業,16.5,17.05,16.05,16.6,224787
2026-09-30,2028,威致,鋼鐵工業,16.65,17.15,16.6,17.15,453189
2026-10-01,2028,威致,鋼鐵工業,17.15,17.25,16.6,16.6,237108
2026-09-29,2029,盛餘,鋼鐵工業,21.55,22.25,21.45,22.15,824545
2026-09-30,2029,盛餘,鋼鐵工業,22.4,22.8,22.3,22.45,947984
2026-10-01,2029,盛餘,鋼鐵工業,22.65,22.8,21.85,22.0,510760
2026-09-29,2030,彰源,鋼鐵工業,33.4,33.4,33.4,33.4,5239284
2026-09-30,2030,彰源,鋼鐵工業,36.6,36.7,36.0,36.7,19477677
2026-10-01,2030,彰源,鋼鐵工業,37.2,40.0,36.05,37.65,70647596
2026-09-29,2031,新光鋼,鋼鐵工業,46.0,46.85,45.1,45.7,1842390
2026-09-30,2031,新光鋼,鋼鐵工業,45.7,46.5,45.7,46.5,1042897
2026-10-01,2031,新光鋼,鋼鐵工業,46.9,47.0,46.05,46.2,753695
2026-09-29,2032,新鋼,鋼鐵工業,18.9,20.4,18.8,19.9,12313640
2026-09-30,2032,新鋼,鋼鐵工業,20.15,21.0,19.95,20.3,8296361
2026-10-01,2032,新鋼,鋼鐵工業,20.3,20.9,19.15,19.6,5176631
2026-09-29,2033,佳大,鋼鐵工業,36.8,39.95,36.5,38.5,5178933
2026-09-30,2033,佳大,鋼鐵工業,38.85,42.35,38.65,42.35,3593142
2026-10-01,2033,佳大,鋼鐵工業,45.1,46.55,44.0,46.55,1489009
2026-09-29,2034,允強,鋼鐵工業,23.1,25.0,22.85,23.4,17704386
2026-09-30,2034,允強,鋼鐵工業,24.1,25.0,23.8,24.8,18962893
2026-10-01,2034,允強,鋼鐵工業,24.7,24.9,23.4,23.6,9284967
2026-09-30,2035,唐榮,鋼鐵工業,26.5,26.5,26.5,26.5,2093
2026-10-01,2035,唐榮,鋼鐵工業,26.9,26.9,26.9,26.9,1025
2026-09-29,2038,海光,鋼鐵工業,12.6,13.3,12.55,12.65,1265575
2026-09-30,2038,海光,鋼鐵工業,12.75,13.2,12.75,13.2,747233
2026-10-01,2038,海光,鋼鐵工業,13.2,13.3,12.75,12.9,474343
2026-09-29,2049,上銀,電機機械,326.0,338.5,325.5,335.5,2189754
2026-09-30,2049,上銀,電機機械,338.5,343.0,334.5,335.0,1637089
2026-10-01,2049,上銀,電機機械,336.0,337.5,332.5,335.0,1302617
2026-09-29,2059,川湖,電子零組件,12350.0,12550.0,11900.0,12115.0,448531
2026-09-30,2059,川湖,電子零組件,12350.0,12785.0,12055.0,12055.0,375310
2026-10-01,2059,川湖,電子零組件,12270.0,12270.0,11760.0,11835.0,339243
2026-09-29,2061,風青,電器電纜,54.4,59.4,54.3,59.4,1926700
2026-09-30,2061,風青,電器電纜,60.4,63.3,59.2,59.8,4832541
2026-10-01,2061,風青,電器電纜,60.0,65.0,60.0,61.7,3263880
2026-09-29,2062,橋椿,居家生活,18.0,18.1,17.95,18.0,150971
2026-09-30,2062,橋椿,居家生活,18.15,18.2,18.05,18.05,51090
2026-10-01,2062,橋椿,居家生活,18.05,18.2,18.0,18.0,111204
2026-09-29,2063,世鎧,鋼鐵工業,23.7,23.7,23.45,23.45,57031
2026-09-30,2063,世鎧,鋼鐵工業,23.55,23.55,23.25,23.5,35158
2026-10-01,2063,世鎧,鋼鐵工業,24.15,24.15,23.5,23.6,13154
2026-09-29,2064,晉椿,鋼鐵工業,11.7,12.2,11.7,11.9,300003
2026-10-01,2064,晉椿,鋼鐵工業,11.95,12.25,11.8,12.0,350000
2026-09-29,2065,世豐,鋼鐵工業,35.05,35.15,35.0,35.15,33992
2026-09-30,2065,世豐,鋼鐵工業,35.4,35.8,35.2,35.55,48518
2026-10-01,2065,世豐,鋼鐵工業,35.95,35.95,35.55,35.65,36359
2026-09-29,2066,世德,電機機械,52.3,52.9,52.3,52.7,17129
2026-09-30,2066,世德,電機機械,52.4,52.6,52.2,52.2,15053
2026-10-01,2066,世德,電機機械,52.2,52.3,51.5,51.7,23000
2026-09-29,2067,嘉鋼,電機機械,5.02,5.23,5.02,5.2,10001
2026-09-30,2067,嘉鋼,電機機械,5.39,5.39,4.78,4.91,50891
2026-10-01,2067,嘉鋼,電機機械,4.91,5.1,4.71,4.91,108296
2026-09-29,2069,運錩,鋼鐵工業,25.95,27.2,25.9,26.5,2256458
2026-09-30,2069,運錩,鋼鐵工業,26.7,27.35,26.35,26.7,2227220
2026-10-01,2069,運錩,鋼鐵工業,26.65,27.2,25.35,25.75,1821078
2026-09-29,2070,精湛,電機機械,61.5,63.8,61.5,62.8,91389
2026-09-30,2070,精湛,電機機械,63.2,63.6,62.5,63.3,69489
2026-10-01,2070,精湛,電機機械,62.8,63.7,62.2,63.0,100277
2026-09-29,2072,世紀風電,綠能環保,128.5,133.0,128.0,131.5,261627
2026-09-30,2072,世紀風電,綠能環保,132.0,133.0,131.0,131.5,123671
2026-10-01,2072,世紀風電,綠能環保,132.5,134.5,132.0,134.0,207748
2026-09-29,2073,雄順,鋼鐵工業,25.2,25.2,25.2,25.2,1000
2026-09-30,2073,雄順,鋼鐵工業,25.25,25.25,25.2,25.2,3000
2026-10-01,2073,雄順,鋼鐵工業,25.4,25.8,25.4,25.8,2124
2026-09-29,2101,南港,橡膠工業,29.8,30.1,29.75,29.8,1292890
2026-09-30,2101,南港,橡膠工業,30.0,30.0,29.7,29.9,1676417
2026-10-01,2101,南港,橡膠工業,30.1,30.1,29.65,29.65,1688108
2026-09-29,2102,泰豐,橡膠工業,16.35,16.4,16.25,16.3,287960
2026-09-30,2102,泰豐,橡膠工業,16.35,16.55,16.35,16.55,224249
2026-10-01,2102,泰豐,橡膠工業,16.6,16.85,16.55,16.85,373982
2026-09-29,2103,台橡,橡膠工業,27.8,28.0,27.4,27.4,2596683
2026-09-30,2103,台橡,橡膠工業,27.5,28.2,27.5,28.15,2618484
2026-10-01,2103,台橡,橡膠工業,28.1,28.2,27.7,27.95,1423826
2026-09-29,2104,國際中橡,橡膠工業,11.1,11.4,10.65,10.7,6186219
2026-09-30,2104,國際中橡,橡膠工業,10.8,11.2,10.75,11.15,5196783
2026-10-01,2104,國際中橡,橡膠工業,11.05,11.35,10.95,11.0,3126051
2026-09-29,2105,正新,橡膠工業,30.2,30.5,30.1,30.1,3385450
2026-09-30,2105,正新,橡膠工業,30.2,30.7,30.2,30.65,5030299
2026-10-01,2105,正新,橡膠工業,30.6,30.85,30.5,30.55,3575667
2026-09-29,2106,建大,橡膠工業,16.65,16.7,16.45,16.45,749249
2026-09-30,2106,建大,橡膠工業,16.5,16.65,16.45,16.65,533046
2026-10-01,2106,建大,橡膠工業,16.65,16.75,16.6,16.65,300105
2026-09-29,2107,厚生,橡膠工業,26.75,27.05,26.75,26.8,192914
2026-09-30,2107,厚生,橡膠工業,27.0,27.05,26.8,27.0,272160
2026-10-01,2107,厚生,橡膠工業,26.9,27.05,26.8,26.95,400598
2026-09-29,2108,南帝,橡膠工業,28.6,28.95,28.15,28.2,458121
2026-09-30,2108,南帝,橡膠工業,28.25,28.75,28.25,28.75,340904
2026-10-01,2108,南帝,橡膠工業,28.75,28.75,28.25,28.35,452033
2026-09-29,2109,華豐,橡膠工業,14.65,14.65,14.35,14.35,311170
2026-09-30,2109,華豐,橡膠工業,14.45,14.45,14.2,14.4,166561
2026-10-01,2109,華豐,橡膠工業,14.4,14.4,14.3,14.4,72070
2026-09-29,2114,鑫永銓,橡膠工業,89.5,89.8,89.5,89.7,22383
2026-09-30,2114,鑫永銓,橡膠工業,89.7,89.9,89.6,89.9,16450
2026-10-01,2114,鑫永銓,橡膠工業,89.7,90.0,89.3,90.0,9392
2026-09-29,2115,六暉-KY,汽車工業,23.95,23.95,23.65,23.7,39315
2026-09-30,2115,六暉-KY,汽車工業,23.7,23.9,23.7,23.9,87805
2026-10-01,2115,六暉-KY,汽車工業,23.9,23.95,23.7,23.85,34888
2026-09-29,2201,裕隆,汽車工業,29.25,29.4,29.15,29.2,1888734
2026-09-30,2201,裕隆,汽車工業,29.25,29.35,29.2,29.25,2067671
2026-10-01,2201,裕隆,汽車工業,29.3,29.5,29.2,29.2,2076309
2026-09-29,2204,中華,汽車工業,52.3,52.7,52.0,52.0,399395
2026-09-30,2204,中華,汽車工業,52.4,52.5,52.0,52.3,446380
2026-10-01,2204,中華,汽車工業,52.2,52.3,52.0,52.2,204052
2026-09-29,2206,三陽工業,汽車工業,62.9,63.1,62.5,62.5,409880
2026-09-30,2206,三陽工業,汽車工業,62.5,62.8,62.1,62.1,760246
2026-10-01,2206,三陽工業,汽車工業,62.2,62.6,62.1,62.6,299411
2026-09-29,2207,和泰車,汽車工業,509.0,516.0,506.0,506.0,229210
2026-09-30,2207,和泰車,汽車工業,513.0,514.0,508.0,509.0,332322
2026-10-01,2207,和泰車,汽車工業,512.0,515.0,508.0,515.0,239429
2026-09-29,2208,台船,航運業,19.5,19.55,19.1,19.1,2641807
2026-09-30,2208,台船,航運業,19.2,19.25,19.05,19.15,2008362
2026-10-01,2208,台船,航運業,19.15,19.15,18.85,18.85,3315980
2026-09-29,2211,長榮鋼,鋼鐵工業,79.7,79.9,78.8,78.8,1174060
2026-09-30,2211,長榮鋼,鋼鐵工業,78.8,80.0,78.8,79.7,534048
2026-10-01,2211,長榮鋼,鋼鐵工業,79.7,79.9,79.1,79.3,586620
2026-09-29,2221,大甲,其他,169.0,180.0,167.5,180.0,2048186
2026-09-30,2221,大甲,其他,178.0,198.0,170.0,197.5,2950201
2026-10-01,2221,大甲,其他,190.5,193.0,178.0,179.0,2318151
2026-09-29,2227,裕日車,汽車工業,45.0,45.0,44.75,44.75,29865
2026-09-30,2227,裕日車,汽車工業,44.85,45.0,44.8,45.0,36377
2026-10-01,2227,裕日車,汽車工業,45.0,45.0,44.7,45.0,27062
2026-09-29,2228,劍麟,汽車工業,75.0,75.6,74.8,75.0,34896
2026-09-30,2228,劍麟,汽車工業,75.0,75.3,74.6,74.8,56671
2026-10-01,2228,劍麟,汽車工業,74.9,76.3,74.9,75.7,88266
2026-09-29,2230,泰茂,居家生活,22.3,22.35,21.7,21.75,95172
2026-09-30,2230,泰茂,居家生活,21.7,22.0,21.7,21.8,66282
2026-10-01,2230,泰茂,居家生活,22.7,22.7,21.5,21.5,146475
2026-09-29,2231,為升,汽車工業,91.8,92.5,91.3,92.0,141046
2026-09-30,2231,為升,汽車工業,93.4,94.7,92.0,94.7,242159
2026-10-01,2231,為升,汽車工業,97.0,97.5,92.2,92.9,329706
2026-09-29,2233,宇隆,汽車工業,164.0,169.0,163.5,168.0,453502
2026-09-30,2233,宇隆,汽車工業,170.0,171.0,165.0,167.0,695280
2026-10-01,2233,宇隆,汽車工業,168.0,169.5,165.0,168.5,224485
2026-09-30,2235,謚源,電機機械,27.1,28.0,27.1,28.0,3556
2026-09-29,2236,百達-KY,汽車工業,102.0,107.5,102.0,107.0,1517893
2026-09-30,2236,百達-KY,汽車工業,107.0,110.0,106.0,109.5,233695
2026-10-01,2236,百達-KY,汽車工業,109.5,109.5,106.0,108.5,413705
2026-09-29,2237,華德動能-創,汽車工業,27.0,27.25,26.9,26.9,71800
2026-09-30,2237,華德動能-創,汽車工業,26.9,27.0,26.75,26.75,108531
2026-10-01,2237,華德動能-創,汽車工業,26.75,26.95,26.75,26.75,40201
2026-09-29,2239,英利-KY,汽車工業,18.85,19.2,18.7,18.8,54101
2026-09-30,2239,英利-KY,汽車工業,18.8,19.0,18.75,18.95,53001
2026-10-01,2239,英利-KY,汽車工業,19.0,19.15,18.75,19.05,28206
2026-09-29,2241,艾姆勒,汽車工業,43.0,44.5,41.2,44.0,3176721
2026-09-30,2241,艾姆勒,汽車工業,43.5,47.9,43.45,46.15,8099138
2026-10-01,2241,艾姆勒,汽車工業,46.0,46.2,44.0,44.05,3600149
2026-09-29,2243,宏旭-KY,汽車工業,49.95,51.9,49.7,50.5,120258
2026-09-30,2243,宏旭-KY,汽車工業,50.7,53.0,50.2,52.6,254061
2026-10-01,2243,宏旭-KY,汽車工業,52.6,53.5,51.9,52.2,138505
2026-09-29,2247,汎德永業,汽車工業,227.5,227.5,223.0,223.0,32877
2026-09-30,2247,汎德永業,汽車工業,223.0,224.5,222.5,224.5,73412
2026-10-01,2247,汎德永業,汽車工業,224.5,225.5,224.0,225.5,19395
2026-09-29,2248,華勝-KY,汽車工業,61.0,61.5,60.2,61.5,7015
2026-09-30,2248,華勝-KY,汽車工業,62.2,62.2,60.8,61.3,21020
2026-10-01,2248,華勝-KY,汽車工業,61.9,61.9,61.4,61.4,5702
2026-09-29,2250,IKKA-KY,汽車工業,56.7,56.8,56.6,56.8,13600
2026-09-30,2250,IKKA-KY,汽車工業,56.5,58.3,56.2,57.0,122177
2026-10-01,2250,IKKA-KY,汽車工業,56.9,57.0,55.6,55.7,112855
2026-09-29,2254,巨鎧精密-創,汽車工業,89.2,92.1,89.2,91.8,2038020
2026-09-30,2254,巨鎧精密-創,汽車工業,92.2,93.1,92.1,92.6,2109236
2026-10-01,2254,巨鎧精密-創,汽車工業,93.0,94.6,93.0,94.1,1662968
2026-09-29,2258,鴻華先進-創,汽車工業,30.6,31.3,30.5,30.95,469300
2026-09-30,2258,鴻華先進-創,汽車工業,31.0,32.0,31.0,32.0,866835
2026-10-01,2258,鴻華先進-創,汽車工業,32.0,32.45,31.75,31.9,537180
2026-09-29,2301,光寶科,電腦及週邊,282.5,288.5,279.0,281.0,13566253
2026-09-30,2301,光寶科,電腦及週邊,285.0,285.0,279.5,279.5,12833072
2026-10-01,2301,光寶科,電腦及週邊,278.0,285.0,278.0,284.5,9330365
2026-09-29,2302,麗正,半導體,45.15,47.25,45.15,45.3,3489415
2026-09-30,2302,麗正,半導體,45.55,46.3,45.0,45.0,2760078
2026-10-01,2302,麗正,半導體,44.9,47.15,44.9,46.5,6731653
2026-09-29,2303,聯電,半導體,151.5,156.0,151.5,153.5,111591705
2026-09-30,2303,聯電,半導體,157.5,158.0,154.5,154.5,102405360
2026-10-01,2303,聯電,半導體,156.0,161.5,155.5,161.5,114242075
2026-09-29,2305,全友,電腦及週邊,61.7,69.1,61.1,69.1,5849225
2026-09-30,2305,全友,電腦及週邊,70.0,72.5,66.4,68.7,6402746
2026-10-01,2305,全友,電腦及週邊,65.3,65.3,61.9,61.9,9397489
2026-09-29,2308,台達電,電子零組件,1880.0,1950.0,1810.0,1835.0,14404821
2026-09-30,2308,台達電,電子零組件,1885.0,1930.0,1870.0,1890.0,11094898
2026-10-01,2308,台達電,電子零組件,1925.0,1935.0,1860.0,1905.0,6119811
2026-09-29,2312,金寶,其他電子,30.6,30.9,30.55,30.7,3153662
2026-09-30,2312,金寶,其他電子,30.95,31.35,30.95,31.25,6465397
2026-10-01,2312,金寶,其他電子,31.3,31.35,30.7,31.0,4886792
2026-09-29,2313,華通,電子零組件,221.5,227.0,219.0,226.0,10064805
2026-09-30,2313,華通,電子零組件,229.5,229.5,224.0,226.5,12970500
2026-10-01,2313,華通,電子零組件,227.0,228.0,223.0,224.5,6854303
2026-09-29,2314,台揚,通信網路,10.95,11.25,10.9,11.05,102554
2026-09-30,2314,台揚,通信網路,11.4,11.4,11.1,11.2,89891
2026-10-01,2314,台揚,通信網路,11.4,11.8,11.3,11.5,212224
2026-09-29,2316,楠梓電,電子零組件,160.0,164.5,159.5,162.0,1377279
2026-09-30,2316,楠梓電,電子零組件,164.0,167.5,163.0,166.0,1637974
2026-10-01,2316,楠梓電,電子零組件,167.5,172.0,164.5,167.0,2448561
2026-09-29,2317,鴻海,其他電子,247.0,254.0,247.0,250.5,31188879
2026-09-30,2317,鴻海,其他電子,253.5,254.0,251.5,251.5,27366648
2026-10-01,2317,鴻海,其他電子,253.0,254.0,250.5,254.0,30526551
2026-09-29,2321,東訊,通信網路,25.0,25.0,25.0,25.0,2537
2026-09-30,2321,東訊,通信網路,24.3,24.3,24.3,24.3,3840
2026-10-01,2321,東訊,通信網路,23.65,23.65,23.5,23.5,4468
2026-09-29,2323,中環,光電,10.8,10.9,10.65,10.7,4169493
2026-09-30,2323,中環,光電,10.85,11.15,10.8,11.0,14064496
2026-09-29,2324,仁寶,電腦及週邊,36.5,37.0,36.05,36.05,29621824
2026-09-30,2324,仁寶,電腦及週邊,36.3,37.7,36.3,37.1,46326977
2026-10-01,2324,仁寶,電腦及週邊,37.2,37.3,36.65,36.65,25328443
2026-09-29,2327,國巨*,電子零組件,570.0,570.0,548.0,548.0,41164381
2026-09-30,2327,國巨*,電子零組件,557.0,564.0,548.0,548.0,25009393
2026-10-01,2327,國巨*,電子零組件,560.0,602.0,560.0,602.0,74137455
2026-09-29,2328,廣宇,電子零組件,47.0,47.4,46.9,47.0,774116
2026-09-30,2328,廣宇,電子零組件,47.45,47.85,47.4,47.55,1592348
2026-10-01,2328,廣宇,電子零組件,47.65,48.35,47.5,47.75,1214940
2026-09-29,2329,華泰,半導體,44.45,44.45,43.75,43.8,1151596
2026-09-30,2329,華泰,半導體,44.3,45.15,44.05,44.8,3783130
2026-10-01,2329,華泰,半導體,45.1,45.1,44.2,44.35,1772390
2026-09-29,2330,台積電,半導體,2475.0,2495.0,2475.0,2475.0,26893348
2026-09-30,2330,台積電,半導體,2495.0,2510.0,2480.0,2480.0,34282491
2026-10-01,2330,台積電,半導體,2490.0,2510.0,2485.0,2510.0,20666092
2026-09-29,2331,精英,電腦及週邊,18.75,19.0,18.7,18.7,541430
2026-09-30,2331,精英,電腦及週邊,18.95,19.2,18.75,19.2,1099713
2026-10-01,2331,精英,電腦及週邊,19.2,19.25,19.05,19.15,700402
2026-09-29,2332,友訊,通信網路,20.05,20.3,19.95,20.1,5216187
2026-09-30,2332,友訊,通信網路,20.2,20.6,20.2,20.6,8101037
2026-10-01,2332,友訊,通信網路,20.6,20.6,20.15,20.15,5301945
2026-09-29,2337,旺宏,半導體,115.5,118.5,114.5,118.5,15127999
2026-09-30,2337,旺宏,半導體,120.0,123.0,119.5,122.5,31932411
2026-10-01,2337,旺宏,半導體,121.0,122.5,119.5,121.0,16468161
2026-09-29,2338,光罩,半導體,46.3,48.35,46.3,47.1,4039504
2026-09-30,2338,光罩,半導體,47.35,47.95,47.2,47.3,2755701
2026-10-01,2338,光罩,半導體,47.55,47.95,47.0,47.2,2741462
2026-09-29,2340,台亞,半導體,34.4,38.0,34.4,38.0,15628464
2026-09-30,2340,台亞,半導體,38.5,41.5,37.7,40.8,34478123
2026-10-01,2340,台亞,半導體,40.8,44.7,40.25,43.85,40533802
2026-09-29,2342,茂矽,半導體,47.0,53.0,46.85,50.1,27339538
2026-09-30,2342,茂矽,半導體,49.15,51.4,49.1,50.3,14272757
2026-10-01,2342,茂矽,半導體,50.3,50.5,49.0,49.35,7460322
2026-09-29,2344,華邦電,半導體,167.5,174.0,166.0,174.0,45790945
2026-09-30,2344,華邦電,半導體,176.0,179.5,175.0,179.5,85028121
2026-10-01,2344,華邦電,半導體,178.0,180.5,175.5,180.0,64785773
2026-09-29,2345,智邦,通信網路,1845.0,1880.0,1800.0,1810.0,4157981
2026-09-30,2345,智邦,通信網路,1830.0,1855.0,1770.0,1775.0,7123574
2026-10-01,2345,智邦,通信網路,1795.0,1910.0,1785.0,1900.0,5872368
2026-09-29,2347,聯強,電子通路,94.5,100.0,94.1,94.5,4671338
2026-09-30,2347,聯強,電子通路,96.2,96.2,94.5,94.9,3253120
2026-10-01,2347,聯強,電子通路,95.0,96.2,94.4,95.4,5965468
2026-09-29,2348,海悅,其他,71.5,71.5,70.5,70.5,278973
2026-09-30,2348,海悅,其他,70.5,70.7,70.3,70.6,207657
2026-10-01,2348,海悅,其他,70.4,70.6,70.2,70.4,108740
2026-09-29,2349,錸德,光電,10.4,10.45,10.3,10.4,1158181
2026-09-30,2349,錸德,光電,10.45,10.9,10.4,10.7,5431197
2026-10-01,2349,錸德,光電,10.65,10.75,10.35,10.5,2276956
2026-09-29,2351,順德,半導體,221.0,221.0,214.0,215.5,3820238
2026-09-30,2351,順德,半導體,217.0,217.0,204.0,209.0,6834221
2026-10-01,2351,順德,半導體,210.0,214.5,207.0,212.5,3449076
2026-09-29,2352,佳世達,電腦及週邊,29.05,29.55,29.0,29.0,3583810
2026-09-30,2352,佳世達,電腦及週邊,29.3,29.95,29.25,29.65,5731705
2026-10-01,2352,佳世達,電腦及週邊,29.7,29.75,29.1,29.1,3305366
2026-09-29,2353,宏碁,電腦及週邊,31.75,31.75,31.4,31.4,6310399
2026-09-30,2353,宏碁,電腦及週邊,31.75,31.95,31.5,31.65,10089843
2026-10-01,2353,宏碁,電腦及週邊,31.65,31.9,31.4,31.85,10102356
2026-09-29,2354,鴻準,其他電子,65.7,65.8,65.1,65.1,4886601
2026-09-30,2354,鴻準,其他電子,65.6,66.4,65.5,65.7,8525278
2026-10-01,2354,鴻準,其他電子,67.1,69.5,65.3,66.2,21963245
2026-09-29,2355,敬鵬,電子零組件,41.75,42.0,41.55,41.6,1204852
2026-09-30,2355,敬鵬,電子零組件,41.8,42.1,41.7,41.8,1399726
2026-10-01,2355,敬鵬,電子零組件,41.85,42.0,41.25,41.3,1319934
2026-09-29,2356,英業達,電腦及週邊,60.4,60.4,59.2,59.2,9470802
2026-09-30,2356,英業達,電腦及週邊,60.0,60.4,59.4,59.5,11590267
2026-10-01,2356,英業達,電腦及週邊,59.6,59.8,59.0,59.7,8414140
2026-09-29,2357,華碩,電腦及週邊,967.0,969.0,950.0,963.0,2455352
2026-09-30,2357,華碩,電腦及週邊,969.0,973.0,958.0,961.0,2057274
2026-10-01,2357,華碩,電腦及週邊,961.0,971.0,960.0,965.0,1566104
2026-09-29,2359,所羅門,其他電子,128.0,129.5,127.5,128.5,731248
2026-09-30,2359,所羅門,其他電子,129.0,129.5,128.0,128.5,1004251
2026-10-01,2359,所羅門,其他電子,129.0,129.0,128.0,128.0,889565
2026-09-29,2360,致茂,其他電子,2255.0,2325.0,2160.0,2185.0,2434644
2026-09-30,2360,致茂,其他電子,2245.0,2280.0,2135.0,2135.0,2716984
2026-10-01,2360,致茂,其他電子,2125.0,2150.0,2025.0,2080.0,2619905
2026-09-29,2362,藍天,電腦及週邊,47.5,47.85,46.65,46.7,544757
2026-09-30,2362,藍天,電腦及週邊,46.9,47.25,46.85,46.9,457594
2026-10-01,2362,藍天,電腦及週邊,47.0,47.15,46.6,46.6,479520
2026-09-29,2363,矽統,半導體,58.1,59.5,57.4,59.2,4883360
2026-09-30,2363,矽統,半導體,59.2,59.9,58.7,59.1,7012027
2026-10-01,2363,矽統,半導體,59.3,61.0,59.1,60.6,9203056
2026-09-29,2364,倫飛,電腦及週邊,65.7,66.1,64.9,64.9,94006
2026-09-30,2364,倫飛,電腦及週邊,65.3,65.4,64.6,65.0,74242
2026-10-01,2364,倫飛,電腦及週邊,65.0,65.4,64.6,64.9,81552
2026-09-29,2365,昆盈,電腦及週邊,28.2,28.6,28.1,28.1,572445
2026-09-30,2365,昆盈,電腦及週邊,28.35,28.35,28.0,28.35,741030
2026-10-01,2365,昆盈,電腦及週邊,28.35,28.4,27.9,28.2,666337
2026-09-29,2367,燿華,電子零組件,41.75,42.5,41.3,42.25,2486323
2026-09-30,2367,燿華,電子零組件,42.65,43.6,42.45,43.55,4608523
2026-10-01,2367,燿華,電子零組件,43.8,43.8,42.9,43.35,3785466
2026-09-29,2368,金像電,電子零組件,1100.0,1125.0,1070.0,1120.0,8818025
2026-09-30,2368,金像電,電子零組件,1115.0,1160.0,1070.0,1120.0,19360258
2026-10-01,2368,金像電,電子零組件,1120.0,1125.0,1085.0,1095.0,9076956
2026-09-29,2369,菱生,半導體,31.3,32.2,31.15,31.6,4196281
2026-09-30,2369,菱生,半導體,31.85,32.3,31.75,32.15,5052431
2026-10-01,2369,菱生,半導體,32.15,32.2,31.65,31.75,3071153
2026-09-29,2371,大同,電機機械,28.9,29.65,28.65,29.35,9023803
2026-09-30,2371,大同,電機機械,29.4,30.8,29.35,30.45,25702091
2026-10-01,2371,大同,電機機械,31.0,31.6,30.3,30.5,33538127
2026-09-29,2373,震旦行,其他電子,52.5,52.7,52.5,52.5,27189
2026-09-30,2373,震旦行,其他電子,52.7,52.9,52.6,52.9,26281
2026-10-01,2373,震旦行,其他電子,53.3,53.3,52.8,53.0,12490
2026-09-29,2374,佳能,光電,66.4,66.9,66.1,66.2,1129796
2026-09-30,2374,佳能,光電,66.8,67.3,66.6,67.2,1452171
2026-10-01,2374,佳能,光電,67.5,67.5,66.5,66.7,1221265
2026-09-29,2375,凱美,電子零組件,117.5,118.0,116.0,117.5,943463
2026-09-30,2375,凱美,電子零組件,119.0,120.0,117.5,118.0,1118973
2026-10-01,2375,凱美,電子零組件,119.0,127.0,119.0,124.5,8440304
2026-09-29,2376,技嘉,電腦及週邊,364.5,370.0,359.0,362.0,8243400
2026-09-30,2376,技嘉,電腦及週邊,367.0,369.5,358.5,358.5,4868638
2026-10-01,2376,技嘉,電腦及週邊,361.0,369.0,358.5,368.5,4284244
2026-09-29,2377,微星,電腦及週邊,150.5,154.0,150.5,151.0,2346623
2026-09-30,2377,微星,電腦及週邊,152.5,153.0,151.0,151.0,3325440
2026-10-01,2377,微星,電腦及週邊,151.5,153.5,151.0,152.5,3015613
2026-09-29,2379,瑞昱,半導體,715.0,778.0,715.0,760.0,3051454
2026-09-30,2379,瑞昱,半導體,763.0,767.0,750.0,760.0,2067727
2026-10-01,2379,瑞昱,半導體,753.0,769.0,751.0,762.0,3150180
2026-09-29,2380,虹光,電腦及週邊,16.8,16.85,16.55,16.55,53213
2026-09-30,2380,虹光,電腦及週邊,16.85,17.3,16.7,17.0,84939
2026-10-01,2380,虹光,電腦及週邊,17.0,17.15,16.85,17.0,41137
2026-09-29,2382,廣達,電腦及週邊,341.0,342.0,336.5,336.5,10639698
2026-09-30,2382,廣達,電腦及週邊,340.0,340.5,333.5,333.5,12063193
2026-10-01,2382,廣達,電腦及週邊,333.0,335.0,330.0,334.0,14875737
2026-09-29,2383,台光電,電子零組件,4910.0,5055.0,4870.0,4920.0,2146878
2026-09-30,2383,台光電,電子零組件,4990.0,5030.0,4935.0,4935.0,1549084
2026-10-01,2383,台光電,電子零組件,4950.0,4975.0,4855.0,4975.0,1363430
2026-09-29,2385,群光,電子零組件,104.5,106.0,104.0,104.5,2244933
2026-09-30,2385,群光,電子零組件,104.5,105.5,104.0,104.5,2617470
2026-10-01,2385,群光,電子零組件,104.5,106.5,104.5,105.5,1776109
2026-09-29,2387,精元,電腦及週邊,36.65,36.75,36.25,36.25,164403
2026-09-30,2387,精元,電腦及週邊,36.8,36.8,36.3,36.45,178317
2026-10-01,2387,精元,電腦及週邊,36.5,36.75,36.35,36.55,142099
2026-09-29,2388,威盛,半導體,70.1,72.4,69.8,71.2,2745942
2026-09-30,2388,威盛,半導體,72.4,73.3,71.8,73.0,2586687
2026-10-01,2388,威盛,半導體,73.3,75.3,72.8,73.3,3772346
2026-09-29,2390,云辰,其他電子,10.15,10.35,10.1,10.2,264078
2026-09-30,2390,云辰,其他電子,10.2,10.3,10.2,10.3,296395
2026-10-01,2390,云辰,其他電子,10.3,10.3,10.1,10.15,247599
2026-09-29,2392,正崴,電子零組件,41.5,41.7,40.8,40.85,2296930
2026-09-30,2392,正崴,電子零組件,40.7,42.15,40.7,41.6,2838358
2026-10-01,2392,正崴,電子零組件,41.2,41.95,41.2,41.6,893005
2026-09-29,2393,億光,光電,63.7,64.3,63.3,63.6,1548656
2026-09-30,2393,億光,光電,63.9,64.6,63.8,64.5,1624941
2026-10-01,2393,億光,光電,64.5,64.6,63.8,64.5,1196217
2026-09-29,2395,研華,電腦及週邊,714.0,754.0,712.0,730.0,3797824
2026-09-30,2395,研華,電腦及週邊,731.0,746.0,726.0,726.0,2193924
2026-10-01,2395,研華,電腦及週邊,731.0,734.0,718.0,723.0,1657283
2026-09-29,2397,友通,電腦及週邊,62.6,63.9,62.5,63.0,205189
2026-09-30,2397,友通,電腦及週邊,63.5,63.5,62.6,63.0,104686
2026-10-01,2397,友通,電腦及週邊,63.1,63.1,62.5,63.1,77471
2026-09-29,2399,映泰,電腦及週邊,47.3,49.95,47.0,49.2,9457571
2026-09-30,2399,映泰,電腦及週邊,49.65,50.0,48.8,48.95,4266570
2026-10-01,2399,映泰,電腦及週邊,49.0,51.3,48.6,51.3,18929412
2026-09-29,2401,凌陽,半導體,25.55,26.3,25.35,26.05,2382079
2026-09-30,2401,凌陽,半導體,26.1,26.9,26.1,26.75,4146961
2026-10-01,2401,凌陽,半導體,26.9,27.2,26.55,26.85,6341638
2026-09-29,2402,毅嘉,電子零組件,54.8,57.5,54.6,56.9,2274646
2026-09-30,2402,毅嘉,電子零組件,57.4,59.5,57.2,58.5,3323935
2026-10-01,2402,毅嘉,電子零組件,58.5,59.3,56.7,57.2,1592787
2026-09-29,2404,漢唐,其他電子,1250.0,1255.0,1180.0,1220.0,3026743
2026-09-30,2404,漢唐,其他電子,1230.0,1300.0,1230.0,1290.0,3585103
2026-10-01,2404,漢唐,其他電子,1280.0,1315.0,1270.0,1305.0,1828034
2026-09-29,2405,輔信,電腦及週邊,15.1,15.25,15.05,15.15,728911
2026-09-30,2405,輔信,電腦及週邊,15.35,15.45,15.25,15.25,1249040
2026-10-01,2405,輔信,電腦及週邊,15.55,15.7,15.3,15.3,1893686
2026-09-29,2406,國碩,光電,29.85,30.85,29.7,30.3,4945789
2026-09-30,2406,國碩,光電,30.3,32.0,30.2,31.45,18980568
2026-10-01,2406,國碩,光電,31.9,31.9,31.1,31.4,6902322
2026-09-29,2408,南亞科,半導體,491.0,507.0,488.0,506.0,24966274
2026-09-30,2408,南亞科,半導體,511.0,520.0,507.0,519.0,40070207
2026-10-01,2408,南亞科,半導體,515.0,522.0,510.0,519.0,27085390
2026-09-29,2409,友達,光電,34.4,35.8,33.8,35.05,539771575
2026-09-30,2409,友達,光電,36.0,38.55,35.65,38.55,432086519
2026-10-01,2409,友達,光電,39.8,40.0,37.8,38.3,932903295
2026-09-29,2412,中華電,通信網路,146.0,146.0,143.0,144.0,11652180
2026-09-30,2412,中華電,通信網路,145.0,145.0,143.0,143.5,10607859
2026-10-01,2412,中華電,通信網路,144.0,146.0,143.0,145.5,8628434
2026-09-29,2413,環科,電子零組件,50.9,52.0,50.8,51.0,1495022
2026-09-30,2413,環科,電子零組件,51.6,52.0,51.1,51.4,1359582
2026-10-01,2413,環科,電子零組件,51.6,53.6,50.7,51.6,2839552
2026-09-29,2414,精技,電子通路,52.9,53.2,52.7,53.1,94978
2026-09-30,2414,精技,電子通路,53.2,53.3,52.9,53.3,84155
2026-10-01,2414,精技,電子通路,53.3,53.3,52.8,53.2,47056
2026-09-29,2415,錩新,電子零組件,27.4,27.6,27.05,27.25,133360
2026-09-30,2415,錩新,電子零組件,27.25,27.45,27.15,27.2,97264
2026-10-01,2415,錩新,電子零組件,27.45,27.45,27.05,27.25,81248
2026-09-29,2417,圓剛,電腦及週邊,39.05,39.2,38.7,38.7,289907
2026-09-30,2417,圓剛,電腦及週邊,39.1,39.35,38.85,39.3,300977
2026-10-01,2417,圓剛,電腦及週邊,39.4,39.4,38.85,38.95,226049
2026-09-29,2419,仲琦,通信網路,28.65,29.65,28.6,29.0,1112751
2026-09-30,2419,仲琦,通信網路,29.3,29.85,29.3,29.7,1515464
2026-10-01,2419,仲琦,通信網路,29.75,29.75,29.0,29.05,868654
2026-09-29,2420,新巨,電子零組件,53.9,54.3,53.7,53.9,168026
2026-09-30,2420,新巨,電子零組件,54.2,55.2,54.1,55.0,290433
2026-10-01,2420,新巨,電子零組件,55.4,59.0,55.2,58.0,1734967
2026-09-29,2421,建準,電子零組件,165.5,165.5,161.0,163.5,1737849
2026-09-30,2421,建準,電子零組件,164.5,165.5,160.0,160.5,2575748
2026-10-01,2421,建準,電子零組件,162.0,164.5,160.5,164.0,1500134
2026-09-29,2423,固緯,其他電子,72.3,72.5,71.8,72.0,128162
2026-09-30,2423,固緯,其他電子,72.0,72.2,71.7,72.1,156525
2026-10-01,2423,固緯,其他電子,72.0,72.0,70.3,71.6,155965
2026-09-29,2424,隴華,通信網路,7.85,8.45,7.85,8.12,31369
2026-09-30,2424,隴華,通信網路,8.12,8.57,8.12,8.3,21000
2026-10-01,2424,隴華,通信網路,8.02,8.43,8.02,8.16,29020
2026-09-29,2425,承啟,電腦及週邊,37.4,37.7,36.8,37.45,320575
2026-09-30,2425,承啟,電腦及週邊,37.7,37.8,37.5,37.5,379607
2026-10-01,2425,承啟,電腦及週邊,37.55,38.2,37.55,37.75,472709
2026-09-29,2426,鼎元,光電,96.8,101.5,96.3,99.8,26792812
2026-09-30,2426,鼎元,光電,100.5,107.5,100.0,104.0,65671370
2026-10-01,2426,鼎元,光電,106.5,111.5,102.0,103.0,60579280
2026-09-29,2427,三商電,資訊服務,23.45,23.55,23.2,23.25,268772
2026-09-30,2427,三商電,資訊服務,23.3,23.45,23.25,23.35,674941
2026-10-01,2427,三商電,資訊服務,23.35,23.5,23.25,23.3,326919
2026-09-29,2428,興勤,電子零組件,255.0,255.0,249.0,251.5,627862
2026-09-30,2428,興勤,電子零組件,254.5,255.0,251.0,251.5,437048
2026-10-01,2428,興勤,電子零組件,253.0,263.0,253.0,261.0,1837260
2026-09-29,2429,銘旺科,光電,30.75,31.2,30.6,30.65,166022
2026-09-30,2429,銘旺科,光電,30.65,30.95,30.25,30.95,509815
2026-10-01,2429,銘旺科,光電,30.8,31.4,30.6,30.75,174885
2026-09-29,2430,燦坤,電子通路,18.25,18.25,17.95,18.1,46687
2026-09-30,2430,燦坤,電子通路,18.0,18.25,17.9,18.25,64269
2026-10-01,2430,燦坤,電子通路,18.15,18.2,18.05,18.1,20062
2026-09-29,2431,聯昌,電子零組件,10.05,10.05,9.99,10.0,81012
2026-09-30,2431,聯昌,電子零組件,10.0,10.15,10.0,10.15,80852
2026-10-01,2431,聯昌,電子零組件,10.15,10.15,10.05,10.15,52066
2026-09-29,2432,倚天酷碁-創,電腦及週邊,27.25,27.65,27.25,27.65,7000
2026-09-30,2432,倚天酷碁-創,電腦及週邊,27.65,27.65,27.65,27.65,3000
2026-10-01,2432,倚天酷碁-創,電腦及週邊,27.7,27.7,27.6,27.6,2204
2026-09-29,2433,互盛電,其他電子,40.1,40.1,40.0,40.0,22405
2026-09-30,2433,互盛電,其他電子,40.0,40.55,39.95,40.45,32175
2026-10-01,2433,互盛電,其他電子,40.45,40.45,40.05,40.2,27552
2026-09-29,2434,統懋,半導體,64.6,67.1,64.0,64.8,423909
2026-09-30,2434,統懋,半導體,66.8,69.1,64.8,65.4,837812
2026-10-01,2434,統懋,半導體,65.8,65.9,62.5,62.9,470446
2026-09-29,2436,偉詮電,半導體,71.8,76.5,71.5,75.9,12261097
2026-09-30,2436,偉詮電,半導體,76.8,77.5,74.0,74.5,9601609
2026-10-01,2436,偉詮電,半導體,74.2,75.5,73.9,74.0,5128346
2026-09-29,2438,翔耀,光電,19.4,19.7,19.2,19.7,42204
2026-09-30,2438,翔耀,光電,19.7,20.35,19.65,19.9,91740
2026-10-01,2438,翔耀,光電,19.9,20.25,19.7,19.95,68287
2026-09-29,2439,美律,通信網路,78.2,78.4,77.9,78.1,1655190
2026-09-30,2439,美律,通信網路,78.1,78.6,77.2,77.3,1996651
2026-10-01,2439,美律,通信網路,77.3,77.5,76.2,76.5,1185652
2026-09-29,2440,太空梭,電子零組件,14.3,14.3,14.05,14.15,237635
2026-09-30,2440,太空梭,電子零組件,14.05,14.45,14.05,14.4,230906
2026-10-01,2440,太空梭,電子零組件,14.3,14.4,14.25,14.4,106400
2026-09-29,2441,超豐,半導體,122.5,123.5,121.5,122.0,2178482
2026-09-30,2441,超豐,半導體,123.5,126.5,123.0,125.5,4050745
2026-10-01,2441,超豐,半導體,125.5,125.5,123.0,124.5,2286709
2026-09-29,2442,新美齊,建材營造,14.3,14.45,14.25,14.35,599670
2026-09-30,2442,新美齊,建材營造,14.5,14.5,14.35,14.4,527504
2026-10-01,2442,新美齊,建材營造,14.35,14.4,14.25,14.3,584765
2026-09-29,2444,兆勁,通信網路,14.6,15.2,14.45,15.05,1916012
2026-09-30,2444,兆勁,通信網路,15.3,16.5,15.05,15.9,3239205
2026-10-01,2444,兆勁,通信網路,15.4,15.8,15.0,15.0,2798688
2026-09-29,2449,京元電子,半導體,305.5,305.5,293.0,294.5,29756706
2026-09-30,2449,京元電子,半導體,299.0,304.0,294.0,294.5,24039103
2026-10-01,2449,京元電子,半導體,298.0,298.5,292.0,296.0,14832156
2026-09-29,2450,神腦,通信網路,28.25,28.3,28.2,28.2,72438
2026-09-30,2450,神腦,通信網路,28.15,28.35,28.15,28.2,67908
2026-10-01,2450,神腦,通信網路,28.3,28.35,28.2,28.3,57825
2026-09-29,2451,創見,半導體,285.0,288.0,283.0,286.0,1570470
2026-09-30,2451,創見,半導體,288.5,291.0,287.5,289.0,2749434
2026-10-01,2451,創見,半導體,292.0,292.0,287.0,289.5,1342152
2026-09-29,2453,凌群,資訊服務,53.9,53.9,53.2,53.5,146093
2026-09-30,2453,凌群,資訊服務,53.6,54.0,53.5,53.6,155714
2026-10-01,2453,凌群,資訊服務,53.7,53.8,53.2,53.3,181828
2026-09-29,2454,聯發科,半導體,5150.0,5195.0,4890.0,4910.0,13758267
2026-09-30,2454,聯發科,半導體,5010.0,5100.0,4920.0,4920.0,8292336
2026-10-01,2454,聯發科,半導體,4875.0,4980.0,4875.0,4980.0,4378234
2026-09-29,2455,全新,通信網路,543.0,550.0,540.0,543.0,1025212
2026-09-30,2455,全新,通信網路,544.0,555.0,544.0,552.0,1395143
2026-10-01,2455,全新,通信網路,552.0,552.0,530.0,546.0,2010853
2026-09-29,2457,飛宏,電子零組件,21.8,22.2,21.75,21.75,848756
2026-09-30,2457,飛宏,電子零組件,22.1,22.6,21.75,22.55,1577143
2026-10-01,2457,飛宏,電子零組件,22.4,22.4,22.0,22.05,875354
2026-09-29,2458,義隆,半導體,138.0,138.0,135.5,136.0,1645198
2026-09-30,2458,義隆,半導體,137.0,137.5,135.5,137.5,1489305
2026-10-01,2458,義隆,半導體,137.0,139.0,136.0,138.5,1517721
2026-09-29,2459,敦吉,其他電子,65.2,65.4,64.9,64.9,28055
2026-09-30,2459,敦吉,其他電子,65.1,65.1,64.7,65.0,89452
2026-10-01,2459,敦吉,其他電子,64.9,65.0,64.5,64.9,65989
2026-09-29,2460,建通,電子零組件,29.45,29.95,29.45,29.85,175462
2026-09-30,2460,建通,電子零組件,30.1,30.6,29.95,30.55,291976
2026-10-01,2460,建通,電子零組件,30.6,30.7,29.9,30.6,182478
2026-09-29,2461,光群雷,其他電子,17.6,17.8,17.4,17.4,260253
2026-09-30,2461,光群雷,其他電子,17.4,18.1,17.4,17.85,749481
2026-10-01,2461,光群雷,其他電子,18.0,18.0,17.25,17.4,630493
2026-09-29,2462,良得電,電子零組件,20.25,20.25,19.85,19.85,118354
2026-09-30,2462,良得電,電子零組件,19.9,19.95,19.8,19.95,84776
2026-10-01,2462,良得電,電子零組件,19.95,19.95,19.75,19.9,53335
2026-09-29,2464,盟立,其他電子,194.5,200.0,192.0,192.0,9138976
2026-09-30,2464,盟立,其他電子,194.0,197.5,191.5,192.5,8431839
2026-10-01,2464,盟立,其他電子,193.5,195.5,189.5,193.5,8277531
2026-09-29,2465,麗臺,電腦及週邊,88.7,93.0,88.6,91.9,1231345
2026-09-30,2465,麗臺,電腦及週邊,92.5,94.1,91.1,91.2,1236989
2026-10-01,2465,麗臺,電腦及週邊,91.5,93.6,90.0,93.2,1460228
2026-09-29,2466,冠西電,光電,119.5,119.5,112.5,113.5,2218538
2026-09-30,2466,冠西電,光電,115.0,124.5,115.0,124.5,3211857
2026-10-01,2466,冠西電,光電,128.0,136.0,127.0,128.5,5280903
2026-09-29,2467,志聖,電子零組件,534.0,554.0,529.0,544.0,889505
2026-09-30,2467,志聖,電子零組件,554.0,566.0,539.0,539.0,1037845
2026-10-01,2467,志聖,電子零組件,545.0,555.0,537.0,543.0,878273
2026-09-29,2468,華經,資訊服務,46.85,46.85,45.25,46.05,920536
2026-09-30,2468,華經,資訊服務,46.3,46.5,45.3,45.5,817306
2026-10-01,2468,華經,資訊服務,45.5,45.6,44.3,44.55,993907
2026-09-29,2471,資通,資訊服務,51.4,52.0,51.1,51.3,187884
2026-09-30,2471,資通,資訊服務,51.8,51.9,51.3,51.8,153886
2026-10-01,2471,資通,資訊服務,51.9,52.0,51.7,52.0,92092
2026-09-29,2472,立隆電,電子零組件,217.0,220.0,212.5,213.0,1505198
2026-09-30,2472,立隆電,電子零組件,215.0,218.0,213.0,213.5,1051547
2026-10-01,2472,立隆電,電子零組件,213.5,229.0,213.5,226.0,5071180
2026-09-29,2474,可成,其他電子,207.0,207.0,205.0,205.5,1568422
2026-09-30,2474,可成,其他電子,207.5,207.5,205.5,206.5,1471237
2026-10-01,2474,可成,其他電子,206.0,208.0,206.0,207.5,1387154
2026-09-29,2476,鉅祥,電子零組件,122.5,125.0,121.5,124.5,828647
2026-09-30,2476,鉅祥,電子零組件,125.0,125.5,123.0,123.5,596238
2026-10-01,2476,鉅祥,電子零組件,123.5,123.5,120.5,123.0,858837
2026-09-29,2477,美隆電,其他電子,23.05,23.1,22.85,23.1,148490
2026-09-30,2477,美隆電,其他電子,23.2,23.3,23.05,23.15,138152
2026-10-01,2477,美隆電,其他電子,23.35,23.35,22.85,23.1,175918
2026-09-29,2478,大毅,電子零組件,118.5,121.0,116.5,117.5,1301254
2026-09-30,2478,大毅,電子零組件,119.5,121.0,118.5,120.0,985080
2026-10-01,2478,大毅,電子零組件,120.5,128.5,120.5,124.5,6254538
2026-09-29,2480,敦陽科,資訊服務,161.0,161.0,159.0,159.5,153315
2026-09-30,2480,敦陽科,資訊服務,161.0,161.0,159.0,160.0,94728
2026-10-01,2480,敦陽科,資訊服務,160.5,160.5,159.0,160.0,87403
2026-09-29,2481,強茂,半導體,175.0,180.0,172.0,175.5,20652896
2026-09-30,2481,強茂,半導體,177.0,178.5,170.0,172.0,28472274
2026-10-01,2481,強茂,半導體,172.0,179.0,171.5,177.5,23859129
2026-09-29,2482,連宇,其他電子,16.25,16.55,16.2,16.35,104643
2026-09-30,2482,連宇,其他電子,16.3,16.6,16.3,16.45,131185
2026-10-01,2482,連宇,其他電子,16.5,16.5,16.25,16.3,57932
2026-09-29,2483,百容,電子零組件,32.2,32.95,32.2,32.5,208005
2026-09-30,2483,百容,電子零組件,32.8,35.75,32.6,35.75,1702959
2026-10-01,2483,百容,電子零組件,36.15,37.45,34.3,36.6,5737472
2026-09-29,2484,希華,電子零組件,75.0,79.5,74.2,76.9,30199086
2026-09-30,2484,希華,電子零組件,77.5,79.7,76.4,78.0,23947173
2026-10-01,2484,希華,電子零組件,78.4,85.8,77.3,84.6,40048717
2026-09-29,2485,兆赫,通信網路,39.15,40.1,39.0,39.75,1310521
2026-09-30,2485,兆赫,通信網路,40.3,41.8,40.3,41.7,4139983
2026-10-01,2485,兆赫,通信網路,41.75,41.75,40.4,40.5,2456324
2026-09-29,2486,一詮,光電,231.0,237.5,230.5,237.0,1955933
2026-09-30,2486,一詮,光電,238.0,242.5,236.0,240.0,3719747
2026-10-01,2486,一詮,光電,241.0,259.0,241.0,248.5,8667512
2026-09-29,2488,漢平,其他電子,48.85,49.2,48.7,48.7,33167
2026-09-30,2488,漢平,其他電子,49.15,49.15,48.65,48.85,71337
2026-10-01,2488,漢平,其他電子,48.85,49.2,48.8,48.95,28095
2026-09-29,2489,瑞軒,光電,40.25,41.15,40.1,41.1,8627458
2026-09-30,2489,瑞軒,光電,41.65,42.35,41.2,41.8,23864644
2026-10-01,2489,瑞軒,光電,42.0,42.05,40.6,40.65,12754502
2026-09-29,2491,吉祥全,光電,39.8,40.75,39.75,40.2,455070
2026-09-30,2491,吉祥全,光電,40.9,41.45,40.6,40.8,623561
2026-10-01,2491,吉祥全,光電,41.05,41.25,40.0,40.5,513778
2026-09-29,2492,華新科,電子零組件,313.0,321.0,299.0,302.0,31201956
2026-09-30,2492,華新科,電子零組件,306.0,309.0,298.5,299.5,18146633
2026-10-01,2492,華新科,電子零組件,302.5,329.0,302.5,329.0,51670689
2026-09-29,2493,揚博,電子零組件,190.0,202.0,190.0,196.0,1972776
2026-09-30,2493,揚博,電子零組件,199.5,201.5,195.5,197.5,1606105
2026-10-01,2493,揚博,電子零組件,197.5,200.0,195.5,197.0,988907
2026-09-29,2495,普安,電腦及週邊,39.05,39.55,38.75,38.95,882955
2026-09-30,2495,普安,電腦及週邊,39.35,39.5,38.9,39.05,974342
2026-10-01,2495,普安,電腦及週邊,39.4,39.4,38.5,38.6,864591
2026-09-29,2496,卓越,其他,54.8,55.1,54.6,55.1,6405
2026-09-30,2496,卓越,其他,55.1,55.2,54.7,55.0,14052
2026-10-01,2496,卓越,其他,55.1,55.1,55.0,55.1,15908
2026-09-29,2497,怡利電,汽車工業,44.2,44.2,43.5,43.6,87631
2026-09-30,2497,怡利電,汽車工業,44.55,44.8,44.2,44.35,240102
2026-10-01,2497,怡利電,汽車工業,44.95,44.95,43.9,44.0,207894
2026-09-29,2498,宏達電,通信網路,41.8,43.4,41.75,43.0,8994708
2026-09-30,2498,宏達電,通信網路,44.05,44.2,42.9,42.9,13288766
2026-10-01,2498,宏達電,通信網路,43.5,46.85,43.5,43.7,23409453
2026-09-29,2501,國建,建材營造,21.05,21.4,21.0,21.15,2205717
2026-09-30,2501,國建,建材營造,21.2,21.35,21.05,21.1,3115570
2026-10-01,2501,國建,建材營造,21.15,21.25,20.95,21.05,1745076
2026-09-29,2504,國產,建材營造,30.9,30.9,30.5,30.55,2041127
2026-09-30,2504,國產,建材營造,30.7,30.75,30.45,30.65,1251684
2026-10-01,2504,國產,建材營造,30.7,30.75,30.55,30.55,1242464
2026-09-29,2505,國揚,建材營造,17.1,17.1,16.95,16.95,303325
2026-09-30,2505,國揚,建材營造,17.3,17.3,16.95,17.0,398504
2026-10-01,2505,國揚,建材營造,16.95,17.05,16.95,17.05,97110
2026-09-29,2506,太設,建材營造,8.38,8.42,8.34,8.41,273693
2026-09-30,2506,太設,建材營造,8.41,8.43,8.38,8.43,85550
2026-10-01,2506,太設,建材營造,8.43,8.43,8.37,8.43,293255
2026-09-29,2509,全坤建,建材營造,14.2,14.2,14.0,14.05,156579
2026-09-30,2509,全坤建,建材營造,14.15,14.3,14.15,14.3,30901
2026-10-01,2509,全坤建,建材營造,14.2,14.3,14.1,14.3,58505
2026-09-29,2511,太子,建材營造,8.39,8.39,8.32,8.32,617420
2026-09-30,2511,太子,建材營造,8.32,8.34,8.3,8.34,545474
2026-10-01,2511,太子,建材營造,8.34,8.34,8.29,8.32,413104
2026-09-29,2514,龍邦,其他,11.5,11.5,11.4,11.4,35096
2026-09-30,2514,龍邦,其他,11.45,11.7,11.45,11.7,67416
2026-10-01,2514,龍邦,其他,11.65,11.7,11.5,11.6,51071
2026-09-29,2515,中工,建材營造,12.0,12.0,11.8,11.8,4178372
2026-09-30,2515,中工,建材營造,11.85,12.0,11.85,11.9,3359728
2026-10-01,2515,中工,建材營造,11.9,12.0,11.85,11.95,1882455
2026-09-29,2516,新建,建材營造,15.5,15.5,14.9,14.9,264706
2026-09-30,2516,新建,建材營造,15.35,15.4,15.15,15.35,174965
2026-10-01,2516,新建,建材營造,15.3,15.3,15.05,15.15,115002
2026-09-29,2520,冠德,建材營造,37.2,37.5,36.85,37.0,1043424
2026-09-30,2520,冠德,建材營造,37.0,37.05,36.45,36.5,1750284
2026-10-01,2520,冠德,建材營造,36.5,36.95,36.4,36.75,1180983
2026-09-29,2524,京城,建材營造,34.85,34.85,34.25,34.25,56370
2026-09-30,2524,京城,建材營造,34.4,34.7,34.25,34.7,54715
2026-10-01,2524,京城,建材營造,34.7,34.7,34.25,34.6,25371
2026-09-29,2527,宏璟,建材營造,48.2,49.5,48.2,48.35,634439
2026-09-30,2527,宏璟,建材營造,49.05,51.0,48.85,50.0,1603695
2026-10-01,2527,宏璟,建材營造,50.0,50.0,48.4,49.1,842203
2026-09-29,2528,皇普,建材營造,19.55,19.6,19.25,19.3,315990
2026-09-30,2528,皇普,建材營造,19.4,19.5,19.3,19.4,164650
2026-10-01,2528,皇普,建材營造,19.35,19.35,19.25,19.25,121117
2026-09-29,2530,華建,建材營造,20.0,20.25,19.85,20.1,399870
2026-09-30,2530,華建,建材營造,20.1,20.2,19.95,20.05,541805
2026-10-01,2530,華建,建材營造,20.05,20.1,19.9,20.05,193533
2026-09-29,2534,宏盛,建材營造,16.8,17.0,16.65,16.9,214610
2026-09-30,2534,宏盛,建材營造,16.8,16.95,16.7,16.95,283189
2026-10-01,2534,宏盛,建材營造,16.85,16.85,16.7,16.85,205842
2026-09-29,2535,達欣工,建材營造,89.9,89.9,89.1,89.1,113837
2026-09-30,2535,達欣工,建材營造,89.7,89.7,89.0,89.2,138514
2026-10-01,2535,達欣工,建材營造,89.3,89.3,88.7,88.9,166962
2026-09-29,2536,宏普,建材營造,19.15,19.2,19.1,19.15,608246
2026-09-30,2536,宏普,建材營造,19.35,19.35,19.1,19.15,464468
2026-10-01,2536,宏普,建材營造,19.25,19.25,19.1,19.1,398618
2026-09-29,2537,聯上發,建材營造,11.3,11.3,11.2,11.25,537977
2026-09-30,2537,聯上發,建材營造,11.35,11.35,11.2,11.25,395251
2026-10-01,2537,聯上發,建材營造,11.2,11.2,11.05,11.1,1015171
2026-09-29,2538,基泰,建材營造,8.7,8.71,8.58,8.71,475327
2026-09-30,2538,基泰,建材營造,8.68,8.99,8.68,8.92,691830
2026-10-01,2538,基泰,建材營造,8.95,8.95,8.8,8.83,251192
2026-09-29,2539,櫻花建,建材營造,34.45,34.45,33.9,34.0,1069477
2026-09-30,2539,櫻花建,建材營造,34.15,34.3,33.9,34.3,657424
2026-10-01,2539,櫻花建,建材營造,34.5,34.5,34.0,34.25,661576
2026-09-29,2540,愛山林,建材營造,49.0,49.15,47.6,47.6,462170
2026-09-30,2540,愛山林,建材營造,47.8,48.45,47.7,48.45,291504
2026-10-01,2540,愛山林,建材營造,48.6,49.0,48.15,48.85,167264
2026-09-29,2542,興富發,建材營造,39.25,39.35,38.6,38.6,11497190
2026-09-30,2542,興富發,建材營造,38.5,38.85,38.1,38.65,12284297
2026-10-01,2542,興富發,建材營造,38.6,38.75,38.15,38.4,11207800
2026-09-29,2543,皇昌,建材營造,37.95,38.75,37.95,38.15,724402
2026-09-30,2543,皇昌,建材營造,38.5,38.8,38.3,38.5,832916
2026-10-01,2543,皇昌,建材營造,38.7,38.7,38.15,38.2,547540
2026-09-29,2545,皇翔,建材營造,34.2,34.3,33.9,33.9,116282
2026-09-30,2545,皇翔,建材營造,34.0,34.45,34.0,34.45,151207
2026-10-01,2545,皇翔,建材營造,34.15,34.55,34.15,34.2,44791
2026-09-29,2546,根基,建材營造,107.5,108.5,106.0,106.0,140126
2026-09-30,2546,根基,建材營造,106.0,106.0,104.5,105.0,111421
2026-10-01,2546,根基,建材營造,105.0,106.0,104.5,106.0,119687
2026-09-29,2547,日勝生,建材營造,9.82,9.88,9.81,9.85,774661
2026-09-30,2547,日勝生,建材營造,9.88,9.89,9.79,9.79,1404389
2026-10-01,2547,日勝生,建材營造,9.8,9.82,9.78,9.78,724577
2026-09-29,2548,華固,建材營造,93.4,93.4,92.1,92.2,1191007
2026-09-30,2548,華固,建材營造,92.7,92.7,91.6,91.6,1628153
2026-10-01,2548,華固,建材營造,92.0,92.3,91.7,91.8,575056
2026-09-29,2596,綠意,建材營造,35.35,35.35,35.0,35.25,11700
2026-09-30,2596,綠意,建材營造,34.0,35.45,34.0,35.1,67084
2026-10-01,2596,綠意,建材營造,35.1,35.5,34.9,34.9,24514
2026-09-29,2597,潤弘,建材營造,168.0,168.0,166.5,167.0,87871
2026-09-30,2597,潤弘,建材營造,167.0,169.0,167.0,168.0,161609
2026-10-01,2597,潤弘,建材營造,168.0,168.0,167.0,167.5,272552
2026-09-29,2603,長榮,航運業,244.0,244.0,237.5,238.0,6250427
2026-09-30,2603,長榮,航運業,239.5,241.0,238.0,239.5,4735702
2026-10-01,2603,長榮,航運業,238.0,239.0,235.5,238.0,5955064
2026-09-29,2605,新興,航運業,36.8,37.0,35.25,35.4,10030192
2026-09-30,2605,新興,航運業,35.55,35.8,35.25,35.55,10034189
2026-10-01,2605,新興,航運業,35.55,35.55,35.15,35.4,4547958
2026-09-29,2606,裕民,航運業,75.8,75.8,73.1,73.4,4989525
2026-09-30,2606,裕民,航運業,73.5,74.5,73.2,73.6,2063214
2026-10-01,2606,裕民,航運業,74.0,74.2,73.1,73.5,1729086
2026-09-29,2607,榮運,航運業,53.5,53.9,53.0,53.1,391612
2026-09-30,2607,榮運,航運業,53.3,53.9,53.3,53.8,305124
2026-10-01,2607,榮運,航運業,53.8,53.8,53.4,53.8,188561
2026-09-29,2608,嘉里大榮,航運業,28.6,28.9,28.55,28.55,215391
2026-09-30,2608,嘉里大榮,航運業,28.6,28.6,28.55,28.6,105210
2026-10-01,2608,嘉里大榮,航運業,28.6,28.8,28.6,28.8,85896
2026-09-29,2609,陽明,航運業,59.6,59.6,58.1,58.4,23606564
2026-09-30,2609,陽明,航運業,58.8,59.6,58.7,59.4,16623183
2026-10-01,2609,陽明,航運業,58.9,59.4,58.7,58.8,12469577
2026-09-29,2610,華航,航運業,20.3,20.3,20.1,20.1,7852078
2026-09-30,2610,華航,航運業,20.25,20.45,20.2,20.45,16977467
2026-10-01,2610,華航,航運業,20.45,20.45,20.15,20.3,11977056
2026-09-29,2611,志信,航運業,14.15,14.15,13.95,14.05,225756
2026-09-30,2611,志信,航運業,14.15,14.5,14.15,14.5,497762
2026-10-01,2611,志信,航運業,14.3,14.45,14.3,14.35,236913
2026-09-29,2612,中航,航運業,62.0,62.0,60.7,60.8,388561
2026-09-30,2612,中航,航運業,60.8,62.0,60.8,61.8,288104
2026-10-01,2612,中航,航運業,61.5,62.2,61.0,61.4,131957
2026-09-29,2613,中櫃,航運業,22.2,22.2,21.95,21.95,110543
2026-09-30,2613,中櫃,航運業,21.95,22.4,21.95,22.4,207361
2026-10-01,2613,中櫃,航運業,22.25,22.35,22.05,22.2,97537
2026-09-29,2614,東森,其他,18.25,19.1,18.25,18.85,2885213
2026-09-30,2614,東森,其他,19.0,19.25,18.95,19.2,1808945
2026-10-01,2614,東森,其他,19.3,19.35,19.0,19.25,2033832
2026-09-29,2615,萬海,航運業,116.5,116.5,111.0,111.0,10041037
2026-09-30,2615,萬海,航運業,112.5,114.0,112.0,114.0,5251682
2026-10-01,2615,萬海,航運業,113.0,113.5,111.5,112.5,4209797
2026-09-29,2616,山隆,油電燃氣,13.25,13.25,13.2,13.2,55544
2026-09-30,2616,山隆,油電燃氣,13.2,13.3,13.2,13.3,62310
2026-10-01,2616,山隆,油電燃氣,13.3,13.3,13.25,13.3,31106
2026-09-29,2617,台航,航運業,32.9,32.9,31.1,31.25,2312297
2026-09-30,2617,台航,航運業,31.1,31.5,31.1,31.45,570281
2026-10-01,2617,台航,航運業,31.45,31.45,30.9,31.1,792762
2026-09-29,2618,長榮航,航運業,42.0,42.0,41.45,41.5,14347588
2026-09-30,2618,長榮航,航運業,41.95,43.15,41.85,42.85,27537928
2026-10-01,2618,長榮航,航運業,42.4,42.7,41.85,42.2,17575412
2026-09-29,2630,亞航,航運業,46.5,47.1,46.3,46.3,464796
2026-09-30,2630,亞航,航運業,46.8,47.65,46.45,47.05,816616
2026-10-01,2630,亞航,航運業,47.15,47.3,46.85,46.85,403948
2026-09-29,2633,台灣高鐵,航運業,25.7,25.8,25.45,25.45,6250246
2026-09-30,2633,台灣高鐵,航運業,25.6,25.9,25.55,25.65,3377957
2026-10-01,2633,台灣高鐵,航運業,25.7,25.8,25.6,25.8,2936139
2026-09-29,2634,漢翔,航運業,63.6,64.2,63.1,63.1,4595082
2026-09-30,2634,漢翔,航運業,63.7,64.5,63.3,64.0,6006596
2026-10-01,2634,漢翔,航運業,64.0,64.7,63.8,64.4,4805802
2026-09-29,2636,台驊控股,航運業,71.9,71.9,70.4,70.4,222241
2026-09-30,2636,台驊控股,航運業,70.4,71.8,70.4,71.7,323394
2026-10-01,2636,台驊控股,航運業,71.2,71.2,70.3,70.7,181358
2026-09-29,2637,慧洋-KY,航運業,99.8,99.9,95.0,95.0,4494224
2026-09-30,2637,慧洋-KY,航運業,95.0,97.3,95.0,96.4,1545010
2026-10-01,2637,慧洋-KY,航運業,96.5,96.5,95.2,95.3,2302502
2026-09-29,2640,大車隊,數位雲端,156.0,159.0,156.0,158.5,23640
2026-09-30,2640,大車隊,數位雲端,157.5,158.0,157.0,157.0,14405
2026-10-01,2640,大車隊,數位雲端,157.0,157.5,156.5,157.0,17606
2026-09-29,2641,正德,航運業,17.55,17.55,17.3,17.3,1029365
2026-09-30,2641,正德,航運業,17.35,17.55,17.25,17.5,1153291
2026-10-01,2641,正德,航運業,17.5,17.5,17.3,17.35,570569
2026-09-29,2642,宅配通,航運業,20.35,20.35,20.2,20.3,24291
2026-09-30,2642,宅配通,航運業,20.15,20.4,20.15,20.4,37125
2026-10-01,2642,宅配通,航運業,20.4,20.4,20.3,20.35,20158
2026-09-29,2643,捷迅,航運業,63.0,63.0,62.7,62.7,3117
2026-09-30,2643,捷迅,航運業,62.7,62.7,62.4,62.6,7184
2026-10-01,2643,捷迅,航運業,62.4,62.5,62.3,62.3,10464
2026-09-29,2645,長榮航太,航運業,172.0,173.5,172.0,172.0,377047
2026-09-30,2645,長榮航太,航運業,172.5,175.0,172.5,173.0,738475
2026-10-01,2645,長榮航太,航運業,174.5,175.5,173.5,174.0,674343
2026-09-29,2646,星宇航空,航運業,20.2,20.2,20.05,20.05,2798512
2026-09-30,2646,星宇航空,航運業,20.1,20.2,20.0,20.15,2874381
2026-10-01,2646,星宇航空,航運業,20.15,20.2,20.05,20.15,2336074
2026-09-29,2701,萬企,觀光餐旅,10.25,10.25,10.25,10.25,27138
2026-09-30,2701,萬企,觀光餐旅,10.3,10.3,10.25,10.3,47342
2026-10-01,2701,萬企,觀光餐旅,10.35,10.35,10.2,10.3,52791
2026-09-29,2702,華園,觀光餐旅,12.7,12.8,12.65,12.65,11443
2026-09-30,2702,華園,觀光餐旅,12.55,12.55,12.05,12.25,351887
2026-10-01,2702,華園,觀光餐旅,12.25,12.35,12.2,12.35,37177
2026-09-29,2704,國賓,觀光餐旅,44.95,45.1,44.55,45.0,121193
2026-09-30,2704,國賓,觀光餐旅,45.4,45.5,45.0,45.45,56258
2026-10-01,2704,國賓,觀光餐旅,45.65,45.7,44.9,45.15,77222
2026-09-29,2705,六福,觀光餐旅,15.15,15.15,15.0,15.05,56174
2026-09-30,2705,六福,觀光餐旅,15.05,15.15,15.05,15.1,107869
2026-10-01,2705,六福,觀光餐旅,15.1,15.25,15.05,15.15,104397
2026-09-29,2706,第一店,觀光餐旅,12.2,12.2,12.1,12.1,93277
2026-09-30,2706,第一店,觀光餐旅,12.15,12.2,12.15,12.2,41574
2026-10-01,2706,第一店,觀光餐旅,12.15,12.2,12.15,12.2,15089
2026-09-29,2707,晶華,觀光餐旅,176.5,176.5,175.0,175.0,158264
2026-09-30,2707,晶華,觀光餐旅,175.5,176.0,175.0,175.5,87939
2026-10-01,2707,晶華,觀光餐旅,175.5,176.0,175.0,176.0,78822
2026-09-29,2712,遠雄來,觀光餐旅,13.4,13.4,13.3,13.4,10100
2026-09-30,2712,遠雄來,觀光餐旅,13.45,13.55,13.45,13.55,15156
2026-10-01,2712,遠雄來,觀光餐旅,13.35,13.35,13.35,13.35,3200
2026-09-29,2718,全心投控,建材營造,40.5,40.65,40.45,40.65,3891
2026-09-30,2718,全心投控,建材營造,40.2,40.5,40.05,40.45,24829
2026-10-01,2718,全心投控,建材營造,40.35,40.6,40.0,40.0,19957
2026-09-29,2719,燦星旅,觀光餐旅,19.3,19.3,19.2,19.2,4377
2026-09-30,2719,燦星旅,觀光餐旅,19.75,19.75,19.75,19.75,1295
2026-10-01,2719,燦星旅,觀光餐旅,20.2,20.2,19.5,19.5,12000
2026-09-29,2722,夏都,觀光餐旅,21.3,21.4,21.2,21.2,55123
2026-09-30,2722,夏都,觀光餐旅,21.4,21.4,21.2,21.4,29571
2026-10-01,2722,夏都,觀光餐旅,21.9,21.9,21.3,21.45,26529
2026-09-29,2723,美食-KY,觀光餐旅,78.3,78.3,76.6,76.6,423602
2026-09-30,2723,美食-KY,觀光餐旅,76.7,77.7,76.7,77.4,127865
2026-10-01,2723,美食-KY,觀光餐旅,77.0,77.8,76.6,77.5,142418
2026-10-01,2724,藝舍-KY,其他,11.8,11.8,11.8,11.8,1100
2026-09-29,2726,雅茗-KY,觀光餐旅,8.1,8.1,8.0,8.03,14050
2026-09-30,2726,雅茗-KY,觀光餐旅,8.07,8.07,7.93,8.0,17200
2026-10-01,2726,雅茗-KY,觀光餐旅,8.08,8.08,8.0,8.0,7110
2026-09-29,2727,王品,觀光餐旅,232.0,235.0,232.0,235.0,427899
2026-09-30,2727,王品,觀光餐旅,233.5,236.0,232.0,236.0,287550
2026-10-01,2727,王品,觀光餐旅,236.0,236.0,233.5,235.0,150961
2026-09-29,2729,瓦城,觀光餐旅,157.5,158.0,157.5,158.0,2582
2026-09-30,2729,瓦城,觀光餐旅,157.0,157.0,156.0,156.0,15946
2026-10-01,2729,瓦城,觀光餐旅,154.5,157.0,154.5,157.0,6588
2026-09-29,2731,雄獅,觀光餐旅,145.0,145.0,143.0,143.0,152724
2026-09-30,2731,雄獅,觀光餐旅,144.5,144.5,143.5,144.5,107592
2026-10-01,2731,雄獅,觀光餐旅,144.5,144.5,143.0,144.0,91631
2026-09-29,2732,六角,觀光餐旅,62.8,64.4,62.7,64.4,11010
2026-09-30,2732,六角,觀光餐旅,63.1,63.3,63.0,63.1,20955
2026-10-01,2732,六角,觀光餐旅,63.0,63.0,62.2,62.8,43809
2026-09-29,2734,易飛網,觀光餐旅,14.45,14.45,14.3,14.4,38636
2026-09-30,2734,易飛網,觀光餐旅,14.4,14.5,14.4,14.45,26770
2026-10-01,2734,易飛網,觀光餐旅,14.35,14.4,14.3,14.35,46209
2026-09-29,2736,富野,觀光餐旅,11.35,11.35,11.25,11.35,16288
2026-09-30,2736,富野,觀光餐旅,11.3,11.4,11.3,11.35,27724
2026-10-01,2736,富野,觀光餐旅,11.3,11.35,11.3,11.3,17082
2026-09-29,2739,寒舍,觀光餐旅,37.1,37.1,36.1,36.25,29683
2026-09-30,2739,寒舍,觀光餐旅,36.5,36.55,36.05,36.55,46707
2026-10-01,2739,寒舍,觀光餐旅,37.0,37.0,36.15,36.5,70879
2026-09-29,2740,華軒,觀光餐旅,30.15,30.65,30.15,30.65,4328
2026-09-30,2740,華軒,觀光餐旅,30.4,30.4,27.9,30.15,13825
2026-10-01,2740,華軒,觀光餐旅,29.1,29.1,28.05,29.0,9142
2026-09-29,2743,山富,觀光餐旅,54.5,54.6,53.3,53.3,22399
2026-09-30,2743,山富,觀光餐旅,53.9,54.0,53.2,53.3,18444
2026-10-01,2743,山富,觀光餐旅,53.3,53.6,52.2,52.3,22873
2026-09-29,2745,五福,觀光餐旅,84.8,84.8,84.0,84.0,37989
2026-09-30,2745,五福,觀光餐旅,85.2,85.2,84.9,84.9,26904
2026-10-01,2745,五福,觀光餐旅,85.5,85.6,84.5,84.6,19549
2026-09-29,2748,雲品,觀光餐旅,38.8,38.8,38.7,38.7,25097
2026-09-30,2748,雲品,觀光餐旅,38.65,38.8,38.65,38.8,48387
2026-10-01,2748,雲品,觀光餐旅,38.8,39.2,38.8,39.1,162917
2026-09-29,2751,王座,觀光餐旅,52.6,53.5,52.6,52.6,4152
2026-09-30,2751,王座,觀光餐旅,52.6,53.4,52.6,52.7,14707
2026-10-01,2751,王座,觀光餐旅,53.6,53.6,52.9,52.9,5292
2026-09-29,2752,豆府,觀光餐旅,178.0,178.0,177.5,177.5,12512
2026-09-30,2752,豆府,觀光餐旅,177.5,177.5,177.0,177.0,10921
2026-10-01,2752,豆府,觀光餐旅,176.0,176.5,175.5,176.5,18047
2026-09-29,2753,八方雲集,觀光餐旅,180.0,180.0,178.5,179.0,108662
2026-09-30,2753,八方雲集,觀光餐旅,179.0,180.5,179.0,180.0,145323
2026-10-01,2753,八方雲集,觀光餐旅,180.5,184.0,180.5,183.5,385921
2026-09-29,2754,亞洲藏壽司,觀光餐旅,68.0,68.0,67.8,68.0,12269
2026-09-30,2754,亞洲藏壽司,觀光餐旅,69.5,69.5,68.0,68.0,18369
2026-10-01,2754,亞洲藏壽司,觀光餐旅,67.8,68.0,67.8,68.0,8239
2026-09-29,2755,揚秦,觀光餐旅,98.9,99.0,98.0,99.0,24851
2026-09-30,2755,揚秦,觀光餐旅,98.9,99.1,98.5,98.9,26267
2026-10-01,2755,揚秦,觀光餐旅,98.9,99.0,98.5,99.0,26721
2026-09-29,2756,聯發國際,觀光餐旅,62.0,62.5,61.7,62.5,8035
2026-09-30,2756,聯發國際,觀光餐旅,62.8,62.8,62.8,62.8,1162
2026-10-01,2756,聯發國際,觀光餐旅,61.5,62.8,61.5,62.8,10006
2026-09-29,2762,世界健身-KY,運動休閒,79.0,79.7,79.0,79.0,21525
2026-09-30,2762,世界健身-KY,運動休閒,79.5,79.5,79.2,79.2,28650
2026-10-01,2762,世界健身-KY,運動休閒,79.4,79.4,77.6,78.4,116056
2026-09-29,2801,彰銀,金融保險,28.05,28.05,27.45,27.5,22785123
2026-09-30,2801,彰銀,金融保險,27.75,27.8,27.45,27.6,17386776
2026-10-01,2801,彰銀,金融保險,27.65,27.65,27.1,27.55,17913790
2026-09-29,2812,台中銀,金融保險,19.05,19.05,18.8,18.8,19296779
2026-09-30,2812,台中銀,金融保險,18.9,19.0,18.85,18.85,14055128
2026-10-01,2812,台中銀,金融保險,18.9,18.95,18.75,18.8,11214795
2026-09-29,2816,旺旺保,金融保險,40.15,40.6,39.75,39.85,309191
2026-09-30,2816,旺旺保,金融保險,39.9,40.35,39.9,40.3,142682
2026-10-01,2816,旺旺保,金融保險,40.5,40.5,39.6,39.65,374701
2026-09-29,2820,華票,金融保險,17.0,17.0,16.8,16.85,2931349
2026-09-30,2820,華票,金融保險,16.85,16.95,16.8,16.85,1915905
2026-10-01,2820,華票,金融保險,16.85,16.85,16.7,16.75,2353366
2026-09-29,2832,台產,金融保險,57.7,57.7,56.8,56.8,203771
2026-09-30,2832,台產,金融保險,57.4,57.4,56.7,56.9,124358
2026-10-01,2832,台產,金融保險,56.9,56.9,56.5,56.8,83583
2026-09-29,2834,臺企銀,金融保險,17.8,17.85,17.6,17.6,33187671
2026-09-30,2834,臺企銀,金融保險,17.75,17.9,17.65,17.75,19394771
2026-10-01,2834,臺企銀,金融保險,17.75,17.75,17.4,17.5,37318805
2026-09-29,2836,高雄銀,金融保險,12.15,12.2,12.0,12.0,1866824
2026-09-30,2836,高雄銀,金融保險,12.05,12.15,12.05,12.1,594652
2026-10-01,2836,高雄銀,金融保險,12.1,12.1,12.0,12.05,1872757
2026-09-29,2838,聯邦銀,金融保險,21.1,21.1,20.5,20.55,4376710
2026-09-30,2838,聯邦銀,金融保險,20.55,20.75,20.55,20.6,1921569
2026-10-01,2838,聯邦銀,金融保險,20.6,20.9,20.45,20.65,2848143
2026-09-29,2845,遠東銀,金融保險,13.3,13.3,13.1,13.1,9621102
2026-09-30,2845,遠東銀,金融保險,13.25,13.25,13.1,13.1,7130250
2026-10-01,2845,遠東銀,金融保險,13.1,13.15,12.95,13.1,14841518
2026-09-29,2849,安泰銀,金融保險,15.65,15.8,15.5,15.5,150507
2026-09-30,2849,安泰銀,金融保險,15.5,16.2,15.5,16.05,174179
2026-10-01,2849,安泰銀,金融保險,15.95,16.05,15.8,16.0,54065
2026-09-29,2850,新產,金融保險,157.0,163.0,157.0,161.0,649133
2026-09-30,2850,新產,金融保險,160.5,163.0,159.5,163.0,1404165
2026-10-01,2850,新產,金融保險,162.5,162.5,156.0,157.0,649343
2026-09-29,2851,中再保,金融保險,47.45,48.1,46.75,47.05,1827052
2026-09-30,2851,中再保,金融保險,47.05,47.45,46.85,47.2,1080401
2026-10-01,2851,中再保,金融保險,47.2,47.2,45.7,46.1,3396289
2026-09-29,2852,第一保,金融保險,28.0,28.0,27.7,27.7,331084
2026-09-30,2852,第一保,金融保險,27.9,27.9,27.7,27.85,145286
2026-10-01,2852,第一保,金融保險,27.8,27.8,27.55,27.6,380754
2026-09-29,2855,統一證,金融保險,57.5,57.5,55.0,55.5,6563643
2026-09-30,2855,統一證,金融保險,55.9,56.8,55.8,56.6,5195072
2026-10-01,2855,統一證,金融保險,56.5,56.7,54.7,56.4,4222173
2026-09-29,2880,華南金,金融保險,46.0,46.2,44.7,44.9,12588665
2026-09-30,2880,華南金,金融保險,45.7,46.0,45.1,45.35,13559866
2026-10-01,2880,華南金,金融保險,45.15,45.4,44.0,45.25,13395509
2026-09-29,2881,富邦金,金融保險,150.0,155.0,150.0,151.5,14184273
2026-09-30,2881,富邦金,金融保險,153.0,153.5,151.0,151.0,11350421
2026-10-01,2881,富邦金,金融保險,151.0,151.5,147.5,150.5,18246085
2026-09-29,2882,國泰金,金融保險,112.0,113.5,110.5,111.5,19177458
2026-09-30,2882,國泰金,金融保險,111.5,112.5,111.0,111.0,22090817
2026-10-01,2882,國泰金,金融保險,112.0,112.0,109.0,110.5,20285318
2026-09-29,2883,凱基金,金融保險,39.3,39.75,38.85,38.95,37568266
2026-09-30,2883,凱基金,金融保險,39.4,39.4,38.75,38.85,34492869
2026-10-01,2883,凱基金,金融保險,38.6,38.75,36.4,36.9,124035181
2026-09-29,2884,玉山金,金融保險,45.0,45.95,44.9,44.9,32018146
2026-09-30,2884,玉山金,金融保險,45.2,45.35,44.75,44.85,30746754
2026-10-01,2884,玉山金,金融保險,44.8,45.45,44.2,45.35,29162352
2026-09-29,2885,元大金,金融保險,70.0,70.0,68.5,68.7,20346003
2026-09-30,2885,元大金,金融保險,69.2,69.3,68.5,68.5,16759201
2026-10-01,2885,元大金,金融保險,68.5,68.5,66.5,67.4,23394934
2026-09-29,2886,兆豐金,金融保險,49.6,49.8,48.95,49.1,20847357
2026-09-30,2886,兆豐金,金融保險,49.55,49.55,49.0,49.15,16038181
2026-10-01,2886,兆豐金,金融保險,49.0,49.15,48.4,48.85,30290335
2026-09-29,2887,台新新光金,金融保險,43.0,43.0,41.65,41.8,46941880
2026-09-30,2887,台新新光金,金融保險,42.45,42.45,41.95,41.95,34912298
2026-10-01,2887,台新新光金,金融保險,41.9,41.9,40.1,41.25,82708620
2026-09-29,2889,國票金,金融保險,16.6,16.6,16.4,16.4,9771251
2026-09-30,2889,國票金,金融保險,16.5,16.65,16.45,16.5,6708250
2026-10-01,2889,國票金,金融保險,16.5,16.55,16.05,16.15,11163653
2026-09-29,2890,永豐金,金融保險,45.3,45.45,43.8,43.9,34667144
2026-09-30,2890,永豐金,金融保險,44.3,44.75,44.0,44.25,18029307
2026-10-01,2890,永豐金,金融保險,44.25,44.35,43.1,43.65,22127376
2026-09-29,2891,中信金,金融保險,67.3,69.7,67.3,68.7,27538151
2026-09-30,2891,中信金,金融保險,69.6,69.6,68.4,68.4,26479156
2026-10-01,2891,中信金,金融保險,68.1,68.4,67.1,67.9,28647138
2026-09-29,2892,第一金,金融保險,39.5,39.55,38.55,38.6,26936589
2026-09-30,2892,第一金,金融保險,39.25,39.25,38.45,38.65,29031962
2026-10-01,2892,第一金,金融保險,38.35,38.9,38.15,38.7,18760717
2026-09-29,2897,王道銀行,金融保險,11.05,11.1,10.95,10.95,4961924
2026-09-30,2897,王道銀行,金融保險,11.0,11.0,10.9,10.9,3869500
2026-10-01,2897,王道銀行,金融保險,10.95,10.95,10.65,10.8,8785321
2026-09-29,2901,欣欣,貿易百貨,23.6,23.8,23.5,23.8,50924
2026-09-30,2901,欣欣,貿易百貨,23.85,24.5,23.85,24.15,35495
2026-10-01,2901,欣欣,貿易百貨,24.15,24.8,24.15,24.8,36636
2026-09-29,2903,遠百,貿易百貨,22.1,22.2,21.9,21.9,1122713
2026-09-30,2903,遠百,貿易百貨,22.1,22.2,21.95,22.15,1760740
2026-10-01,2903,遠百,貿易百貨,22.15,22.15,21.85,21.95,1960447
2026-09-29,2904,匯僑,其他,12.75,12.75,12.6,12.6,16574
2026-09-30,2904,匯僑,其他,12.55,12.65,12.55,12.6,29328
2026-10-01,2904,匯僑,其他,12.6,12.7,12.6,12.7,6487
2026-09-29,2905,三商,貿易百貨,18.4,18.45,18.0,18.0,1238085
2026-09-30,2905,三商,貿易百貨,18.1,18.35,18.1,18.3,770644
2026-10-01,2905,三商,貿易百貨,18.3,18.3,17.9,18.05,1176639
2026-09-29,2906,高林,貿易百貨,13.5,13.5,13.3,13.3,67157
2026-09-30,2906,高林,貿易百貨,13.3,13.4,13.3,13.4,79256
2026-10-01,2906,高林,貿易百貨,13.35,13.4,13.3,13.4,40114
2026-09-29,2908,特力,貿易百貨,22.0,22.0,21.6,21.7,286050
2026-09-30,2908,特力,貿易百貨,21.7,22.05,21.7,22.05,256712
2026-10-01,2908,特力,貿易百貨,22.05,22.1,22.0,22.1,260894
2026-09-29,2910,統領,貿易百貨,23.35,23.35,23.0,23.1,20115
2026-09-30,2910,統領,貿易百貨,23.65,23.65,23.25,23.6,33005
2026-10-01,2910,統領,貿易百貨,23.6,23.6,23.6,23.6,1000
2026-09-29,2911,麗嬰房,貿易百貨,6.1,6.11,6.02,6.03,124868
2026-09-30,2911,麗嬰房,貿易百貨,6.04,6.09,6.02,6.08,111425
2026-10-01,2911,麗嬰房,貿易百貨,6.08,6.24,6.0,6.14,90769
2026-09-29,2912,統一超,貿易百貨,213.0,213.0,211.5,212.0,1493082
2026-09-30,2912,統一超,貿易百貨,214.0,214.0,212.0,212.5,1661585
2026-10-01,2912,統一超,貿易百貨,212.0,212.5,210.5,212.5,2207660
2026-09-29,2913,農林,貿易百貨,11.0,11.1,11.0,11.0,729074
2026-09-30,2913,農林,貿易百貨,11.05,11.15,11.0,11.15,883050
2026-10-01,2913,農林,貿易百貨,11.1,11.1,11.0,11.1,345222
2026-09-29,2915,潤泰全,貿易百貨,60.1,60.1,58.5,58.5,1554776
2026-09-30,2915,潤泰全,貿易百貨,58.5,59.2,58.5,58.8,1295830
2026-10-01,2915,潤泰全,貿易百貨,58.7,58.8,57.7,58.3,1152943
2026-09-29,2916,滿心,居家生活,40.45,40.55,40.45,40.55,7567
2026-09-30,2916,滿心,居家生活,40.55,40.55,40.5,40.55,10152
2026-10-01,2916,滿心,居家生活,40.5,40.55,40.4,40.5,12148
2026-09-29,2923,鼎固-KY,建材營造,24.9,25.0,23.9,23.9,116429
2026-09-30,2923,鼎固-KY,建材營造,24.8,25.55,24.35,25.45,152576
2026-10-01,2923,鼎固-KY,建材營造,25.45,25.45,25.15,25.4,44485
2026-09-29,2924,宏太-KY,居家生活,17.3,18.95,17.3,18.45,8030
2026-09-30,2924,宏太-KY,居家生活,18.4,18.4,16.7,18.3,19000
2026-10-01,2924,宏太-KY,居家生活,18.85,18.85,18.85,18.85,1000
2026-09-29,2926,誠品生活,文化創意,30.1,30.1,29.1,29.55,18375
2026-09-30,2926,誠品生活,文化創意,29.55,30.2,29.5,30.2,12016
2026-10-01,2926,誠品生活,文化創意,30.5,30.5,30.3,30.3,3290
2026-09-29,2929,淘帝-KY,貿易百貨,5.9,5.92,5.81,5.81,102847
2026-09-30,2929,淘帝-KY,貿易百貨,5.81,5.91,5.78,5.83,81468
2026-10-01,2929,淘帝-KY,貿易百貨,5.83,5.83,5.77,5.81,34652
2026-09-29,2937,集雅社,居家生活,44.7,44.7,44.7,44.7,5006
2026-09-30,2937,集雅社,居家生活,44.7,44.7,44.7,44.7,1000
2026-09-29,2938,床的世界,居家生活,18.6,18.6,18.5,18.55,27291
2026-09-30,2938,床的世界,居家生活,18.4,18.7,18.4,18.6,32154
2026-10-01,2938,床的世界,居家生活,18.5,18.55,18.45,18.5,42573
2026-09-29,2939,永邑-KY,貿易百貨,19.85,20.25,19.65,20.25,51000
2026-09-30,2939,永邑-KY,貿易百貨,20.05,22.0,20.05,21.9,92004
2026-10-01,2939,永邑-KY,貿易百貨,21.9,22.0,21.5,21.95,24032
2026-09-29,2941,米斯特,居家生活,32.15,32.15,32.15,32.15,1000
2026-09-30,2941,米斯特,居家生活,31.0,31.0,31.0,31.0,4058
2026-10-01,2941,米斯特,居家生活,30.95,31.0,30.95,31.0,6000
2026-09-29,2945,三商家購,貿易百貨,39.6,39.9,39.6,39.8,25135
2026-09-30,2945,三商家購,貿易百貨,39.85,39.85,39.8,39.85,20699
2026-10-01,2945,三商家購,貿易百貨,39.8,39.95,39.55,39.9,21688
2026-09-30,2947,振宇五金,居家生活,60.6,60.6,60.5,60.5,8146
2026-10-01,2947,振宇五金,居家生活,60.5,60.5,60.5,60.5,9398
2026-09-29,2948,寶陞,居家生活,36.2,36.9,36.2,36.8,6093
2026-09-30,2948,寶陞,居家生活,37.4,37.4,37.4,37.4,1438
2026-10-01,2948,寶陞,居家生活,37.7,37.75,36.5,36.5,6075
2026-09-30,2949,欣新網,數位雲端,65.0,70.4,65.0,68.9,15288
2026-09-29,3002,歐格,電腦及週邊,18.8,19.0,18.6,18.9,138621
2026-09-30,3002,歐格,電腦及週邊,19.1,19.85,19.1,19.3,327819
2026-10-01,3002,歐格,電腦及週邊,19.2,20.05,19.05,19.45,397346
2026-09-29,3003,健和興,電子零組件,59.9,60.4,59.5,59.7,286357
2026-09-30,3003,健和興,電子零組件,60.5,60.7,59.9,60.4,334494
2026-10-01,3003,健和興,電子零組件,60.4,60.4,59.5,59.8,205478
2026-09-29,3004,豐達科,鋼鐵工業,117.0,118.5,117.0,117.5,85163
2026-09-30,3004,豐達科,鋼鐵工業,118.5,119.5,118.0,119.0,165706
2026-10-01,3004,豐達科,鋼鐵工業,119.5,123.5,119.0,121.0,488162
2026-09-29,3005,神基,電腦及週邊,116.5,117.5,116.0,117.0,983939
2026-09-30,3005,神基,電腦及週邊,117.5,118.0,116.0,116.5,1298870
2026-10-01,3005,神基,電腦及週邊,117.0,117.5,116.5,117.5,975079
2026-09-29,3006,晶豪科,半導體,272.0,286.5,270.0,285.0,9171752
2026-09-30,3006,晶豪科,半導體,286.0,290.0,282.0,286.0,8256303
2026-10-01,3006,晶豪科,半導體,285.0,285.0,279.0,281.0,6910568
2026-09-29,3008,大立光,光電,6100.0,6205.0,5940.0,6020.0,1784096
2026-09-30,3008,大立光,光電,6010.0,6090.0,5945.0,5945.0,1670350
2026-10-01,3008,大立光,光電,5950.0,6225.0,5740.0,6205.0,2312558
2026-09-29,3010,華立,電子通路,126.0,127.0,125.0,125.0,367596
2026-09-30,3010,華立,電子通路,127.0,127.0,125.0,125.5,343187
2026-10-01,3010,華立,電子通路,126.0,127.0,125.0,126.0,392956
2026-09-29,3011,今皓,電子零組件,10.0,10.0,9.9,9.9,174436
2026-09-30,3011,今皓,電子零組件,9.97,10.2,9.97,10.15,270226
2026-10-01,3011,今皓,電子零組件,10.2,10.2,9.96,10.05,291227
2026-09-29,3013,晟銘電,電腦及週邊,84.4,85.0,83.9,84.0,637300
2026-09-30,3013,晟銘電,電腦及週邊,85.1,91.4,85.1,86.8,2758145
2026-10-01,3013,晟銘電,電腦及週邊,87.1,94.0,85.8,94.0,5259584
2026-09-29,3014,聯陽,半導體,140.5,145.0,139.5,143.5,3216326
2026-09-30,3014,聯陽,半導體,144.5,144.5,141.0,141.5,1815815
2026-10-01,3014,聯陽,半導體,141.5,144.0,141.0,142.0,1276071
2026-09-29,3015,全漢,電子零組件,53.8,54.4,53.2,53.7,341596
2026-09-30,3015,全漢,電子零組件,54.2,55.4,53.8,55.2,529686
2026-10-01,3015,全漢,電子零組件,55.2,55.3,54.3,54.6,338875
2026-09-29,3016,嘉晶,半導體,165.0,176.0,161.5,172.5,75400142
2026-09-30,3016,嘉晶,半導體,170.0,172.5,165.0,169.0,43282581
2026-10-01,3016,嘉晶,半導體,169.0,169.0,162.5,168.0,5580762
2026-09-29,3017,奇鋐,電腦及週邊,3420.0,3460.0,3285.0,3400.0,3928028
2026-09-30,3017,奇鋐,電腦及週邊,3455.0,3575.0,3405.0,3435.0,3653169
2026-10-01,3017,奇鋐,電腦及週邊,3435.0,3520.0,3300.0,3510.0,3303220
2026-09-29,3018,隆銘綠能,其他電子,11.8,12.0,11.8,11.95,30637
2026-09-30,3018,隆銘綠能,其他電子,11.95,12.0,11.9,12.0,36173
2026-10-01,3018,隆銘綠能,其他電子,12.0,12.25,11.9,12.25,23483
2026-09-29,3019,亞光,光電,135.0,137.5,134.5,135.5,1562554
2026-09-30,3019,亞光,光電,136.0,137.0,136.0,136.5,1304111
2026-10-01,3019,亞光,光電,136.5,137.5,135.5,137.0,1848644
2026-09-29,3021,鴻名,電子零組件,29.4,29.6,28.7,29.6,1253253
2026-09-30,3021,鴻名,電子零組件,30.9,31.0,28.0,28.45,3337096
2026-10-01,3021,鴻名,電子零組件,28.45,29.15,28.1,28.15,1240592
2026-09-29,3022,威強電,電腦及週邊,93.1,95.4,92.6,93.0,1607789
2026-09-30,3022,威強電,電腦及週邊,93.6,93.9,91.9,92.3,1114495
2026-10-01,3022,威強電,電腦及週邊,92.3,93.4,91.6,92.6,863351
2026-09-29,3023,信邦,電子零組件,310.0,313.0,306.0,307.5,885891
2026-09-30,3023,信邦,電子零組件,312.0,312.5,304.5,307.0,1125085
2026-10-01,3023,信邦,電子零組件,306.5,309.5,305.0,309.0,715936
2026-09-29,3024,憶聲,光電,14.5,14.5,14.1,14.2,944848
2026-09-30,3024,憶聲,光電,14.2,14.35,14.15,14.2,473733
2026-10-01,3024,憶聲,光電,14.4,14.4,14.05,14.1,562192
2026-09-29,3025,星通,通信網路,52.4,53.0,52.3,52.4,70091
2026-09-30,3025,星通,通信網路,52.6,53.1,52.5,52.9,156196
2026-10-01,3025,星通,通信網路,56.0,58.1,55.7,58.1,706836
2026-09-29,3026,禾伸堂,電子零組件,804.0,804.0,785.0,796.0,5185200
2026-09-30,3026,禾伸堂,電子零組件,815.0,822.0,790.0,791.0,6314086
2026-10-01,3026,禾伸堂,電子零組件,796.0,870.0,796.0,852.0,18518160
2026-09-29,3027,盛達,通信網路,18.5,18.75,18.4,18.4,130399
2026-09-30,3027,盛達,通信網路,18.45,19.0,18.45,18.9,249111
2026-10-01,3027,盛達,通信網路,18.95,19.0,18.5,18.7,115914
2026-09-29,3028,增你強,電子通路,62.7,63.6,62.6,62.7,536354
2026-09-30,3028,增你強,電子通路,63.0,63.4,62.7,62.9,562381
2026-10-01,3028,增你強,電子通路,62.9,62.9,62.0,62.1,560567
2026-09-29,3029,零壹,資訊服務,120.0,120.5,116.5,117.5,1708421
2026-09-30,3029,零壹,資訊服務,118.5,121.5,116.5,120.0,1546881
2026-10-01,3029,零壹,資訊服務,120.0,120.5,118.5,119.0,920932
2026-09-29,3030,德律,其他電子,270.5,280.5,269.0,276.0,1413018
2026-09-30,3030,德律,其他電子,279.0,284.5,275.0,279.0,975680
2026-10-01,3030,德律,其他電子,281.5,290.0,278.5,289.0,1666287
2026-09-29,3031,佰鴻,光電,30.35,31.65,30.3,31.25,10641422
2026-09-30,3031,佰鴻,光電,31.25,31.45,30.4,30.8,3719886
2026-10-01,3031,佰鴻,光電,30.6,31.5,30.1,30.5,2758118
2026-09-29,3032,偉訓,電子零組件,78.3,78.6,77.5,77.9,294028
2026-09-30,3032,偉訓,電子零組件,77.9,78.8,77.9,78.3,165408
2026-10-01,3032,偉訓,電子零組件,78.9,79.9,78.4,79.3,310689
2026-09-29,3033,威健,電子通路,41.8,42.35,41.7,42.0,2109280
2026-09-30,3033,威健,電子通路,42.35,43.0,42.2,42.6,3088593
2026-10-01,3033,威健,電子通路,42.8,42.8,42.3,42.4,1485998
2026-09-29,3034,聯詠,半導體,550.0,550.0,538.0,540.0,2795234
2026-09-30,3034,聯詠,半導體,543.0,556.0,537.0,546.0,4490920
2026-10-01,3034,聯詠,半導體,546.0,551.0,541.0,547.0,2451830
2026-09-29,3035,智原,半導體,208.0,217.0,204.5,210.0,7221057
2026-09-30,3035,智原,半導體,210.5,215.5,208.0,210.5,5825258
2026-10-01,3035,智原,半導體,210.0,214.0,208.5,213.0,4389347
2026-09-29,3036,文曄,電子通路,206.5,207.5,205.0,207.5,4569244
2026-09-30,3036,文曄,電子通路,209.5,210.0,205.5,205.5,7228161
2026-10-01,3036,文曄,電子通路,206.0,213.0,205.0,212.5,9949553
2026-09-29,3037,欣興,電子零組件,1170.0,1185.0,1130.0,1165.0,10830272
2026-09-30,3037,欣興,電子零組件,1175.0,1190.0,1155.0,1175.0,10764941
2026-10-01,3037,欣興,電子零組件,1195.0,1230.0,1170.0,1215.0,15498297
2026-09-29,3038,全台,光電,20.3,20.5,20.3,20.3,140660
2026-09-30,3038,全台,光電,20.4,21.0,20.4,20.8,540962
2026-10-01,3038,全台,光電,20.9,20.9,20.6,20.9,203975
2026-09-29,3040,遠見,其他,34.85,34.85,33.85,33.85,159639
2026-09-30,3040,遠見,其他,34.35,34.35,33.7,33.85,114291
2026-10-01,3040,遠見,其他,33.85,33.9,33.4,33.4,175521
2026-09-29,3041,揚智,半導體,23.2,23.75,23.2,23.6,343091
2026-09-30,3041,揚智,半導體,23.95,24.5,23.9,24.35,1284122
2026-10-01,3041,揚智,半導體,24.35,25.3,24.35,24.65,1067759
2026-09-29,3042,晶技,電子零組件,214.5,222.5,205.0,208.5,34407830
2026-09-30,3042,晶技,電子零組件,208.5,218.5,206.0,210.0,26893773
2026-10-01,3042,晶技,電子零組件,210.0,224.0,207.5,218.5,34574954
2026-09-29,3043,科風,其他電子,20.0,20.8,20.0,20.1,97293
2026-09-30,3043,科風,其他電子,20.65,20.65,20.25,20.35,46179
2026-10-01,3043,科風,其他電子,20.35,20.35,20.15,20.25,58243
2026-09-29,3044,健鼎,電子零組件,530.0,535.0,520.0,521.0,2303013
2026-09-30,3044,健鼎,電子零組件,525.0,537.0,522.0,525.0,2375027
2026-10-01,3044,健鼎,電子零組件,523.0,529.0,521.0,529.0,1557583
2026-09-29,3045,台灣大,通信網路,122.5,122.5,120.5,121.0,5806538
2026-09-30,3045,台灣大,通信網路,121.0,121.0,118.0,119.5,9996628
2026-10-01,3045,台灣大,通信網路,120.0,122.0,119.5,122.0,5834785
2026-09-29,3046,建碁,電腦及週邊,53.6,54.3,53.3,53.6,65074
2026-09-30,3046,建碁,電腦及週邊,53.6,54.0,53.5,53.6,106783
2026-10-01,3046,建碁,電腦及週邊,53.5,53.6,53.2,53.5,95148
2026-09-29,3047,訊舟,通信網路,14.55,14.75,14.4,14.55,493787
2026-09-30,3047,訊舟,通信網路,14.7,14.85,14.65,14.75,706314
2026-10-01,3047,訊舟,通信網路,14.75,14.75,14.45,14.5,461361
2026-09-29,3048,益登,電子通路,51.9,52.0,51.0,51.1,1041856
2026-09-30,3048,益登,電子通路,51.8,52.0,51.4,51.7,783996
2026-10-01,3048,益登,電子通路,51.7,52.9,51.7,52.8,1773847
2026-09-29,3049,精金,光電,12.25,12.45,12.15,12.15,2310163
2026-09-30,3049,精金,光電,12.25,12.9,12.25,12.65,9024072
2026-10-01,3049,精金,光電,12.65,12.65,12.2,12.3,4037187
2026-09-29,3050,鈺德,光電,11.5,11.65,11.45,11.65,316070
2026-09-30,3050,鈺德,光電,11.65,12.0,11.65,11.95,774861
2026-10-01,3050,鈺德,光電,11.85,11.9,11.6,11.75,949207
2026-09-29,3051,力特,光電,22.25,22.85,22.25,22.65,336487
2026-09-30,3051,力特,光電,22.95,23.75,22.9,23.3,1256851
2026-10-01,3051,力特,光電,23.5,23.5,22.95,23.0,465031
2026-09-29,3052,夆典,建材營造,10.4,10.45,10.35,10.35,132344
2026-09-30,3052,夆典,建材營造,10.35,10.45,10.35,10.4,235038
2026-10-01,3052,夆典,建材營造,10.4,10.55,10.4,10.45,388657
2026-09-29,3054,立萬利,電子通路,59.0,59.4,58.6,58.8,92619
2026-09-30,3054,立萬利,電子通路,59.1,59.5,58.5,59.4,151637
2026-10-01,3054,立萬利,電子通路,59.2,59.6,58.5,59.6,123164
2026-09-29,3055,蔚華科,電子通路,196.0,207.5,191.5,203.5,7359541
2026-09-30,3055,蔚華科,電子通路,201.0,211.0,195.0,209.5,15323703
2026-10-01,3055,蔚華科,電子通路,208.0,212.0,202.0,210.0,1429994
2026-09-29,3056,富華新,建材營造,14.05,14.05,13.8,13.85,425780
2026-09-30,3056,富華新,建材營造,13.85,13.9,13.7,13.85,508737
2026-10-01,3056,富華新,建材營造,13.85,13.85,13.7,13.75,422164
2026-09-29,3057,喬鼎,電腦及週邊,15.95,16.35,15.7,16.25,85796
2026-09-30,3057,喬鼎,電腦及週邊,16.25,16.3,16.1,16.2,15334
2026-10-01,3057,喬鼎,電腦及週邊,16.4,16.45,15.9,15.9,117456
2026-09-29,3058,立德,電子零組件,8.22,8.25,8.14,8.15,282792
2026-09-30,3058,立德,電子零組件,8.23,8.23,8.16,8.2,336204
2026-10-01,3058,立德,電子零組件,8.2,8.21,8.14,8.15,280976
2026-09-29,3059,華晶科,光電,37.95,38.3,37.8,37.85,754485
2026-09-30,3059,華晶科,光電,38.25,38.8,38.15,38.75,1575182
2026-10-01,3059,華晶科,光電,39.0,39.0,38.15,38.3,1140406
2026-09-29,3060,銘異,電腦及週邊,26.7,28.35,26.7,27.45,2096629
2026-09-30,3060,銘異,電腦及週邊,28.0,29.0,27.65,28.1,2271586
2026-10-01,3060,銘異,電腦及週邊,28.15,29.4,28.15,28.3,1766140
2026-09-29,3062,建漢,通信網路,21.9,22.35,21.85,22.0,1045142
2026-09-30,3062,建漢,通信網路,22.55,23.1,22.3,22.9,3202355
2026-10-01,3062,建漢,通信網路,22.65,22.8,22.15,22.25,1441699
2026-10-01,3064,泰偉,文化創意,15.75,15.75,15.75,15.75,3831
2026-09-29,3066,李洲,光電,27.5,29.95,27.25,29.5,2779985
2026-09-30,3066,李洲,光電,29.25,29.75,28.55,29.2,2402034
2026-10-01,3066,李洲,光電,29.3,30.25,28.6,28.9,1584615
2026-09-29,3067,全域,居家生活,16.9,16.9,16.9,16.9,1000
2026-09-29,3071,協禧,電腦及週邊,23.0,23.0,22.85,22.9,106810
2026-09-30,3071,協禧,電腦及週邊,23.0,23.2,22.9,23.05,126001
2026-10-01,3071,協禧,電腦及週邊,23.1,23.2,22.85,23.05,143876
2026-09-29,3073,天方能源,綠能環保,20.5,20.85,20.5,20.6,13694
2026-09-30,3073,天方能源,綠能環保,20.95,21.0,20.55,20.6,9611
2026-10-01,3073,天方能源,綠能環保,20.6,20.95,20.5,20.5,8476
2026-09-29,3078,僑威,電子零組件,45.45,46.1,45.45,45.65,284931
2026-09-30,3078,僑威,電子零組件,45.85,46.2,45.8,46.15,359094
2026-10-01,3078,僑威,電子零組件,46.3,46.3,45.5,45.75,402172
2026-09-29,3081,聯亞,通信網路,2700.0,2735.0,2645.0,2650.0,1244647
2026-09-30,3081,聯亞,通信網路,2700.0,2730.0,2665.0,2695.0,1417727
2026-10-01,3081,聯亞,通信網路,2690.0,2720.0,2605.0,2660.0,1921571
2026-09-29,3083,網龍,文化創意,22.9,22.9,22.7,22.7,47020
2026-09-30,3083,網龍,文化創意,22.7,22.75,22.6,22.6,60339
2026-10-01,3083,網龍,文化創意,22.7,24.25,22.65,23.95,274527
2026-09-29,3085,新零售,數位雲端,11.2,11.4,11.2,11.4,8152
2026-09-30,3085,新零售,數位雲端,11.5,12.1,11.5,12.1,4528
2026-09-29,3086,華義*,文化創意,29.9,29.9,27.5,27.7,132801
2026-09-30,3086,華義*,文化創意,27.2,28.1,27.1,27.4,97415
2026-10-01,3086,華義*,文化創意,27.4,27.8,27.1,27.35,65389
2026-09-29,3088,艾訊,電腦及週邊,130.0,137.5,130.0,136.0,1736593
2026-09-30,3088,艾訊,電腦及週邊,138.0,138.5,133.0,133.5,962646
2026-10-01,3088,艾訊,電腦及週邊,134.0,135.0,132.5,132.5,441048
2026-09-29,3090,日電貿,電子零組件,163.5,164.0,160.0,161.0,1579579
2026-09-30,3090,日電貿,電子零組件,163.0,163.5,161.0,161.0,1199853
2026-10-01,3090,日電貿,電子零組件,162.0,171.5,162.0,169.0,8362101
2026-09-29,3092,鴻碩,電子零組件,22.75,23.1,22.7,22.75,148779
2026-09-30,3092,鴻碩,電子零組件,22.8,25.0,22.75,25.0,1373868
2026-10-01,3092,鴻碩,電子零組件,24.7,24.9,24.0,24.3,756516
2026-09-29,3093,港建*,其他電子,44.75,45.3,43.3,43.9,356587
2026-09-30,3093,港建*,其他電子,44.5,44.95,44.3,44.7,211123
2026-10-01,3093,港建*,其他電子,44.75,45.9,44.3,45.85,266768
2026-09-29,3094,聯傑,半導體,53.0,59.7,52.7,59.7,10028323
2026-09-30,3094,聯傑,半導體,62.1,62.5,59.0,61.6,38839091
2026-10-01,3094,聯傑,半導體,61.8,67.7,61.7,67.7,29571938
2026-09-29,3095,及成,通信網路,33.6,34.0,33.45,34.0,5027
2026-09-30,3095,及成,通信網路,33.25,33.55,33.2,33.5,8167
2026-10-01,3095,及成,通信網路,33.3,33.3,33.2,33.2,5179
2026-09-29,3105,穩懋,半導體,496.5,498.5,484.5,493.0,15337974
2026-09-30,3105,穩懋,半導體,509.0,542.0,509.0,542.0,43189140
2026-10-01,3105,穩懋,半導體,546.0,546.0,529.0,538.0,26937664
2026-09-29,3114,好德,電子零組件,35.0,36.5,34.55,35.0,1782298
2026-09-30,3114,好德,電子零組件,35.8,35.8,33.9,34.6,651466
2026-10-01,3114,好德,電子零組件,34.6,38.05,34.6,36.05,3014802
2026-09-29,3115,富榮綱,電子零組件,7.88,8.7,7.88,8.6,14905
2026-09-30,3115,富榮綱,電子零組件,8.5,8.69,8.17,8.5,23440
2026-10-01,3115,富榮綱,電子零組件,8.3,8.3,8.18,8.2,8106
2026-09-29,3118,進階,生技醫療,31.0,31.35,30.8,31.35,29199
2026-09-30,3118,進階,生技醫療,31.6,31.75,31.3,31.3,48876
2026-10-01,3118,進階,生技醫療,31.3,31.55,31.3,31.55,7182
2026-09-29,3122,笙泉,半導體,23.5,23.7,23.0,23.5,38741
2026-09-30,3122,笙泉,半導體,23.35,24.45,23.35,24.2,73720
2026-10-01,3122,笙泉,半導體,24.2,24.5,24.05,24.5,22406
2026-09-29,3128,昇銳,光電,20.5,20.5,20.15,20.35,39603
2026-09-30,3128,昇銳,光電,20.35,20.35,20.2,20.35,60988
2026-10-01,3128,昇銳,光電,20.5,20.5,20.05,20.05,80338
2026-09-29,3130,一零四,數位雲端,208.5,209.0,208.5,209.0,39946
2026-09-30,3130,一零四,數位雲端,209.0,210.0,209.0,209.0,46556
2026-10-01,3130,一零四,數位雲端,209.0,210.0,208.5,210.0,64449
2026-09-29,3131,弘塑,半導體,2420.0,2550.0,2420.0,2475.0,556292
2026-09-30,3131,弘塑,半導體,2505.0,2590.0,2435.0,2525.0,767966
2026-10-01,3131,弘塑,半導體,2500.0,2530.0,2370.0,2380.0,680884
2026-09-29,3135,凌航,半導體,156.0,158.0,155.5,156.5,262621
2026-09-30,3135,凌航,半導體,157.5,158.5,157.0,158.0,336645
2026-10-01,3135,凌航,半導體,159.0,159.0,157.0,157.0,326702
2026-09-29,3138,耀登,通信網路,98.0,99.9,98.0,98.1,439498
2026-09-30,3138,耀登,通信網路,99.0,102.5,99.0,101.0,589688
2026-10-01,3138,耀登,通信網路,100.0,100.5,98.5,99.0,365535
2026-09-29,3141,晶宏,半導體,83.9,86.6,83.7,85.2,1556450
2026-09-30,3141,晶宏,半導體,85.7,86.2,84.1,85.3,1076359
2026-10-01,3141,晶宏,半導體,85.5,86.8,84.1,84.5,1474892
2026-09-29,3147,大綜,資訊服務,240.0,244.5,237.0,243.0,580123
2026-09-30,3147,大綜,資訊服務,245.5,250.0,243.5,243.5,543552
2026-10-01,3147,大綜,資訊服務,242.0,267.5,240.0,267.5,1672964
2026-09-29,3149,正達,光電,63.2,68.0,63.0,67.3,9373933
2026-09-30,3149,正達,光電,69.5,74.0,69.0,74.0,18806124
2026-10-01,3149,正達,光電,74.3,76.1,72.2,74.3,37136003
2026-09-29,3150,鈺寶-創,半導體,15.35,15.55,15.15,15.15,41000
2026-09-30,3150,鈺寶-創,半導體,15.2,15.65,15.15,15.65,23000
2026-10-01,3150,鈺寶-創,半導體,15.7,15.8,15.45,15.7,32133
2026-09-29,3152,璟德,通信網路,226.5,229.0,226.0,226.0,88925
2026-09-30,3152,璟德,通信網路,227.0,235.5,226.5,231.0,90844
2026-10-01,3152,璟德,通信網路,232.0,235.0,230.0,232.5,104944
2026-09-29,3158,嘉實,資訊服務,85.3,85.3,84.9,85.2,14634
2026-09-30,3158,嘉實,資訊服務,85.0,85.1,84.9,84.9,20401
2026-10-01,3158,嘉實,資訊服務,85.9,85.9,84.3,84.5,29883
2026-09-29,3162,精確,電機機械,75.1,80.9,75.1,80.9,4087589
2026-09-30,3162,精確,電機機械,81.9,87.9,81.7,85.4,7118616
2026-10-01,3162,精確,電機機械,86.0,92.0,86.0,87.5,7506043
2026-09-29,3163,波若威,通信網路,648.0,656.0,639.0,646.0,1040579
2026-09-30,3163,波若威,通信網路,658.0,664.0,643.0,643.0,1071193
2026-10-01,3163,波若威,通信網路,653.0,676.0,647.0,651.0,3136327
2026-09-29,3164,景岳,生技醫療,16.4,16.65,16.4,16.6,102558
2026-09-30,3164,景岳,生技醫療,16.4,16.55,16.35,16.55,33172
2026-10-01,3164,景岳,生技醫療,16.5,16.6,16.5,16.5,30213
2026-09-29,3167,大量,電機機械,936.0,946.0,895.0,903.0,4902893
2026-09-30,3167,大量,電機機械,902.0,906.0,879.0,887.0,4139180
2026-10-01,3167,大量,電機機械,908.0,975.0,908.0,975.0,9021626
2026-09-29,3168,眾福科,光電,42.3,42.3,42.15,42.15,8000
2026-09-30,3168,眾福科,光電,42.25,42.8,42.2,42.8,12455
2026-10-01,3168,眾福科,光電,42.8,43.05,42.8,43.05,3155
2026-09-29,3169,亞信,半導體,114.0,118.5,113.5,115.5,471880
2026-09-30,3169,亞信,半導體,116.0,117.0,115.0,115.0,261451
2026-10-01,3169,亞信,半導體,115.0,119.5,115.0,117.0,474953
2026-09-29,3171,炎洲流通,居家生活,59.5,59.5,58.3,58.3,7511
2026-09-30,3171,炎洲流通,居家生活,58.6,58.8,58.6,58.8,4102
2026-10-01,3171,炎洲流通,居家生活,58.1,58.5,57.3,57.3,39534
2026-09-29,3176,基亞,生技醫療,37.4,38.2,37.2,37.35,281029
2026-09-30,3176,基亞,生技醫療,37.35,37.95,37.05,37.7,288236
2026-10-01,3176,基亞,生技醫療,37.7,37.7,37.1,37.5,252843
2026-09-29,3178,公準,半導體,69.8,69.8,68.5,69.4,142994
2026-09-30,3178,公準,半導體,69.9,70.5,68.7,69.4,238592
2026-10-01,3178,公準,半導體,70.1,70.8,69.3,69.4,176689
2026-09-29,3188,鑫龍騰,建材營造,23.5,23.55,23.4,23.45,22206
2026-09-30,3188,鑫龍騰,建材營造,23.4,23.6,23.3,23.3,128820
2026-10-01,3188,鑫龍騰,建材營造,23.55,23.55,23.2,23.2,98680
2026-09-29,3189,景碩,半導體,960.0,969.0,939.0,955.0,16460239
2026-09-30,3189,景碩,半導體,961.0,972.0,937.0,970.0,23925434
2026-10-01,3189,景碩,半導體,976.0,1020.0,964.0,1010.0,32224071
2026-09-29,3191,雲嘉南,電子零組件,16.75,16.75,16.35,16.5,21013
2026-09-30,3191,雲嘉南,電子零組件,16.8,16.8,16.5,16.75,21506
2026-10-01,3191,雲嘉南,電子零組件,16.75,17.0,16.75,16.85,45004
2026-09-29,3205,佰研,生技醫療,47.0,48.0,46.5,46.75,52156
2026-09-30,3205,佰研,生技醫療,46.8,47.0,46.75,46.8,6063
2026-10-01,3205,佰研,生技醫療,46.8,46.9,46.5,46.7,18714
2026-09-29,3206,志豐,電子零組件,35.1,35.1,34.5,34.55,8051
2026-09-30,3206,志豐,電子零組件,34.55,34.95,34.2,34.95,18170
2026-10-01,3206,志豐,電子零組件,35.15,35.15,34.2,34.6,14389
2026-09-29,3207,耀勝,電子零組件,37.95,38.6,37.95,38.25,108012
2026-09-30,3207,耀勝,電子零組件,38.65,39.05,38.45,38.8,186523
2026-10-01,3207,耀勝,電子零組件,38.8,41.45,38.8,40.7,309147
2026-09-29,3209,全科,電子通路,45.85,46.15,45.3,45.5,691172
2026-09-30,3209,全科,電子通路,45.95,45.95,45.35,45.35,797503
2026-10-01,3209,全科,電子通路,45.4,45.65,45.35,45.35,553669
2026-09-29,3211,順達,電腦及週邊,381.0,392.5,380.0,386.0,3990947
2026-09-30,3211,順達,電腦及週邊,390.0,406.0,388.0,398.5,8225022
2026-10-01,3211,順達,電腦及週邊,396.0,398.0,390.0,394.0,2448055
2026-09-29,3213,茂訊,電腦及週邊,125.0,126.0,124.5,125.5,154639
2026-09-30,3213,茂訊,電腦及週邊,126.5,126.5,124.0,124.5,123253
2026-10-01,3213,茂訊,電腦及週邊,124.5,124.5,124.0,124.0,143367
2026-09-29,3217,優群,電子零組件,129.5,130.0,129.0,130.0,132995
2026-09-30,3217,優群,電子零組件,130.5,131.0,129.0,130.0,284710
2026-10-01,3217,優群,電子零組件,130.0,130.0,129.0,129.5,134077
2026-09-29,3218,大學光,生技醫療,134.0,134.5,133.5,133.5,88655
2026-09-30,3218,大學光,生技醫療,134.0,135.0,133.5,135.0,84298
2026-10-01,3218,大學光,生技醫療,135.0,135.5,133.5,134.0,93827
2026-09-29,3219,倚強科,其他電子,123.5,125.5,120.5,125.5,1432360
2026-09-30,3219,倚強科,其他電子,130.0,134.5,127.5,131.5,6655737
2026-10-01,3219,倚強科,其他電子,132.5,134.0,128.5,131.5,1249580
2026-09-29,3221,台嘉碩,通信網路,50.3,52.3,49.5,50.8,4932683
2026-09-30,3221,台嘉碩,通信網路,51.9,52.2,50.5,51.2,3081456
2026-10-01,3221,台嘉碩,通信網路,51.3,55.3,51.0,53.7,13632740
2026-09-29,3224,三顧,電子通路,31.95,31.95,30.4,31.0,69475
2026-09-30,3224,三顧,電子通路,31.0,31.45,30.85,31.45,18205
2026-10-01,3224,三顧,電子通路,31.45,31.45,30.9,30.9,66368
2026-09-29,3226,龍鋒,電機機械,58.7,60.5,58.4,60.1,64677
2026-09-30,3226,龍鋒,電機機械,60.8,60.8,59.6,60.4,58478
2026-10-01,3226,龍鋒,電機機械,61.8,65.0,60.5,65.0,150543
2026-09-29,3227,原相,半導體,184.0,188.5,184.0,185.5,602868
2026-09-30,3227,原相,半導體,187.0,187.5,184.0,185.0,724298
2026-10-01,3227,原相,半導體,184.5,186.0,184.0,185.5,616469
2026-09-29,3228,金麗科,半導體,175.5,185.0,175.5,180.0,944468
2026-09-30,3228,金麗科,半導體,186.5,186.5,177.5,182.0,609570
2026-10-01,3228,金麗科,半導體,186.0,188.0,178.5,179.5,498316
2026-09-29,3229,晟鈦,電子零組件,56.5,58.5,56.2,57.1,1133433
2026-09-30,3229,晟鈦,電子零組件,57.6,60.4,57.6,58.6,2112106
2026-10-01,3229,晟鈦,電子零組件,59.0,59.3,57.2,59.0,1070262
2026-09-29,3230,錦明,光電,40.55,41.95,40.55,41.7,520652
2026-09-30,3230,錦明,光電,41.9,41.9,41.25,41.4,308729
2026-10-01,3230,錦明,光電,41.65,44.05,41.6,42.25,727608
2026-09-29,3231,緯創,電腦及週邊,182.5,186.5,182.0,185.5,32141710
2026-09-30,3231,緯創,電腦及週邊,187.0,187.5,184.0,184.5,20375740
2026-10-01,3231,緯創,電腦及週邊,186.5,191.5,185.5,190.5,59140014
2026-09-29,3232,昱捷,電子通路,21.1,21.1,20.8,20.8,57801
2026-09-30,3232,昱捷,電子通路,20.8,21.05,20.8,20.9,42202
2026-10-01,3232,昱捷,電子通路,21.0,21.0,20.7,20.7,14263
2026-09-29,3234,光環,通信網路,180.0,180.0,171.5,174.5,1771660
2026-09-30,3234,光環,通信網路,177.5,179.0,172.5,173.0,1854985
2026-10-01,3234,光環,通信網路,173.0,173.0,169.0,172.0,1489008
2026-09-29,3236,千如,電子零組件,43.6,45.3,43.1,44.1,1446843
2026-09-30,3236,千如,電子零組件,44.6,45.15,44.05,44.15,913088
2026-10-01,3236,千如,電子零組件,44.4,48.55,44.4,48.55,13578627
2026-09-29,3252,海灣,觀光餐旅,15.3,15.75,15.25,15.45,8007
2026-09-30,3252,海灣,觀光餐旅,15.5,15.5,15.2,15.3,28540
2026-10-01,3252,海灣,觀光餐旅,15.1,15.35,15.1,15.35,8009
2026-09-29,3257,虹冠電,半導體,48.7,50.0,48.7,49.3,147570
2026-09-30,3257,虹冠電,半導體,49.3,49.65,49.2,49.6,120801
2026-10-01,3257,虹冠電,半導體,49.7,50.3,49.6,49.7,164320
2026-09-29,3259,鑫創,半導體,9.63,9.71,9.63,9.71,16545
2026-09-30,3259,鑫創,半導體,9.6,10.65,8.9,10.65,37913
2026-10-01,3259,鑫創,半導體,11.6,11.7,11.55,11.7,52424
2026-09-29,3260,威剛,半導體,377.5,378.0,374.0,377.0,2852281
2026-09-30,3260,威剛,半導體,380.0,382.5,377.0,377.5,3491406
2026-10-01,3260,威剛,半導體,378.5,382.0,376.5,380.0,2640284
2026-09-29,3264,欣銓,半導體,245.0,245.0,238.0,241.5,10639347
2026-09-30,3264,欣銓,半導體,243.5,247.0,238.0,243.5,15626650
2026-10-01,3264,欣銓,半導體,243.5,245.5,238.5,245.5,14994071
2026-09-29,3265,台星科,半導體,183.0,184.0,179.0,180.5,745804
2026-09-30,3265,台星科,半導體,183.5,193.0,182.0,186.0,2362892
2026-10-01,3265,台星科,半導體,185.0,186.5,181.5,185.0,1106383
2026-09-29,3266,昇陽,建材營造,14.0,14.0,13.75,13.75,43120
2026-09-30,3266,昇陽,建材營造,13.75,14.05,13.75,14.0,38070
2026-10-01,3266,昇陽,建材營造,14.0,14.0,13.8,14.0,19178
2026-09-29,3268,海德威,半導體,21.9,21.9,21.05,21.5,437882
2026-09-30,3268,海德威,半導體,21.5,22.0,21.25,21.75,139690
2026-10-01,3268,海德威,半導體,21.8,21.8,21.5,21.6,92635
2026-09-29,3272,東碩,電腦及週邊,13.9,13.9,13.55,13.7,65674
2026-09-30,3272,東碩,電腦及週邊,14.2,14.5,13.85,13.95,21212
2026-10-01,3272,東碩,電腦及週邊,14.1,14.1,13.6,13.9,25783
2026-09-29,3276,宇環,電子零組件,13.75,14.0,13.75,13.85,38736
2026-09-30,3276,宇環,電子零組件,13.85,14.15,13.85,14.05,57359
2026-10-01,3276,宇環,電子零組件,14.0,14.2,13.9,13.9,47956
2026-09-29,3284,太普高,其他,19.75,19.75,19.35,19.4,95998
2026-09-30,3284,太普高,其他,19.5,20.1,19.5,19.9,216052
2026-10-01,3284,太普高,其他,19.85,20.1,19.5,19.65,91531
2026-09-29,3285,微端,其他電子,42.65,42.8,41.5,41.6,41616
2026-09-30,3285,微端,其他電子,41.3,41.55,41.2,41.5,11029
2026-10-01,3285,微端,其他電子,41.5,42.0,41.4,41.5,54404
2026-09-29,3287,廣寰科,電腦及週邊,41.1,41.95,41.1,41.2,474427
2026-09-30,3287,廣寰科,電腦及週邊,42.0,43.45,41.4,42.15,922612
2026-10-01,3287,廣寰科,電腦及週邊,42.2,42.5,41.45,41.65,408293
2026-09-29,3288,點晶,電子零組件,20.7,21.8,20.4,20.9,43372
2026-09-30,3288,點晶,電子零組件,21.2,21.5,20.65,21.2,24193
2026-10-01,3288,點晶,電子零組件,21.2,21.4,20.8,21.25,23937
2026-09-29,3289,宜特,其他電子,141.5,141.5,139.0,139.5,461126
2026-09-30,3289,宜特,其他電子,141.0,143.5,139.5,139.5,1535680
2026-10-01,3289,宜特,其他電子,141.5,142.0,140.0,141.5,338047
2026-09-29,3290,東浦,電子零組件,46.3,48.4,46.1,47.8,922620
2026-09-30,3290,東浦,電子零組件,48.35,52.4,48.35,52.2,2614255
2026-10-01,3290,東浦,電子零組件,51.2,52.0,49.25,50.0,1372482
2026-09-29,3293,鈊象,文化創意,774.0,796.0,766.0,779.0,3493044
2026-09-30,3293,鈊象,文化創意,781.0,791.0,777.0,788.0,2078140
2026-10-01,3293,鈊象,文化創意,786.0,814.0,785.0,814.0,5980771
2026-09-29,3294,英濟,電子零組件,33.65,33.65,32.35,32.9,1377083
2026-09-30,3294,英濟,電子零組件,33.5,33.55,32.4,32.45,984659
2026-10-01,3294,英濟,電子零組件,32.5,34.9,32.5,33.05,2051169
2026-09-29,3296,勝德,電子零組件,28.0,29.6,27.75,27.8,113130
2026-09-30,3296,勝德,電子零組件,27.7,28.4,27.6,28.4,64326
2026-10-01,3296,勝德,電子零組件,28.6,28.6,28.1,28.6,71403
2026-09-29,3297,杭特,光電,34.35,34.35,32.85,32.85,304229
2026-09-30,3297,杭特,光電,33.1,33.5,32.6,32.6,174144
2026-10-01,3297,杭特,光電,32.8,33.0,31.5,31.5,200960
2026-09-29,3303,岱稜,其他電子,48.15,48.65,48.1,48.35,165663
2026-09-30,3303,岱稜,其他電子,48.65,48.8,48.5,48.65,149048
2026-10-01,3303,岱稜,其他電子,48.7,48.85,48.65,48.7,108055
2026-09-29,3305,昇貿,其他電子,103.0,105.0,103.0,104.5,624352
2026-09-30,3305,昇貿,其他電子,106.0,107.0,105.5,106.0,715550
2026-10-01,3305,昇貿,其他電子,106.5,107.5,105.0,106.0,660406
2026-09-29,3306,鼎天,通信網路,45.65,47.7,45.65,47.6,268293
2026-09-30,3306,鼎天,通信網路,48.0,48.55,47.7,48.05,175707
2026-10-01,3306,鼎天,通信網路,48.05,48.05,47.25,47.5,44836
2026-09-29,3308,聯德,電子零組件,21.85,23.5,21.85,22.2,228442
2026-09-30,3308,聯德,電子零組件,22.25,22.7,22.25,22.35,154833
2026-10-01,3308,聯德,電子零組件,22.35,22.9,22.25,22.75,84857
2026-09-29,3310,佳穎,電子零組件,69.5,69.5,67.6,68.9,10218
2026-09-30,3310,佳穎,電子零組件,67.3,69.2,67.3,68.8,12002
2026-10-01,3310,佳穎,電子零組件,68.8,68.8,67.1,68.0,21113
2026-09-29,3311,閎暉,通信網路,38.45,38.5,37.55,38.15,303974
2026-09-30,3311,閎暉,通信網路,38.0,41.95,38.0,41.05,4650953
2026-10-01,3311,閎暉,通信網路,42.35,45.15,42.1,45.15,7066254
2026-09-29,3312,弘憶股,電子通路,50.5,51.8,50.2,50.9,629455
2026-09-30,3312,弘憶股,電子通路,51.2,53.2,51.0,52.0,1021388
2026-10-01,3312,弘憶股,電子通路,52.4,52.4,51.4,51.5,570384
2026-09-29,3313,斐成,建材營造,10.5,10.5,10.5,10.5,8234
2026-09-30,3313,斐成,建材營造,10.5,10.65,10.45,10.45,34587
2026-10-01,3313,斐成,建材營造,10.45,10.7,10.45,10.55,51942
2026-09-29,3317,尼克森,半導體,67.3,67.3,65.0,65.4,3988842
2026-09-30,3317,尼克森,半導體,65.4,65.9,64.6,65.2,2129671
2026-10-01,3317,尼克森,半導體,64.6,66.4,64.3,65.2,2075147
2026-09-29,3321,同泰,電子零組件,18.25,18.25,17.8,18.15,139227
2026-09-30,3321,同泰,電子零組件,18.05,18.4,18.05,18.25,87626
2026-10-01,3321,同泰,電子零組件,18.25,18.4,18.0,18.3,139857
2026-09-29,3322,建舜電,電子零組件,11.05,11.15,11.0,11.1,106991
2026-09-30,3322,建舜電,電子零組件,11.1,11.35,11.05,11.3,251150
2026-10-01,3322,建舜電,電子零組件,11.3,11.7,11.3,11.6,468828
2026-09-29,3323,加百裕,電腦及週邊,28.2,29.95,28.2,29.35,1058356
2026-09-30,3323,加百裕,電腦及週邊,29.5,30.25,29.5,29.7,692859
2026-10-01,3323,加百裕,電腦及週邊,29.9,30.0,29.3,29.3,256716
2026-09-29,3324,雙鴻,其他電子,1680.0,1680.0,1595.0,1630.0,3944388
2026-09-30,3324,雙鴻,其他電子,1620.0,1645.0,1530.0,1530.0,4369641
2026-10-01,3324,雙鴻,其他電子,1530.0,1535.0,1480.0,1525.0,3094783
2026-09-29,3325,旭品,電腦及週邊,11.55,11.95,11.55,11.7,94626
2026-09-30,3325,旭品,電腦及週邊,11.7,11.9,11.65,11.9,59221
2026-10-01,3325,旭品,電腦及週邊,11.65,11.9,11.6,11.7,70295
2026-09-30,3332,幸康,電子零組件,61.5,63.9,61.5,63.7,18626
2026-10-01,3332,幸康,電子零組件,63.7,65.0,63.7,64.9,56454
2026-09-29,3338,泰碩,電子零組件,67.6,68.2,67.6,67.9,208716
2026-09-30,3338,泰碩,電子零組件,68.2,68.5,67.7,68.0,394432
2026-10-01,3338,泰碩,電子零組件,68.0,69.0,67.2,67.9,340858
2026-09-29,3339,泰谷,光電,46.75,48.0,46.05,46.2,1761975
2026-09-30,3339,泰谷,光電,45.9,47.0,45.65,45.65,1467681
2026-10-01,3339,泰谷,光電,45.75,46.6,45.05,45.05,1243661
2026-09-29,3346,麗清,汽車工業,23.85,24.15,23.25,23.8,722827
2026-09-30,3346,麗清,汽車工業,23.85,24.25,23.85,24.15,592546
2026-10-01,3346,麗清,汽車工業,24.3,24.3,23.8,24.0,434042
2026-09-29,3349,寶德,電腦及週邊,19.9,20.6,19.8,19.95,60289
2026-09-30,3349,寶德,電腦及週邊,19.95,19.95,19.6,19.95,17060
2026-10-01,3349,寶德,電腦及週邊,19.65,19.65,19.05,19.4,127526
2026-09-29,3354,律勝,電子零組件,29.7,29.95,29.0,29.25,761467
2026-09-30,3354,律勝,電子零組件,29.7,32.15,29.5,32.15,2583019
2026-10-01,3354,律勝,電子零組件,35.35,35.35,29.8,29.8,8973710
2026-09-29,3356,奇偶,光電,65.2,66.7,65.0,65.6,195733
2026-09-30,3356,奇偶,光電,66.4,66.4,65.7,66.0,162786
2026-10-01,3356,奇偶,光電,66.4,66.5,65.5,65.7,212121
2026-09-29,3357,臺慶科,電子零組件,204.0,206.0,202.5,203.0,435107
2026-09-30,3357,臺慶科,電子零組件,204.5,207.0,204.0,204.5,368083
2026-10-01,3357,臺慶科,電子零組件,206.0,217.0,206.0,212.5,2130469
2026-09-29,3360,尚立,電子通路,15.15,15.25,15.05,15.1,165575
2026-09-30,3360,尚立,電子通路,15.15,15.4,15.1,15.35,334751
2026-10-01,3360,尚立,電子通路,15.25,15.55,15.2,15.25,210341
2026-09-29,3362,先進光,光電,171.5,173.0,170.0,171.0,754987
2026-09-30,3362,先進光,光電,173.0,173.5,171.0,171.0,652459
2026-10-01,3362,先進光,光電,172.0,178.5,172.0,175.5,1962595
2026-09-29,3363,上詮,通信網路,645.0,666.0,643.0,652.0,1588714
2026-09-30,3363,上詮,通信網路,661.0,671.0,648.0,649.0,1534278
2026-10-01,3363,上詮,通信網路,647.0,655.0,641.0,641.0,1137038
2026-09-29,3372,典範,半導體,15.8,16.6,15.7,16.3,404533
2026-09-30,3372,典範,半導體,16.3,16.8,16.3,16.55,644859
2026-10-01,3372,典範,半導體,16.7,16.7,16.3,16.45,271365
2026-09-29,3373,熱映,其他電子,16.0,16.2,16.0,16.05,23180
2026-09-30,3373,熱映,其他電子,16.05,16.1,16.0,16.0,56289
2026-10-01,3373,熱映,其他電子,16.0,16.1,16.0,16.0,19606
2026-09-29,3374,精材,半導體,439.5,457.0,436.5,455.0,2082291
2026-09-30,3374,精材,半導體,462.0,462.0,452.0,454.5,1205825
2026-10-01,3374,精材,半導體,457.0,457.0,450.0,456.0,703436
2026-09-29,3376,新日興,電子零組件,172.0,173.0,171.0,171.5,2076761
2026-09-30,3376,新日興,電子零組件,173.5,177.0,171.0,174.5,2518660
2026-10-01,3376,新日興,電子零組件,175.0,175.5,174.0,174.0,1408149
2026-09-29,3379,彬台,電機機械,26.85,27.55,26.7,27.3,60824
2026-09-30,3379,彬台,電機機械,27.6,27.85,27.35,27.7,39807
2026-10-01,3379,彬台,電機機械,27.3,27.85,27.3,27.6,47199
2026-09-29,3380,明泰,通信網路,31.8,32.3,31.45,31.6,3870773
2026-09-30,3380,明泰,通信網路,32.7,33.1,32.05,32.15,5494158
2026-10-01,3380,明泰,通信網路,32.0,32.0,31.25,31.3,2569518
2026-09-29,3388,崇越電,電子零組件,82.4,82.5,81.3,81.6,172753
2026-09-30,3388,崇越電,電子零組件,81.8,86.4,81.8,85.3,960822
2026-10-01,3388,崇越電,電子零組件,85.3,86.9,84.2,84.4,602026
2026-09-29,3390,旭軟,電子零組件,21.75,22.8,21.75,22.3,189866
2026-09-30,3390,旭軟,電子零組件,22.7,22.75,22.3,22.6,195587
2026-10-01,3390,旭軟,電子零組件,22.7,22.7,22.35,22.35,116957
2026-09-29,3402,漢科,其他電子,129.5,132.5,129.0,131.0,316424
2026-09-30,3402,漢科,其他電子,133.0,137.5,133.0,136.0,1030068
2026-10-01,3402,漢科,其他電子,137.0,137.5,135.5,137.0,414693
2026-09-29,3406,玉晶光,光電,890.0,893.0,869.0,882.0,2568917
2026-09-30,3406,玉晶光,光電,890.0,921.0,878.0,890.0,3631717
2026-10-01,3406,玉晶光,光電,885.0,973.0,871.0,950.0,6290699
2026-09-29,3413,京鼎,半導體,287.0,292.5,286.5,291.0,729896
2026-09-30,3413,京鼎,半導體,294.0,296.0,291.0,291.0,705048
2026-10-01,3413,京鼎,半導體,294.5,296.0,290.0,293.0,545674
2026-09-29,3416,融程電,電腦及週邊,162.0,164.0,161.0,162.0,160947
2026-09-30,3416,融程電,電腦及週邊,162.5,164.5,161.5,162.5,154921
2026-10-01,3416,融程電,電腦及週邊,163.5,166.5,161.0,166.5,408797
2026-09-29,3419,譁裕,通信網路,10.9,11.8,10.9,11.8,488427
2026-09-30,3419,譁裕,通信網路,11.7,12.5,11.7,12.05,1020624
2026-10-01,3419,譁裕,通信網路,12.05,12.3,11.85,11.85,241818
2026-09-29,3430,奇鈦科,化學工業,112.0,114.5,110.5,112.5,336627
2026-09-30,3430,奇鈦科,化學工業,112.5,114.0,111.5,111.5,188208
2026-10-01,3430,奇鈦科,化學工業,112.0,113.0,111.0,111.5,147046
2026-09-29,3432,台端,電子零組件,14.6,14.8,14.5,14.8,16088
2026-09-30,3432,台端,電子零組件,14.8,14.9,14.8,14.9,50972
2026-10-01,3432,台端,電子零組件,15.0,15.0,14.75,14.75,51427
2026-09-29,3434,哲固,光電,31.9,31.9,31.15,31.55,56587
2026-09-30,3434,哲固,光電,31.35,31.6,31.35,31.4,48267
2026-10-01,3434,哲固,光電,31.6,31.65,31.15,31.4,49131
2026-09-29,3437,榮創,光電,21.55,22.65,21.5,22.4,2071802
2026-09-30,3437,榮創,光電,22.2,23.0,22.2,22.45,2199034
2026-10-01,3437,榮創,光電,22.45,22.95,21.95,22.05,1527483
2026-09-29,3438,類比科,半導體,62.9,62.9,61.1,61.3,28616
2026-09-30,3438,類比科,半導體,61.5,62.0,60.7,61.9,85012
2026-10-01,3438,類比科,半導體,61.8,62.9,61.4,61.5,63972
2026-09-29,3441,聯一光,光電,177.5,185.0,176.0,185.0,785776
2026-09-30,3441,聯一光,光電,184.5,187.0,181.5,184.5,1109260
2026-10-01,3441,聯一光,光電,189.0,202.5,189.0,202.5,6283248
2026-09-29,3443,創意,半導體,8410.0,8415.0,7925.0,7925.0,1082917
2026-09-30,3443,創意,半導體,8090.0,8110.0,7860.0,8040.0,669082
2026-10-01,3443,創意,半導體,8040.0,8100.0,7730.0,7900.0,718321
2026-09-29,3444,利機,電子通路,80.1,82.0,79.8,80.6,218211
2026-09-30,3444,利機,電子通路,81.1,82.3,80.8,81.3,235168
2026-10-01,3444,利機,電子通路,81.5,81.9,80.5,80.7,75467
2026-09-29,3447,展達,通信網路,27.6,27.6,27.05,27.15,54033
2026-09-30,3447,展達,通信網路,27.2,27.8,27.15,27.55,84450
2026-10-01,3447,展達,通信網路,28.0,28.0,27.65,27.65,27060
2026-09-29,3450,聯鈞,半導體,513.0,535.0,510.0,525.0,5251568
2026-09-30,3450,聯鈞,半導體,534.0,540.0,523.0,523.0,5074962
2026-10-01,3450,聯鈞,半導體,525.0,529.0,508.0,515.0,5342360
2026-09-29,3455,由田,光電,258.5,276.0,256.0,267.0,5606347
2026-09-30,3455,由田,光電,268.5,279.0,260.5,267.0,5809978
2026-10-01,3455,由田,光電,266.0,292.0,258.0,287.0,3975944
2026-09-29,3465,進泰電子,其他電子,29.65,29.65,29.65,29.65,2029
2026-09-30,3465,進泰電子,其他電子,29.65,29.7,29.55,29.7,11078
2026-10-01,3465,進泰電子,其他電子,29.85,30.0,29.85,30.0,26141
2026-09-29,3466,德晉,通信網路,23.85,24.25,23.75,23.85,81026
2026-09-30,3466,德晉,通信網路,23.8,23.95,23.6,23.9,389820
2026-10-01,3466,德晉,通信網路,23.9,24.0,23.7,23.75,67775
2026-09-29,3467,台灣精材,半導體,78.4,80.0,73.4,74.6,1591365
2026-09-30,3467,台灣精材,半導體,74.6,77.7,73.6,73.7,1034250
2026-10-01,3467,台灣精材,半導體,73.6,74.7,69.6,72.6,806304
2026-09-29,3479,安勤,電腦及週邊,137.0,140.0,135.0,138.5,1093740
2026-09-30,3479,安勤,電腦及週邊,140.0,140.0,136.0,136.0,712864
2026-10-01,3479,安勤,電腦及週邊,137.0,137.0,136.0,136.5,283035
2026-09-29,3481,群創,光電,49.6,50.3,48.55,49.75,104276061
2026-09-30,3481,群創,光電,50.6,54.7,50.3,54.7,486059149
2026-10-01,3481,群創,光電,55.5,55.5,51.8,52.3,465129700
2026-09-29,3483,力致,電腦及週邊,77.5,78.0,76.1,77.5,231184
2026-09-30,3483,力致,電腦及週邊,78.2,79.7,78.2,79.1,346501
2026-10-01,3483,力致,電腦及週邊,79.5,79.5,78.2,78.5,142078
2026-09-29,3484,崧騰,電子零組件,46.2,47.1,46.2,46.75,130189
2026-09-30,3484,崧騰,電子零組件,47.0,47.2,46.55,46.55,86389
2026-10-01,3484,崧騰,電子零組件,46.6,47.3,46.6,47.3,158783
2026-09-29,3485,敘豐,電子零組件,200.0,215.5,197.0,201.0,134741
2026-09-30,3485,敘豐,電子零組件,204.0,214.0,204.0,209.0,139436
2026-10-01,3485,敘豐,電子零組件,210.0,213.0,207.0,212.5,89827
2026-09-29,3489,森寶,建材營造,22.9,23.45,22.4,23.25,194340
2026-09-30,3489,森寶,建材營造,23.1,23.55,23.0,23.35,90908
2026-10-01,3489,森寶,建材營造,23.8,24.1,23.65,23.8,145696
2026-09-29,3490,單井,光電,44.85,46.45,44.85,45.1,4296318
2026-09-30,3490,單井,光電,45.2,45.9,44.35,44.35,1917888
2026-10-01,3490,單井,光電,45.15,48.75,44.95,48.75,13912960
2026-09-29,3491,昇達科,通信網路,1595.0,1630.0,1510.0,1510.0,1557957
2026-09-30,3491,昇達科,通信網路,1540.0,1540.0,1480.0,1500.0,881076
2026-10-01,3491,昇達科,通信網路,1510.0,1510.0,1450.0,1490.0,740387
2026-09-29,3492,長盛,電子零組件,19.15,19.15,19.0,19.05,8207
2026-09-30,3492,長盛,電子零組件,19.05,19.15,19.05,19.15,18000
2026-10-01,3492,長盛,電子零組件,19.15,19.15,19.0,19.15,36050
2026-09-29,3494,誠研,電腦及週邊,7.17,7.17,6.92,7.09,44736
2026-09-30,3494,誠研,電腦及週邊,7.0,7.11,7.0,7.1,27333
2026-10-01,3494,誠研,電腦及週邊,7.08,7.09,7.02,7.09,44109
2026-09-29,3498,陽程,其他電子,216.0,235.0,212.0,235.0,4815318
2026-09-30,3498,陽程,其他電子,234.5,234.5,221.0,229.0,7143013
2026-10-01,3498,陽程,其他電子,225.0,228.0,214.0,219.5,4023788
2026-09-29,3499,環天科,通信網路,13.5,13.7,13.5,13.7,7116
2026-09-30,3499,環天科,通信網路,13.75,13.85,13.7,13.8,43274
2026-10-01,3499,環天科,通信網路,13.7,13.8,13.5,13.75,31231
2026-09-29,3501,維熹,電子零組件,37.9,37.9,37.5,37.5,151396
2026-09-30,3501,維熹,電子零組件,37.55,37.75,37.5,37.65,196299
2026-10-01,3501,維熹,電子零組件,37.7,37.75,37.6,37.7,55355
2026-09-29,3504,揚明光,光電,78.4,80.0,77.7,79.5,627895
2026-09-30,3504,揚明光,光電,79.8,80.5,79.0,79.1,690793
2026-10-01,3504,揚明光,光電,79.2,81.8,79.2,80.2,1338044
2026-09-29,3508,位速,其他電子,25.3,26.7,25.0,25.95,553665
2026-09-30,3508,位速,其他電子,25.9,26.9,25.65,25.9,511890
2026-10-01,3508,位速,其他電子,26.7,26.8,25.6,26.0,374057
2026-09-29,3511,矽瑪,電子零組件,19.55,19.8,19.35,19.45,103360
2026-09-30,3511,矽瑪,電子零組件,19.5,19.8,19.5,19.75,99615
2026-10-01,3511,矽瑪,電子零組件,19.8,19.8,19.6,19.6,48870
2026-09-29,3512,皇龍,建材營造,19.2,19.25,19.2,19.2,8256
2026-09-30,3512,皇龍,建材營造,19.2,19.2,19.1,19.2,20282
2026-10-01,3512,皇龍,建材營造,19.15,19.2,19.1,19.2,20344
2026-09-29,3515,華擎,電腦及週邊,212.5,213.0,210.5,211.0,152206
2026-09-30,3515,華擎,電腦及週邊,213.0,213.0,211.5,212.0,131882
2026-10-01,3515,華擎,電腦及週邊,214.0,216.0,212.5,215.0,326295
2026-09-29,3516,亞帝歐,光電,25.0,25.0,25.0,25.0,7080
2026-09-30,3516,亞帝歐,光電,25.0,25.4,25.0,25.4,14004
2026-10-01,3516,亞帝歐,光電,25.4,25.4,25.0,25.35,45219
2026-09-29,3518,柏騰,其他電子,35.0,37.4,35.0,37.4,5608941
2026-09-30,3518,柏騰,其他電子,40.5,41.1,40.05,41.1,8426466
2026-10-01,3518,柏騰,其他電子,42.15,45.15,40.15,40.35,18736885
2026-09-29,3520,華盈,電子零組件,17.35,17.5,17.0,17.1,171655
2026-09-30,3520,華盈,電子零組件,17.35,17.35,17.0,17.35,160966
2026-10-01,3520,華盈,電子零組件,17.2,17.3,16.95,17.0,160730
2026-09-29,3521,台鋼建設,建材營造,11.7,11.8,11.65,11.75,37068
2026-09-30,3521,台鋼建設,建材營造,11.75,11.9,11.7,11.85,20019
2026-10-01,3521,台鋼建設,建材營造,11.8,12.0,11.8,12.0,97713
2026-09-29,3522,御嵿,觀光餐旅,12.65,12.65,12.25,12.55,177155
2026-09-30,3522,御嵿,觀光餐旅,12.55,12.6,12.3,12.5,111892
2026-10-01,3522,御嵿,觀光餐旅,12.5,12.6,12.15,12.5,67568
2026-09-29,3523,迎輝,光電,14.95,14.95,14.9,14.95,16200
2026-09-30,3523,迎輝,光電,15.0,15.0,14.55,15.0,13803
2026-10-01,3523,迎輝,光電,14.6,14.6,13.5,13.5,33211
2026-09-29,3526,凡甲,電子零組件,270.5,273.5,268.5,270.5,160096
2026-09-30,3526,凡甲,電子零組件,271.5,272.0,270.0,272.0,91582
2026-10-01,3526,凡甲,電子零組件,273.0,274.5,270.0,272.0,136202
2026-09-29,3527,聚積,半導體,51.0,51.6,50.9,51.6,41773
2026-09-30,3527,聚積,半導體,51.1,53.1,51.1,53.1,51759
2026-10-01,3527,聚積,半導體,52.9,52.9,51.4,51.4,75813
2026-09-29,3528,安馳,電子通路,85.2,86.0,84.2,84.7,130611
2026-09-30,3528,安馳,電子通路,84.4,85.8,84.4,85.6,162785
2026-10-01,3528,安馳,電子通路,85.1,87.9,85.1,86.9,407144
2026-09-29,3529,力旺,半導體,3175.0,3410.0,3145.0,3305.0,2351416
2026-09-30,3529,力旺,半導體,3450.0,3635.0,3305.0,3305.0,2605135
2026-10-01,3529,力旺,半導體,3305.0,3345.0,3215.0,3245.0,1121071
2026-09-29,3530,晶相光,半導體,58.5,59.5,58.4,58.4,39475
2026-09-30,3530,晶相光,半導體,58.8,59.4,58.8,59.2,114627
2026-10-01,3530,晶相光,半導體,59.7,59.9,58.9,59.0,84403
2026-09-30,3531,先益,光電,20.85,20.9,20.85,20.9,2000
2026-10-01,3531,先益,光電,21.15,21.15,21.15,21.15,1000
2026-09-29,3532,台勝科,半導體,450.0,472.0,449.0,454.0,7089443
2026-09-30,3532,台勝科,半導體,459.5,488.5,453.0,471.0,14082552
2026-10-01,3532,台勝科,半導體,475.0,497.5,465.5,474.0,9721232
2026-09-29,3533,嘉澤,電子零組件,1680.0,1765.0,1680.0,1710.0,2102968
2026-09-30,3533,嘉澤,電子零組件,1730.0,1785.0,1705.0,1770.0,2399430
2026-10-01,3533,嘉澤,電子零組件,1780.0,1865.0,1760.0,1855.0,2677060
2026-09-29,3535,晶彩科,光電,87.7,91.4,87.1,89.8,1109711
2026-09-30,3535,晶彩科,光電,89.9,93.3,89.9,92.0,1514606
2026-10-01,3535,晶彩科,光電,92.0,92.3,90.4,91.3,587800
2026-09-29,3537,堡達,電子零組件,52.3,54.0,52.3,52.6,70854
2026-09-30,3537,堡達,電子零組件,53.0,53.3,52.8,53.3,114436
2026-10-01,3537,堡達,電子零組件,54.0,58.6,54.0,58.6,1661854
2026-09-29,3540,曜越,電腦及週邊,22.75,23.0,22.65,22.7,205017
2026-09-30,3540,曜越,電腦及週邊,22.85,23.05,22.75,23.05,161052
2026-10-01,3540,曜越,電腦及週邊,23.0,23.35,22.9,23.1,200223
2026-09-29,3541,西柏,其他電子,24.8,24.8,24.35,24.45,82309
2026-09-30,3541,西柏,其他電子,24.5,24.6,24.1,24.4,66915
2026-10-01,3541,西柏,其他電子,24.55,24.55,24.2,24.4,34149
2026-09-29,3543,州巧,光電,46.45,50.2,46.1,50.2,4142472
2026-09-30,3543,州巧,光電,49.7,51.9,49.0,51.2,10696796
2026-10-01,3543,州巧,光電,51.3,51.8,50.5,51.1,2685192
2026-09-29,3545,敦泰,半導體,51.0,52.6,51.0,51.9,503191
2026-09-30,3545,敦泰,半導體,51.9,52.1,51.0,51.8,950180
2026-10-01,3545,敦泰,半導體,52.5,53.0,51.6,51.6,662736
2026-09-29,3546,宇峻,文化創意,72.5,73.0,72.5,72.7,44760
2026-09-30,3546,宇峻,文化創意,72.7,72.9,72.3,72.6,55915
2026-10-01,3546,宇峻,文化創意,73.0,73.2,72.6,73.2,46060
2026-09-29,3548,兆利,電子零組件,77.1,77.5,76.3,77.1,111887
2026-09-30,3548,兆利,電子零組件,77.2,77.7,77.0,77.3,169730
2026-10-01,3548,兆利,電子零組件,78.0,78.0,76.0,76.5,171142
2026-09-29,3550,聯穎,電子零組件,23.85,26.2,23.8,26.2,3498604
2026-09-30,3550,聯穎,電子零組件,26.2,27.45,25.75,25.9,8130123
2026-10-01,3550,聯穎,電子零組件,25.9,26.7,25.7,25.7,2399524
2026-09-29,3551,世禾,綠能環保,181.0,191.0,181.0,186.5,949694
2026-09-30,3551,世禾,綠能環保,188.0,191.0,187.0,187.5,930398
2026-10-01,3551,世禾,綠能環保,189.0,193.5,188.5,193.0,1127796
2026-09-29,3552,同致,其他電子,44.2,44.9,43.2,43.45,631413
2026-09-30,3552,同致,其他電子,43.8,44.55,43.0,44.1,407230
2026-10-01,3552,同致,其他電子,44.05,45.3,43.75,44.3,311494
2026-09-29,3555,博士旺,半導體,166.0,171.0,165.0,168.0,63354
2026-09-30,3555,博士旺,半導體,169.0,171.0,168.0,168.5,41188
2026-10-01,3555,博士旺,半導體,168.5,168.5,164.0,167.0,27550
2026-09-29,3556,禾瑞亞,半導體,57.7,58.3,57.3,57.9,110233
2026-09-30,3556,禾瑞亞,半導體,58.3,58.4,57.8,58.1,144238
2026-10-01,3556,禾瑞亞,半導體,58.2,59.3,58.0,59.1,231837
2026-09-29,3557,嘉威,居家生活,22.95,22.95,22.8,22.8,30567
2026-09-30,3557,嘉威,居家生活,23.05,23.1,22.65,23.0,54872
2026-10-01,3557,嘉威,居家生活,23.05,23.1,22.85,23.1,27269
2026-09-29,3558,神準,通信網路,121.0,124.5,121.0,124.5,55201
2026-09-30,3558,神準,通信網路,124.5,125.0,123.5,125.0,46774
2026-10-01,3558,神準,通信網路,124.5,129.5,124.0,129.0,218404
2026-09-29,3563,牧德,光電,773.0,815.0,773.0,794.0,1814860
2026-09-30,3563,牧德,光電,811.0,825.0,784.0,807.0,1867198
2026-10-01,3563,牧德,光電,820.0,825.0,750.0,754.0,2874564
2026-09-29,3564,其陽,通信網路,49.75,50.7,49.75,50.4,274961
2026-09-30,3564,其陽,通信網路,50.8,51.4,50.5,50.6,155747
2026-10-01,3564,其陽,通信網路,50.9,51.2,50.0,51.0,210654
2026-09-29,3567,逸昌,半導體,25.6,26.4,25.0,25.8,356304
2026-09-30,3567,逸昌,半導體,25.6,26.35,25.6,26.2,125245
2026-10-01,3567,逸昌,半導體,26.45,26.45,25.8,26.15,46473
2026-09-29,3570,大塚,資訊服務,168.0,168.5,167.0,167.0,11923
2026-09-30,3570,大塚,資訊服務,167.5,169.0,167.0,167.0,18583
2026-10-01,3570,大塚,資訊服務,167.5,171.0,166.5,170.5,113428
2026-09-29,3576,聯合再生,光電,18.25,18.4,17.95,17.95,11641227
2026-09-30,3576,聯合再生,光電,18.25,19.7,18.25,19.7,86571378
2026-10-01,3576,聯合再生,光電,19.9,20.1,18.5,18.5,55900173
2026-09-29,3577,泓格,電腦及週邊,114.0,125.0,112.5,122.0,1014268
2026-09-30,3577,泓格,電腦及週邊,120.5,123.5,116.5,117.5,627555
2026-10-01,3577,泓格,電腦及週邊,118.5,118.5,115.0,115.5,193279
2026-09-29,3580,友威科,其他電子,102.5,111.5,100.5,111.0,3318791
2026-09-30,3580,友威科,其他電子,112.0,116.0,108.0,110.5,4891227
2026-10-01,3580,友威科,其他電子,112.0,112.0,107.5,109.0,1264257
2026-09-29,3581,博磊,半導體,103.0,109.0,102.5,106.5,217156
2026-09-30,3581,博磊,半導體,109.5,117.0,109.5,117.0,571002
2026-10-01,3581,博磊,半導體,126.0,128.5,114.0,117.0,1644208
2026-09-29,3583,辛耘,半導體,698.0,721.0,698.0,713.0,714980
2026-09-30,3583,辛耘,半導體,722.0,744.0,704.0,707.0,1276364
2026-10-01,3583,辛耘,半導體,713.0,728.0,703.0,707.0,684194
2026-09-29,3587,閎康,其他電子,240.0,241.0,236.5,239.5,290956
2026-09-30,3587,閎康,其他電子,240.0,243.0,238.5,238.5,330290
2026-10-01,3587,閎康,其他電子,240.5,242.5,237.0,241.0,292717
2026-09-29,3588,通嘉,半導體,52.0,53.9,52.0,53.7,133618
2026-09-30,3588,通嘉,半導體,54.8,54.8,53.8,53.9,209992
2026-10-01,3588,通嘉,半導體,54.2,59.2,54.2,59.2,611029
2026-09-29,3591,艾笛森,光電,24.4,26.8,24.35,26.4,1678493
2026-09-30,3591,艾笛森,光電,26.45,27.8,26.45,27.45,2368305
2026-10-01,3591,艾笛森,光電,27.55,28.2,26.7,26.9,1378569
2026-09-29,3592,瑞鼎,半導體,222.5,228.0,222.5,225.0,258399
2026-09-30,3592,瑞鼎,半導體,228.5,239.0,225.5,237.5,1755009
2026-10-01,3592,瑞鼎,半導體,238.0,241.5,237.0,238.0,1116128
2026-09-29,3593,力銘,電子零組件,10.25,10.45,10.0,10.3,24771
2026-09-30,3593,力銘,電子零組件,10.75,11.0,10.3,11.0,39768
2026-10-01,3593,力銘,電子零組件,11.75,11.75,10.5,11.5,20260
2026-09-29,3594,磐儀,電腦及週邊,46.3,48.0,46.3,47.2,254917
2026-09-30,3594,磐儀,電腦及週邊,47.3,48.05,46.85,47.9,428543
2026-10-01,3594,磐儀,電腦及週邊,48.5,48.95,47.7,47.7,382206
2026-09-29,3596,智易,通信網路,154.5,155.5,153.0,153.5,450284
2026-09-30,3596,智易,通信網路,155.0,155.0,153.0,153.0,626621
2026-10-01,3596,智易,通信網路,154.0,154.0,152.0,153.0,560797
2026-09-29,3597,映興,電子零組件,26.8,28.15,26.75,27.85,44775
2026-09-30,3597,映興,電子零組件,27.9,28.2,27.15,28.1,71444
2026-10-01,3597,映興,電子零組件,28.1,28.1,27.6,28.1,25351
2026-09-29,3605,宏致,電子零組件,182.0,190.5,179.0,182.5,12502653
2026-09-30,3605,宏致,電子零組件,183.0,183.5,168.5,170.5,17829847
2026-10-01,3605,宏致,電子零組件,171.0,179.0,168.5,178.0,11986946
2026-09-29,3607,谷崧,電子零組件,13.7,13.8,13.7,13.7,55129
2026-09-30,3607,谷崧,電子零組件,13.8,14.05,13.7,14.0,220285
2026-10-01,3607,谷崧,電子零組件,14.0,14.0,13.85,13.95,127845
2026-09-29,3609,三一東林,電子零組件,23.0,23.9,22.9,23.5,52195
2026-09-30,3609,三一東林,電子零組件,23.9,23.9,23.0,23.0,27058
2026-10-01,3609,三一東林,電子零組件,22.95,23.9,22.55,23.0,86224
2026-09-29,3611,鼎翰,電腦及週邊,183.0,183.0,182.0,183.0,23951
2026-09-30,3611,鼎翰,電腦及週邊,183.0,184.5,183.0,183.0,30389
2026-10-01,3611,鼎翰,電腦及週邊,184.0,184.5,184.0,184.5,11258
2026-09-29,3615,安可,光電,37.8,41.65,37.5,41.65,3489345
2026-09-30,3615,安可,光電,42.2,45.8,42.1,45.8,2887683
2026-10-01,3615,安可,光電,45.8,45.8,43.2,43.25,7169983
2026-09-29,3617,碩天,其他電子,242.0,245.5,240.5,240.5,258989
2026-09-30,3617,碩天,其他電子,244.5,245.5,242.0,242.0,211371
2026-10-01,3617,碩天,其他電子,242.5,244.0,241.5,243.0,86640
2026-09-29,3622,洋華,光電,44.2,44.75,44.0,44.65,112007
2026-09-30,3622,洋華,光電,45.2,46.2,45.2,46.1,191623
2026-10-01,3622,洋華,光電,46.1,46.1,45.85,45.9,83314
2026-09-29,3623,富晶通,光電,28.4,29.5,28.4,29.15,328041
2026-09-30,3623,富晶通,光電,29.2,30.3,29.2,29.8,365917
2026-10-01,3623,富晶通,光電,30.35,31.0,30.05,30.55,330724
2026-09-29,3624,光頡,電子零組件,139.0,143.5,138.0,140.0,19122453
2026-09-30,3624,光頡,電子零組件,140.5,144.0,134.0,137.5,16906205
2026-10-01,3624,光頡,電子零組件,138.0,151.0,138.0,151.0,31089564
2026-09-29,3625,西勝,電腦及週邊,11.1,11.3,10.9,11.2,520610
2026-09-30,3625,西勝,電腦及週邊,11.05,11.3,11.05,11.15,95110
2026-10-01,3625,西勝,電腦及週邊,11.05,11.5,10.2,11.2,236343
2026-09-29,3628,盈正,其他電子,74.2,74.2,72.9,72.9,54788
2026-09-30,3628,盈正,其他電子,73.0,73.3,72.7,72.7,79804
2026-10-01,3628,盈正,其他電子,72.7,73.5,72.0,72.8,46896
2026-09-29,3629,地心引力,文化創意,17.3,17.3,17.3,17.3,1000
2026-09-30,3629,地心引力,文化創意,17.25,17.3,16.9,17.3,4170
2026-10-01,3629,地心引力,文化創意,17.3,17.3,16.2,16.2,2000
2026-09-29,3630,新鉅科,光電,27.2,27.2,26.55,26.65,336672
2026-09-30,3630,新鉅科,光電,26.7,26.95,26.7,26.95,229444
2026-10-01,3630,新鉅科,光電,26.95,27.4,26.85,26.9,410015
2026-09-29,3631,晟楠,電子零組件,40.0,40.4,39.65,39.95,64375
2026-09-30,3631,晟楠,電子零組件,40.1,40.8,40.0,40.5,143000
2026-10-01,3631,晟楠,電子零組件,40.5,41.5,40.3,40.45,150519
2026-09-29,3632,研勤,通信網路,7.2,7.2,7.19,7.19,13948
2026-09-30,3632,研勤,通信網路,7.19,7.19,7.15,7.15,24257
2026-10-01,3632,研勤,通信網路,7.06,7.1,7.06,7.08,11241
2026-09-29,3645,達邁,電子零組件,73.3,73.3,71.7,72.7,1758340
2026-09-30,3645,達邁,電子零組件,72.9,75.5,72.9,75.3,5003116
2026-10-01,3645,達邁,電子零組件,75.9,76.0,73.8,74.2,3575306
2026-09-29,3646,艾恩特,電子零組件,24.95,24.95,24.75,24.8,6033
2026-09-30,3646,艾恩特,電子零組件,25.0,25.0,24.85,24.95,18512
2026-10-01,3646,艾恩特,電子零組件,25.05,25.05,24.6,24.85,18007
2026-09-29,3652,精聯,電腦及週邊,33.7,34.15,33.7,33.85,45323
2026-09-30,3652,精聯,電腦及週邊,33.95,34.25,33.6,34.2,54046
2026-10-01,3652,精聯,電腦及週邊,34.35,34.6,33.8,34.5,56085
2026-09-29,3653,健策,電子零組件,7000.0,7160.0,6850.0,6895.0,1660061
2026-09-30,3653,健策,電子零組件,6980.0,7080.0,6720.0,6800.0,1303905
2026-10-01,3653,健策,電子零組件,6720.0,6895.0,6665.0,6875.0,616931
2026-09-29,3661,世芯-KY,半導體,3750.0,3795.0,3675.0,3685.0,1176972
2026-09-30,3661,世芯-KY,半導體,3745.0,3810.0,3730.0,3740.0,1125493
2026-10-01,3661,世芯-KY,半導體,3770.0,3820.0,3735.0,3765.0,953454
2026-09-29,3663,鑫科,其他電子,61.4,63.5,61.0,62.4,552336
2026-09-30,3663,鑫科,其他電子,63.1,68.6,63.0,67.8,2718147
2026-10-01,3663,鑫科,其他電子,67.2,67.2,64.7,65.1,1180490
2026-09-29,3664,安瑞-KY,通信網路,8.91,8.91,8.86,8.86,91000
2026-09-30,3664,安瑞-KY,通信網路,8.86,8.86,8.86,8.86,17000
2026-10-01,3664,安瑞-KY,通信網路,8.86,8.87,8.85,8.85,41144
2026-09-29,3665,貿聯-KY,其他電子,2385.0,2465.0,2375.0,2445.0,4555402
2026-09-30,3665,貿聯-KY,其他電子,2500.0,2685.0,2485.0,2595.0,6154465
2026-10-01,3665,貿聯-KY,其他電子,2595.0,2625.0,2510.0,2555.0,3055668
2026-09-29,3666,光耀,光電,25.2,25.3,25.0,25.3,40232
2026-09-30,3666,光耀,光電,25.25,25.3,25.15,25.3,38150
2026-10-01,3666,光耀,光電,25.4,25.4,25.15,25.3,28253
2026-09-29,3669,圓展,通信網路,32.25,32.5,32.25,32.45,49381
2026-09-30,3669,圓展,通信網路,32.9,33.2,32.5,33.0,102848
2026-10-01,3669,圓展,通信網路,33.15,33.55,32.75,33.4,248576
2026-09-29,3672,康聯訊,通信網路,13.0,13.0,12.5,12.5,16298
2026-09-30,3672,康聯訊,通信網路,12.2,12.4,12.0,12.35,9926
2026-10-01,3672,康聯訊,通信網路,12.05,12.1,12.0,12.1,7983
2026-09-29,3673,TPK-KY,光電,65.5,69.5,65.5,68.7,11366605
2026-09-30,3673,TPK-KY,光電,69.1,75.5,68.9,75.5,37006920
2026-10-01,3673,TPK-KY,光電,73.7,75.8,71.7,73.3,26102941
2026-09-29,3675,德微,半導體,337.5,354.5,331.0,334.0,2794739
2026-09-30,3675,德微,半導體,337.0,338.0,328.5,330.0,1348618
2026-10-01,3675,德微,半導體,330.0,360.0,328.0,359.0,2918163
2026-09-29,3679,新至陞,電子零組件,108.5,108.5,108.0,108.5,9180
2026-09-30,3679,新至陞,電子零組件,109.0,109.0,108.0,108.0,35968
2026-10-01,3679,新至陞,電子零組件,108.0,109.0,107.5,108.5,64247
2026-09-29,3680,家登,半導體,536.0,555.0,536.0,548.0,1084110
2026-09-30,3680,家登,半導體,553.0,562.0,545.0,555.0,1654641
2026-10-01,3680,家登,半導體,556.0,562.0,549.0,551.0,758657
2026-09-29,3684,榮昌,通信網路,53.1,53.4,52.9,53.4,6673
2026-09-30,3684,榮昌,通信網路,53.4,53.6,51.4,52.9,84973
2026-10-01,3684,榮昌,通信網路,52.9,54.3,52.3,54.3,50173
2026-09-29,3685,元創精密,電機機械,35.2,35.5,34.15,35.2,324384
2026-09-30,3685,元創精密,電機機械,35.2,35.2,34.25,35.0,293731
2026-10-01,3685,元創精密,電機機械,35.0,35.15,34.2,34.65,216890
2026-09-29,3686,達能,半導體,14.65,15.0,14.65,14.85,41418
2026-09-30,3686,達能,半導體,15.0,16.3,15.0,16.3,569233
2026-10-01,3686,達能,半導體,16.55,16.8,15.8,16.0,486960
2026-09-29,3687,歐買尬,數位雲端,60.3,60.9,59.9,60.3,28670
2026-09-30,3687,歐買尬,數位雲端,60.1,61.1,60.1,60.3,28424
2026-10-01,3687,歐買尬,數位雲端,60.2,61.7,60.2,61.6,51570
2026-09-29,3689,湧德,電子零組件,110.0,111.0,109.5,110.0,268244
2026-09-30,3689,湧德,電子零組件,111.5,111.5,109.5,110.5,385288
2026-10-01,3689,湧德,電子零組件,111.5,111.5,110.0,110.5,295155
2026-09-29,3691,碩禾,光電,120.5,126.0,118.5,118.5,1334507
2026-09-30,3691,碩禾,光電,118.0,122.5,117.5,119.5,973676
2026-10-01,3691,碩禾,光電,120.0,120.5,112.0,112.5,1173841
2026-09-29,3693,營邦,電腦及週邊,719.0,734.0,701.0,702.0,1326585
2026-09-30,3693,營邦,電腦及週邊,708.0,713.0,687.0,687.0,1274541
2026-10-01,3693,營邦,電腦及週邊,688.0,691.0,643.0,664.0,2839027
2026-09-29,3694,海華,通信網路,50.8,50.8,50.2,50.4,239881
2026-09-30,3694,海華,通信網路,50.9,51.5,50.9,51.5,365930
2026-10-01,3694,海華,通信網路,51.6,51.6,51.1,51.2,283839
2026-09-29,3701,大眾控,電腦及週邊,41.15,42.9,41.15,41.75,552964
2026-09-30,3701,大眾控,電腦及週邊,42.25,45.9,42.25,45.9,4549945
2026-10-01,3701,大眾控,電腦及週邊,46.25,50.4,43.9,50.4,8814066
2026-09-29,3702,大聯大,電子通路,117.5,120.0,115.0,115.0,10942986
2026-09-30,3702,大聯大,電子通路,115.0,115.5,113.5,114.0,5939004
2026-10-01,3702,大聯大,電子通路,115.0,119.5,114.0,119.0,9434235
2026-09-29,3703,欣陸,建材營造,19.75,19.85,19.5,19.5,1119772
2026-09-30,3703,欣陸,建材營造,19.5,19.65,19.45,19.6,690262
2026-10-01,3703,欣陸,建材營造,19.55,19.65,19.5,19.55,308715
2026-09-29,3704,合勤控,通信網路,40.5,40.7,39.9,40.25,1130753
2026-09-30,3704,合勤控,通信網路,40.7,40.8,40.35,40.5,926509
2026-10-01,3704,合勤控,通信網路,40.8,40.8,40.05,40.05,1609432
2026-09-29,3705,永信,生技醫療,56.0,56.0,55.8,55.9,125154
2026-09-30,3705,永信,生技醫療,56.7,56.7,56.0,56.7,167862
2026-10-01,3705,永信,生技醫療,56.6,56.8,56.2,56.7,75603
2026-09-29,3706,神達,電腦及週邊,78.5,79.0,78.2,78.9,2938741
2026-09-30,3706,神達,電腦及週邊,79.3,79.8,79.0,79.3,3956421
2026-10-01,3706,神達,電腦及週邊,79.9,82.3,79.6,82.1,12817231
2026-09-29,3707,漢磊,半導體,72.5,74.5,72.3,72.9,20586873
2026-09-30,3707,漢磊,半導體,72.5,77.3,71.7,75.7,30579126
2026-10-01,3707,漢磊,半導體,76.0,78.5,75.6,77.5,21346510
2026-09-29,3708,上緯投控,綠能環保,98.1,99.5,97.6,97.6,306892
2026-09-30,3708,上緯投控,綠能環保,98.1,99.0,97.9,98.9,282790
2026-10-01,3708,上緯投控,綠能環保,98.5,99.4,97.6,98.9,306248
2026-09-29,3709,鑫聯大投控,電腦及週邊,64.0,64.2,63.4,64.0,235676
2026-09-30,3709,鑫聯大投控,電腦及週邊,64.4,65.6,64.4,65.2,362718
2026-10-01,3709,鑫聯大投控,電腦及週邊,66.4,66.8,65.5,65.9,508932
2026-09-29,3710,連展投控,電子零組件,7.65,8.55,7.65,8.52,423175
2026-09-30,3710,連展投控,電子零組件,8.6,8.62,8.21,8.32,262505
2026-10-01,3710,連展投控,電子零組件,8.32,8.32,7.93,8.08,241775
2026-09-29,3711,日月光投控,半導體,685.0,693.0,678.0,687.0,14276948
2026-09-30,3711,日月光投控,半導體,716.0,723.0,703.0,703.0,14687120
2026-10-01,3711,日月光投控,半導體,700.0,710.0,693.0,710.0,8885905
2026-09-29,3712,永崴投控,電腦及週邊,20.7,20.9,20.6,20.65,426421
2026-09-30,3712,永崴投控,電腦及週邊,20.6,20.75,20.2,20.65,663198
2026-10-01,3712,永崴投控,電腦及週邊,20.65,20.7,20.45,20.65,358923
2026-09-29,3713,新晶投控,綠能環保,13.8,13.95,13.15,13.9,45253
2026-09-30,3713,新晶投控,綠能環保,13.85,13.9,13.6,13.9,52086
2026-10-01,3713,新晶投控,綠能環保,13.65,13.8,13.6,13.8,15517
2026-09-29,3714,富采,光電,66.6,69.0,66.4,68.1,7402683
2026-09-30,3714,富采,光電,68.6,70.9,68.1,69.9,21400350
2026-10-01,3714,富采,光電,70.0,70.5,68.0,68.8,10454787
2026-09-29,3715,定穎投控,電子零組件,121.5,126.5,120.5,124.5,2792958
2026-09-30,3715,定穎投控,電子零組件,126.0,128.0,124.0,126.5,4275577
2026-10-01,3715,定穎投控,電子零組件,128.0,129.0,125.0,129.0,4697705
2026-09-29,3716,中化控股,生技醫療,33.95,34.15,33.75,33.9,134468
2026-09-30,3716,中化控股,生技醫療,34.2,34.4,34.0,34.25,252547
2026-10-01,3716,中化控股,生技醫療,34.3,34.3,33.85,34.0,156287
2026-09-29,3717,聯嘉投控,汽車工業,26.0,27.85,25.85,27.85,17004945
2026-09-30,3717,聯嘉投控,汽車工業,28.6,28.85,27.3,27.7,31519820
2026-10-01,3717,聯嘉投控,汽車工業,27.5,28.2,27.05,27.35,8871822
2026-09-29,3718,中光電投控,光電,65.1,65.8,64.6,64.6,1115318
2026-09-30,3718,中光電投控,光電,65.3,66.2,64.9,65.5,1507057
2026-10-01,3718,中光電投控,光電,66.2,66.3,64.3,64.3,1909311
2026-09-29,4102,永日,生技醫療,18.35,18.45,18.25,18.35,7365
2026-09-30,4102,永日,生技醫療,18.25,18.45,18.25,18.45,37329
2026-10-01,4102,永日,生技醫療,18.4,18.65,18.25,18.45,26497
2026-09-29,4104,佳醫,生技醫療,71.9,72.5,71.9,72.1,135872
2026-09-30,4104,佳醫,生技醫療,72.1,72.7,72.1,72.7,149094
2026-10-01,4104,佳醫,生技醫療,72.7,72.7,72.3,72.7,80457
2026-09-29,4105,東洋,生技醫療,78.6,78.9,78.0,78.8,294114
2026-09-30,4105,東洋,生技醫療,78.8,78.8,78.2,78.5,543776
2026-10-01,4105,東洋,生技醫療,78.6,78.8,78.2,78.5,449424
2026-09-29,4106,雃博,生技醫療,24.1,24.25,24.1,24.25,46364
2026-09-30,4106,雃博,生技醫療,24.25,24.45,24.1,24.35,86882
2026-10-01,4106,雃博,生技醫療,24.2,24.25,23.95,24.1,155555
2026-09-29,4107,邦特,生技醫療,110.5,111.0,110.0,110.5,43059
2026-09-30,4107,邦特,生技醫療,111.0,111.5,110.0,110.5,26158
2026-10-01,4107,邦特,生技醫療,110.0,110.5,110.0,110.5,19432
2026-09-29,4108,懷特,生技醫療,11.45,11.75,11.35,11.35,133476
2026-09-30,4108,懷特,生技醫療,11.35,11.5,11.3,11.5,171221
2026-10-01,4108,懷特,生技醫療,11.5,11.55,11.4,11.5,50723
2026-09-29,4109,加捷生醫,生技醫療,11.1,11.1,10.95,11.05,54225
2026-09-30,4109,加捷生醫,生技醫療,11.05,11.1,10.95,11.05,51756
2026-10-01,4109,加捷生醫,生技醫療,11.0,11.05,10.9,10.9,158409
2026-09-29,4111,濟生,生技醫療,28.7,28.85,28.65,28.8,17306
2026-09-30,4111,濟生,生技醫療,28.65,28.9,28.65,28.9,31542
2026-10-01,4111,濟生,生技醫療,28.9,28.9,28.7,28.85,22991
2026-09-29,4113,聯上,建材營造,15.5,15.55,15.35,15.55,618837
2026-09-30,4113,聯上,建材營造,15.55,15.55,15.2,15.55,305208
2026-10-01,4113,聯上,建材營造,15.4,15.45,15.1,15.1,584513
2026-09-29,4114,健喬,生技醫療,29.4,29.5,29.3,29.3,608044
2026-09-30,4114,健喬,生技醫療,29.4,29.6,29.35,29.55,475461
2026-10-01,4114,健喬,生技醫療,29.55,29.55,29.45,29.5,308717
2026-09-29,4116,明基醫,生技醫療,39.4,39.8,39.4,39.4,11383
2026-09-30,4116,明基醫,生技醫療,39.8,40.0,39.75,39.8,17148
2026-10-01,4116,明基醫,生技醫療,40.0,40.0,39.6,39.8,22392
2026-09-29,4119,旭富,生技醫療,56.7,56.9,55.3,55.4,112376
2026-09-30,4119,旭富,生技醫療,54.5,55.5,54.5,55.5,107841
2026-10-01,4119,旭富,生技醫療,55.8,55.9,55.1,55.7,65763
2026-09-29,4120,友華,生技醫療,45.7,46.1,45.7,46.1,4174
2026-09-30,4120,友華,生技醫療,46.1,46.1,45.9,45.9,7130
2026-10-01,4120,友華,生技醫療,46.0,46.0,46.0,46.0,2241
2026-09-29,4121,優盛,生技醫療,12.55,12.8,12.55,12.75,18132
2026-09-30,4121,優盛,生技醫療,12.6,12.75,12.55,12.75,73488
2026-10-01,4121,優盛,生技醫療,12.75,12.75,12.7,12.75,16290
2026-09-29,4123,晟德,生技醫療,31.0,31.25,30.85,31.0,1038188
2026-09-30,4123,晟德,生技醫療,31.0,31.3,30.8,31.25,987851
2026-10-01,4123,晟德,生技醫療,31.25,31.3,30.9,31.3,902289
2026-09-29,4126,太醫,生技醫療,77.9,77.9,77.8,77.9,8377
2026-09-30,4126,太醫,生技醫療,77.9,78.1,77.8,78.1,20710
2026-10-01,4126,太醫,生技醫療,78.2,78.2,78.0,78.0,25288
2026-09-29,4127,天良,生技醫療,49.15,49.15,46.6,47.5,312822
2026-09-30,4127,天良,生技醫療,46.65,47.35,45.6,45.6,422146
2026-10-01,4127,天良,生技醫療,46.0,47.1,45.65,46.7,323224
2026-09-29,4128,中天,生技醫療,14.65,15.15,14.65,15.0,1201076
2026-09-30,4128,中天,生技醫療,15.15,15.45,15.05,15.35,1725507
2026-10-01,4128,中天,生技醫療,15.45,15.45,15.1,15.15,1199642
2026-09-29,4129,聯合,生技醫療,82.4,83.4,82.4,82.9,124785
2026-09-30,4129,聯合,生技醫療,82.8,83.7,82.8,83.4,100894
2026-10-01,4129,聯合,生技醫療,83.2,83.2,82.3,82.6,72224
2026-09-29,4131,浩泰,生技醫療,31.4,32.45,30.95,31.95,20000
2026-09-30,4131,浩泰,生技醫療,32.25,32.25,30.65,30.65,47535
2026-10-01,4131,浩泰,生技醫療,31.25,31.25,30.1,30.85,8111
2026-09-29,4133,亞諾法,生技醫療,20.35,20.8,20.35,20.45,46762
2026-09-30,4133,亞諾法,生技醫療,20.5,20.7,20.5,20.65,35808
2026-10-01,4133,亞諾法,生技醫療,20.6,20.65,20.4,20.65,30488
2026-09-29,4137,麗豐-KY,生技醫療,76.3,76.9,76.3,76.5,76356
2026-09-30,4137,麗豐-KY,生技醫療,76.9,77.6,76.9,77.3,71880
2026-10-01,4137,麗豐-KY,生技醫療,77.2,77.8,76.2,76.3,96735
2026-09-29,4138,曜亞,生技醫療,56.8,56.9,55.1,55.1,54015
2026-09-30,4138,曜亞,生技醫療,55.0,55.6,54.0,54.3,75934
2026-10-01,4138,曜亞,生技醫療,55.0,55.4,54.3,54.3,19910
2026-09-29,4139,馬光-KY,生技醫療,41.45,42.1,40.6,41.65,63012
2026-09-30,4139,馬光-KY,生技醫療,41.95,42.5,41.2,41.8,65021
2026-10-01,4139,馬光-KY,生技醫療,41.0,42.0,40.0,41.95,37068
2026-09-29,4142,國光生,生技醫療,17.8,18.15,17.8,18.1,1093940
2026-09-30,4142,國光生,生技醫療,18.15,18.3,18.05,18.25,1460885
2026-10-01,4142,國光生,生技醫療,18.3,18.35,18.05,18.1,554793
2026-09-29,4147,中裕,生技醫療,62.1,63.6,61.6,63.0,578552
2026-09-30,4147,中裕,生技醫療,63.1,64.4,63.0,63.7,581062
2026-10-01,4147,中裕,生技醫療,63.7,63.9,61.4,62.0,1040859
2026-09-29,4148,全宇生技-KY,生技醫療,32.1,32.25,31.7,31.95,58415
2026-09-30,4148,全宇生技-KY,生技醫療,31.95,32.15,31.95,32.0,12150
2026-10-01,4148,全宇生技-KY,生技醫療,32.0,32.0,31.6,31.8,25747
2026-09-29,4153,鈺緯,生技醫療,31.4,31.5,31.4,31.5,4541
2026-09-30,4153,鈺緯,生技醫療,31.2,31.7,31.2,31.45,8042
2026-10-01,4153,鈺緯,生技醫療,31.55,31.55,31.25,31.25,12618
2026-09-29,4154,樂威科-KY,其他,11.8,13.0,11.8,12.9,52603
2026-09-30,4154,樂威科-KY,其他,12.5,12.5,12.5,12.5,18274
2026-10-01,4154,樂威科-KY,其他,12.5,12.5,12.5,12.5,11060
2026-09-29,4155,訊映,生技醫療,14.85,14.85,14.6,14.6,150826
2026-09-30,4155,訊映,生技醫療,14.6,14.7,14.55,14.65,165507
2026-10-01,4155,訊映,生技醫療,14.75,14.85,14.6,14.85,274351
2026-09-29,4157,太景*-KY,生技醫療,8.89,8.92,8.68,8.68,764728
2026-09-30,4157,太景*-KY,生技醫療,8.7,8.91,8.69,8.89,672030
2026-10-01,4157,太景*-KY,生技醫療,8.87,8.87,8.72,8.73,486067
2026-09-29,4160,訊聯基因,生技醫療,39.3,39.3,39.05,39.05,6227
2026-09-30,4160,訊聯基因,生技醫療,39.15,39.15,38.75,39.1,50555
2026-10-01,4160,訊聯基因,生技醫療,39.1,39.1,38.9,38.9,14058
2026-09-29,4161,聿新科,生技醫療,22.4,22.45,21.95,22.05,40735
2026-09-30,4161,聿新科,生技醫療,21.9,22.05,21.75,21.75,46933
2026-10-01,4161,聿新科,生技醫療,21.7,21.8,21.7,21.75,34598
2026-09-29,4162,智擎,生技醫療,55.3,55.7,55.1,55.4,114431
2026-09-30,4162,智擎,生技醫療,55.4,56.0,55.4,55.6,176848
2026-10-01,4162,智擎,生技醫療,55.5,55.7,55.1,55.3,196339
2026-09-29,4163,鐿鈦,生技醫療,133.5,135.0,133.5,135.0,23160
2026-09-30,4163,鐿鈦,生技醫療,135.0,136.0,134.0,136.0,22212
2026-10-01,4163,鐿鈦,生技醫療,137.0,137.0,135.0,136.5,10181
2026-09-29,4164,承業醫,生技醫療,26.45,27.25,26.45,26.9,541103
2026-09-30,4164,承業醫,生技醫療,26.95,27.4,26.95,27.35,266148
2026-10-01,4164,承業醫,生技醫療,27.35,27.45,26.95,27.1,355144
2026-09-29,4166,友霖,生技醫療,24.0,24.0,23.75,23.85,24000
2026-09-30,4166,友霖,生技醫療,23.85,24.2,23.85,24.1,47000
2026-10-01,4166,友霖,生技醫療,24.0,25.3,24.0,24.75,163120
2026-09-29,4167,松瑞藥,生技醫療,19.5,19.6,19.4,19.55,543072
2026-09-30,4167,松瑞藥,生技醫療,19.65,19.9,19.45,19.85,859170
2026-10-01,4167,松瑞藥,生技醫療,19.8,19.95,19.55,19.6,478094
2026-09-29,4168,醣聯,生技醫療,21.95,21.95,21.65,21.7,36007
2026-09-30,4168,醣聯,生技醫療,21.7,22.4,21.6,22.35,191536
2026-10-01,4168,醣聯,生技醫療,22.65,22.65,22.1,22.15,83384
2026-09-29,4169,泰宗,生技醫療,148.0,152.5,147.5,148.5,65399
2026-09-30,4169,泰宗,生技醫療,151.5,154.0,149.0,152.0,104867
2026-10-01,4169,泰宗,生技醫療,152.5,152.5,149.0,151.0,55654
2026-09-29,4171,瑞基,農業科技,16.25,16.5,16.1,16.5,31018
2026-09-30,4171,瑞基,農業科技,16.65,16.8,16.4,16.45,58089
2026-10-01,4171,瑞基,農業科技,16.45,16.45,16.35,16.35,28206
2026-09-29,4173,久裕,生技醫療,17.1,17.1,16.95,17.1,53278
2026-09-30,4173,久裕,生技醫療,17.1,17.3,17.0,17.3,41962
2026-10-01,4173,久裕,生技醫療,17.25,17.35,17.0,17.25,53364
2026-09-29,4174,浩鼎,生技醫療,32.65,35.65,32.45,35.65,1519951
2026-09-30,4174,浩鼎,生技醫療,39.0,39.2,38.55,39.2,1204344
2026-10-01,4174,浩鼎,生技醫療,43.1,43.1,43.1,43.1,1181477
2026-09-29,4175,杏一,生技醫療,51.0,51.0,50.5,50.5,13679
2026-09-30,4175,杏一,生技醫療,50.6,51.0,50.6,51.0,12661
2026-10-01,4175,杏一,生技醫療,50.8,51.0,50.7,50.7,10681
2026-09-29,4178,永笙-KY,生技醫療,16.4,16.8,16.4,16.55,90603
2026-09-30,4178,永笙-KY,生技醫療,16.8,16.8,16.45,16.7,88100
2026-10-01,4178,永笙-KY,生技醫療,17.0,18.35,17.0,18.35,913402
2026-09-29,4183,福永生技,生技醫療,13.3,13.95,13.3,13.95,7020
2026-09-30,4183,福永生技,生技醫療,13.9,13.95,13.55,13.55,3010
2026-10-01,4183,福永生技,生技醫療,14.0,14.45,14.0,14.45,7041
2026-09-29,4188,安克,生技醫療,13.85,14.25,13.6,13.9,123890
2026-09-30,4188,安克,生技醫療,13.9,14.25,13.7,14.25,137223
2026-10-01,4188,安克,生技醫療,14.4,15.45,14.2,14.3,250745
2026-09-29,4190,佐登-KY,生技醫療,25.15,25.15,25.05,25.05,6232
2026-09-30,4190,佐登-KY,生技醫療,25.15,25.2,24.95,24.95,11798
2026-10-01,4190,佐登-KY,生技醫療,24.75,25.0,24.75,25.0,10274
2026-09-29,4192,杏國,生技醫療,18.45,18.45,17.65,18.45,5123
2026-09-30,4192,杏國,生技醫療,18.45,18.65,18.45,18.65,5034
2026-09-29,4195,基米-創,生技醫療,14.4,15.8,14.4,15.8,816104
2026-09-30,4195,基米-創,生技醫療,17.35,17.35,16.0,16.1,802116
2026-10-01,4195,基米-創,生技醫療,15.85,15.85,15.35,15.7,174365
2026-09-29,4198,欣大健康,生技醫療,50.0,50.0,48.35,49.9,22420
2026-09-30,4198,欣大健康,生技醫療,49.5,49.5,49.5,49.5,2787
2026-10-01,4198,欣大健康,生技醫療,49.25,49.25,49.25,49.25,1077
2026-09-29,4205,中華食,食品工業,68.2,68.5,68.2,68.5,12845
2026-09-30,4205,中華食,食品工業,68.5,68.5,68.5,68.5,26952
2026-10-01,4205,中華食,食品工業,68.8,68.8,68.8,68.8,4698
2026-09-29,4207,環泰,食品工業,19.4,19.5,19.3,19.45,171510
2026-09-30,4207,環泰,食品工業,19.4,19.45,19.35,19.35,36062
2026-10-01,4207,環泰,食品工業,19.35,19.45,19.3,19.4,100991
2026-09-29,4303,信立,塑膠工業,34.5,34.5,33.05,33.4,826647
2026-09-30,4303,信立,塑膠工業,33.55,33.6,33.2,33.45,690630
2026-10-01,4303,信立,塑膠工業,33.55,34.1,33.35,33.35,865817
2026-09-29,4304,勝昱,塑膠工業,18.3,18.45,17.65,17.7,38608
2026-09-30,4304,勝昱,塑膠工業,17.3,17.7,17.3,17.3,46763
2026-10-01,4304,勝昱,塑膠工業,17.0,17.85,17.0,17.3,15068
2026-09-29,4305,世坤,塑膠工業,41.95,41.95,41.55,41.75,3000
2026-10-01,4305,世坤,塑膠工業,41.55,41.6,41.55,41.55,4004
2026-09-29,4306,炎洲,塑膠工業,14.5,14.8,14.35,14.65,863069
2026-09-30,4306,炎洲,塑膠工業,14.6,14.75,14.6,14.7,707952
2026-10-01,4306,炎洲,塑膠工業,14.6,14.7,14.45,14.45,1003498
2026-09-29,4401,東隆興,紡織纖維,13.9,13.95,13.65,13.85,22447
2026-09-30,4401,東隆興,紡織纖維,14.0,14.0,13.75,13.9,26043
2026-10-01,4401,東隆興,紡織纖維,14.0,14.0,13.85,13.9,22140
2026-09-29,4402,郡都開發,紡織纖維,13.65,14.4,13.6,14.15,12012
2026-09-30,4402,郡都開發,紡織纖維,14.15,14.2,13.75,13.8,26084
2026-10-01,4402,郡都開發,紡織纖維,14.15,14.15,14.15,14.15,1014
2026-09-29,4406,新昕纖,紡織纖維,10.25,10.25,10.25,10.25,36001
2026-09-30,4406,新昕纖,紡織纖維,10.1,10.3,10.1,10.3,18000
2026-10-01,4406,新昕纖,紡織纖維,10.0,10.2,10.0,10.2,11000
2026-09-29,4413,飛寶企業,紡織纖維,20.5,21.15,20.3,20.5,65046
2026-09-30,4413,飛寶企業,紡織纖維,21.4,21.4,20.3,20.3,91603
2026-10-01,4413,飛寶企業,紡織纖維,20.0,20.35,20.0,20.35,6113
2026-09-29,4414,如興,紡織纖維,8.21,8.21,8.11,8.11,139371
2026-09-30,4414,如興,紡織纖維,8.17,8.17,8.07,8.14,272697
2026-10-01,4414,如興,紡織纖維,8.14,8.16,8.07,8.11,146069
2026-09-29,4416,三圓,建材營造,13.8,14.3,13.75,13.75,945941
2026-09-30,4416,三圓,建材營造,13.85,13.85,13.35,13.35,901917
2026-10-01,4416,三圓,建材營造,13.4,13.5,13.0,13.1,872708
2026-09-29,4417,金洲,紡織纖維,50.0,50.0,49.65,49.65,43154
2026-09-30,4417,金洲,紡織纖維,49.95,50.1,49.55,49.55,51830
2026-10-01,4417,金洲,紡織纖維,49.55,49.7,49.5,49.6,34346
2026-09-29,4419,皇家美食,觀光餐旅,47.0,49.0,46.95,49.0,78317
2026-09-30,4419,皇家美食,觀光餐旅,49.0,50.2,49.0,50.2,479152
2026-09-29,4420,光明,紡織纖維,35.55,35.8,35.55,35.8,10048
2026-09-30,4420,光明,紡織纖維,35.75,36.2,35.75,36.05,36541
2026-10-01,4420,光明,紡織纖維,35.8,35.8,35.65,35.65,20475
2026-09-29,4426,利勤,紡織纖維,7.7,7.7,7.6,7.61,81280
2026-09-30,4426,利勤,紡織纖維,7.62,7.67,7.55,7.61,45126
2026-10-01,4426,利勤,紡織纖維,7.61,7.73,7.53,7.66,70001
2026-09-29,4430,耀億,其他,17.65,18.0,17.65,17.8,32404
2026-09-30,4430,耀億,其他,17.9,17.9,17.4,17.75,30341
2026-10-01,4430,耀億,其他,17.85,17.85,17.7,17.8,29107
2026-09-29,4432,銘旺實,紡織纖維,15.5,15.55,15.25,15.4,31202
2026-09-30,4432,銘旺實,紡織纖維,15.3,15.45,15.25,15.4,30385
2026-10-01,4432,銘旺實,紡織纖維,15.45,15.45,15.35,15.35,5000
2026-09-29,4433,興采,紡織纖維,18.25,18.25,17.95,18.05,20720
2026-09-30,4433,興采,紡織纖維,18.2,18.2,17.7,18.05,169988
2026-10-01,4433,興采,紡織纖維,18.05,18.05,17.9,18.05,45928
2026-09-29,4438,廣越,紡織纖維,57.1,57.1,56.6,56.7,16880
2026-09-30,4438,廣越,紡織纖維,56.5,58.4,56.5,57.0,34204
2026-10-01,4438,廣越,紡織纖維,57.6,57.7,57.0,57.2,26288
2026-09-29,4439,冠星-KY,紡織纖維,96.8,96.8,95.0,96.5,14109
2026-09-30,4439,冠星-KY,紡織纖維,97.4,98.4,95.9,98.4,37233
2026-10-01,4439,冠星-KY,紡織纖維,98.5,98.5,97.0,97.7,6015
2026-09-29,4440,宜新實業,紡織纖維,17.45,17.5,17.35,17.45,27020
2026-09-30,4440,宜新實業,紡織纖維,17.45,17.7,17.45,17.55,30000
2026-10-01,4440,宜新實業,紡織纖維,17.45,17.55,17.45,17.55,30000
2026-09-29,4441,振大環球,紡織纖維,170.5,171.5,170.0,170.0,68339
2026-09-30,4441,振大環球,紡織纖維,170.5,171.5,170.0,171.5,83293
2026-10-01,4441,振大環球,紡織纖維,171.0,171.0,170.0,170.0,30869
2026-09-29,4442,竣邦-KY,紡織纖維,53.7,53.7,53.1,53.2,14104
2026-09-30,4442,竣邦-KY,紡織纖維,53.8,54.1,53.0,54.1,26334
2026-10-01,4442,竣邦-KY,紡織纖維,54.1,54.4,53.6,54.0,19715
2026-09-29,4502,健信,電機機械,15.65,15.75,15.65,15.7,5190
2026-09-30,4502,健信,電機機械,15.75,15.9,15.45,15.9,47492
2026-10-01,4502,健信,電機機械,15.7,15.8,15.6,15.8,11036
2026-09-29,4503,金雨,電機機械,24.4,24.75,23.9,24.0,116036
2026-09-30,4503,金雨,電機機械,24.25,24.25,23.8,24.15,176624
2026-10-01,4503,金雨,電機機械,24.15,24.3,23.9,24.15,81887
2026-09-29,4506,崇友,電機機械,118.5,118.5,117.5,118.0,43686
2026-09-30,4506,崇友,電機機械,118.0,118.0,117.5,118.0,25880
2026-10-01,4506,崇友,電機機械,118.0,118.0,117.5,118.0,30539
2026-09-29,4510,高鋒,電機機械,42.95,43.9,42.95,43.05,296159
2026-09-30,4510,高鋒,電機機械,43.6,44.65,43.6,44.0,575426
2026-10-01,4510,高鋒,電機機械,44.2,44.45,43.35,43.45,412174
2026-09-29,4513,福裕,電機機械,16.5,16.7,16.2,16.3,185752
2026-09-30,4513,福裕,電機機械,16.35,16.35,16.2,16.2,137680
2026-10-01,4513,福裕,電機機械,16.2,16.4,16.0,16.4,204332
2026-09-29,4523,永彰,電機機械,23.5,24.0,23.5,23.85,32392
2026-09-30,4523,永彰,電機機械,23.85,24.1,23.85,23.9,46543
2026-10-01,4523,永彰,電機機械,23.9,24.1,23.85,24.0,40311
2026-09-29,4526,東台,電機機械,31.75,32.7,31.45,32.15,1230357
2026-09-30,4526,東台,電機機械,32.6,34.75,32.6,34.05,6948777
2026-10-01,4526,東台,電機機械,34.9,36.9,34.15,34.4,8738505
2026-09-29,4527,方土霖,電機機械,40.55,40.9,40.55,40.9,16259
2026-09-29,4528,江興鍛,電機機械,14.85,14.9,14.85,14.85,16951
2026-09-30,4528,江興鍛,電機機械,15.1,15.1,14.95,14.95,6024
2026-10-01,4528,江興鍛,電機機械,14.9,14.95,14.85,14.85,25915
2026-09-29,4529,淳紳,其他,3.33,3.33,3.33,3.33,5002
2026-09-30,4529,淳紳,其他,3.33,3.33,3.33,3.33,17000
2026-10-01,4529,淳紳,其他,3.33,3.33,3.33,3.33,3000
2026-09-29,4530,天意能創,觀光餐旅,23.5,24.25,23.45,24.2,9830
2026-09-30,4530,天意能創,觀光餐旅,24.95,24.95,24.15,24.75,10203
2026-10-01,4530,天意能創,觀光餐旅,24.9,24.95,24.1,24.1,3001
2026-09-29,4532,瑞智,電機機械,25.2,25.35,25.0,25.05,535748
2026-09-30,4532,瑞智,電機機械,25.1,25.15,24.8,24.85,731570
2026-10-01,4532,瑞智,電機機械,24.8,24.85,24.65,24.8,530666
2026-09-29,4533,協易機,電機機械,25.35,25.55,24.9,25.5,443389
2026-09-30,4533,協易機,電機機械,25.8,25.8,25.5,25.65,539391
2026-10-01,4533,協易機,電機機械,25.75,25.75,25.25,25.55,338722
2026-09-29,4534,慶騰,電機機械,31.2,32.25,30.6,31.3,792060
2026-09-30,4534,慶騰,電機機械,31.5,31.55,30.7,30.95,635176
2026-10-01,4534,慶騰,電機機械,30.95,31.0,30.3,30.7,462907
2026-09-29,4535,至興,電機機械,26.7,27.0,26.55,26.8,14551
2026-09-30,4535,至興,電機機械,26.6,27.0,26.6,27.0,23054
2026-10-01,4535,至興,電機機械,26.65,27.0,26.65,27.0,9110
2026-09-29,4536,拓凱,運動休閒,164.5,164.5,161.5,161.5,167097
2026-09-30,4536,拓凱,運動休閒,162.5,163.0,160.5,161.0,248132
2026-10-01,4536,拓凱,運動休閒,160.5,162.0,160.0,162.0,132564
2026-09-29,4538,大詠城,電機機械,17.5,17.55,17.35,17.55,10130
2026-09-30,4538,大詠城,電機機械,17.4,17.4,17.25,17.35,10000
2026-10-01,4538,大詠城,電機機械,17.5,17.5,17.3,17.45,11006
2026-09-29,4540,全球傳動,電機機械,60.2,62.7,60.0,62.6,5084830
2026-09-30,4540,全球傳動,電機機械,63.0,63.6,62.0,62.1,4250729
2026-10-01,4540,全球傳動,電機機械,62.3,62.5,61.3,61.8,1519386
2026-09-29,4541,晟田,其他,59.3,60.3,59.2,59.3,517220
2026-09-30,4541,晟田,其他,59.4,63.2,59.2,61.6,2180881
2026-10-01,4541,晟田,其他,61.7,61.7,60.0,60.1,1338184
2026-09-29,4542,科嶠,電子零組件,329.0,342.0,329.0,339.0,544794
2026-09-30,4542,科嶠,電子零組件,345.0,347.0,338.0,344.0,473170
2026-10-01,4542,科嶠,電子零組件,343.0,343.0,328.0,328.0,429572
2026-09-29,4543,萬在,電機機械,28.55,28.7,28.45,28.5,172584
2026-09-30,4543,萬在,電機機械,28.75,29.5,28.75,29.45,95335
2026-10-01,4543,萬在,電機機械,29.5,30.7,29.5,30.15,171271
2026-09-29,4545,銘鈺,電子零組件,34.15,35.6,33.7,35.55,326852
2026-09-30,4545,銘鈺,電子零組件,35.8,39.1,35.8,39.1,931770
2026-10-01,4545,銘鈺,電子零組件,39.1,40.75,38.5,39.4,1012709
2026-09-29,4549,桓達,電機機械,97.0,97.0,95.6,96.2,30740
2026-09-30,4549,桓達,電機機械,95.8,97.7,95.6,97.1,68923
2026-10-01,4549,桓達,電機機械,96.9,96.9,95.9,96.9,53826
2026-09-29,4550,長佳,電機機械,24.0,24.15,24.0,24.15,5249
2026-09-30,4550,長佳,電機機械,24.6,24.65,24.2,24.45,50073
2026-10-01,4550,長佳,電機機械,24.25,24.45,24.15,24.45,4000
2026-09-29,4551,智伸科,汽車工業,162.5,179.5,162.0,179.5,2692592
2026-09-30,4551,智伸科,汽車工業,183.5,188.0,173.5,174.5,5389854
2026-10-01,4551,智伸科,汽車工業,175.0,175.0,168.5,172.5,1565007
2026-09-29,4552,力達-KY,電機機械,15.5,15.55,15.35,15.35,126861
2026-09-30,4552,力達-KY,電機機械,15.35,15.85,15.35,15.8,189447
2026-10-01,4552,力達-KY,電機機械,15.75,15.75,15.5,15.65,66636
2026-09-29,4554,橙的,其他電子,28.25,28.25,28.05,28.05,27532
2026-09-30,4554,橙的,其他電子,28.3,28.35,28.05,28.25,50534
2026-10-01,4554,橙的,其他電子,28.3,28.35,28.15,28.15,19790
2026-09-29,4555,氣立,電機機械,41.75,42.25,41.2,41.6,69189
2026-09-30,4555,氣立,電機機械,42.0,42.2,41.7,42.15,76991
2026-10-01,4555,氣立,電機機械,42.2,42.6,41.6,42.3,75083
2026-09-29,4556,旭然,其他,92.1,97.4,92.1,92.4,572810
2026-09-30,4556,旭然,其他,93.7,101.5,93.7,101.5,1059253
2026-10-01,4556,旭然,其他,108.0,111.5,98.3,111.5,3003739
2026-09-29,4557,永新-KY,汽車工業,49.6,50.4,49.6,50.1,34834
2026-09-30,4557,永新-KY,汽車工業,50.7,50.9,50.0,50.3,56850
2026-10-01,4557,永新-KY,汽車工業,50.3,50.3,50.1,50.3,35344
2026-09-29,4558,寶緯,電機機械,17.1,17.2,16.9,16.9,28000
2026-09-30,4558,寶緯,電機機械,17.0,17.15,16.95,16.95,25000
2026-10-01,4558,寶緯,電機機械,16.85,16.95,16.8,16.85,56000
2026-09-29,4560,強信-KY,電機機械,29.55,29.55,29.2,29.35,139100
2026-09-30,4560,強信-KY,電機機械,29.45,29.9,29.3,29.9,367002
2026-10-01,4560,強信-KY,電機機械,29.85,29.85,29.3,29.4,229000
2026-09-29,4561,健椿,電機機械,42.0,42.75,41.65,41.9,68190
2026-09-30,4561,健椿,電機機械,42.15,43.3,42.15,43.2,268801
2026-10-01,4561,健椿,電機機械,42.9,42.9,42.35,42.5,70908
2026-09-29,4562,穎漢,電機機械,30.0,30.35,29.8,30.0,103878
2026-09-30,4562,穎漢,電機機械,30.1,31.0,30.1,30.95,153575
2026-10-01,4562,穎漢,電機機械,30.9,31.4,30.45,30.95,114402
2026-09-29,4563,百德,電機機械,51.3,52.6,50.8,51.4,237158
2026-09-30,4563,百德,電機機械,51.5,52.4,49.9,51.7,347125
2026-10-01,4563,百德,電機機械,51.7,54.4,51.6,53.5,519728
2026-09-29,4564,元翎,電機機械,16.15,16.25,16.1,16.2,447952
2026-09-30,4564,元翎,電機機械,16.35,16.4,16.2,16.4,570788
2026-10-01,4564,元翎,電機機械,16.5,16.5,16.05,16.3,332041
2026-09-29,4566,時碩工業,電機機械,74.3,75.2,71.7,73.2,6270637
2026-09-30,4566,時碩工業,電機機械,74.5,77.1,73.2,74.1,3316709
2026-10-01,4566,時碩工業,電機機械,74.3,77.2,74.3,75.2,3816528
2026-09-29,4568,科際精密,電機機械,39.15,39.2,39.05,39.05,4000
2026-09-30,4568,科際精密,電機機械,39.05,39.8,39.05,39.45,17200
2026-10-01,4568,科際精密,電機機械,38.75,39.05,38.75,39.05,14100
2026-09-29,4569,六方科-KY,汽車工業,154.0,156.0,153.0,154.0,35115
2026-09-30,4569,六方科-KY,汽車工業,157.5,159.0,155.5,157.5,28293
2026-10-01,4569,六方科-KY,汽車工業,156.5,156.5,153.0,155.0,19365
2026-09-29,4571,鈞興-KY,電機機械,152.0,153.5,152.0,152.5,46746
2026-09-30,4571,鈞興-KY,電機機械,152.5,154.5,152.5,153.5,97627
2026-10-01,4571,鈞興-KY,電機機械,152.5,154.0,152.5,154.0,56720
2026-09-29,4572,駐龍,電機機械,140.0,140.0,138.5,139.0,15872
2026-09-30,4572,駐龍,電機機械,140.0,140.0,138.0,138.5,14722
2026-10-01,4572,駐龍,電機機械,138.5,140.5,138.5,138.5,11521
2026-09-29,4576,大銀微系統,電機機械,226.0,241.0,224.5,241.0,2503523
2026-09-30,4576,大銀微系統,電機機械,242.0,243.0,235.5,236.0,2005719
2026-10-01,4576,大銀微系統,電機機械,237.0,238.5,230.5,237.5,1065162
2026-09-29,4577,達航科技,其他電子,83.5,85.6,83.5,84.0,169712
2026-09-30,4577,達航科技,其他電子,85.3,92.4,85.3,92.4,1095238
2026-10-01,4577,達航科技,其他電子,94.0,94.6,89.7,90.4,1188114
2026-09-29,4580,捷流閥業,電機機械,80.5,81.0,80.5,81.0,32347
2026-09-30,4580,捷流閥業,電機機械,82.2,82.2,81.3,81.8,95122
2026-10-01,4580,捷流閥業,電機機械,81.6,82.3,80.5,82.2,160240
2026-09-29,4581,光隆精密-KY,汽車工業,47.7,47.7,47.7,47.7,1000
2026-09-30,4581,光隆精密-KY,汽車工業,47.7,48.2,47.7,48.2,12000
2026-10-01,4581,光隆精密-KY,汽車工業,47.75,47.85,47.75,47.85,3045
2026-09-29,4582,聚恆-創,綠能環保,22.45,22.45,22.2,22.2,23001
2026-09-30,4582,聚恆-創,綠能環保,22.2,22.55,22.2,22.5,132010
2026-10-01,4582,聚恆-創,綠能環保,22.5,22.5,22.2,22.4,33230
2026-09-29,4583,台灣精銳,電機機械,429.0,437.0,429.0,429.0,38563
2026-09-30,4583,台灣精銳,電機機械,429.0,432.0,422.0,426.5,85489
2026-10-01,4583,台灣精銳,電機機械,426.0,426.5,413.5,419.5,79949
2026-09-30,4584,君帆,電機機械,37.0,37.0,37.0,37.0,11300
2026-10-01,4584,君帆,電機機械,39.6,39.6,37.5,37.5,6000
2026-09-29,4585,達明,其他電子,289.0,295.5,289.0,290.0,130588
2026-09-30,4585,達明,其他電子,292.0,292.5,290.0,292.0,78377
2026-10-01,4585,達明,其他電子,292.0,294.5,290.0,294.5,96701
2026-09-29,4588,玖鼎電力,其他電子,54.9,55.6,54.6,55.3,40000
2026-09-30,4588,玖鼎電力,其他電子,55.3,56.6,55.1,56.0,34489
2026-10-01,4588,玖鼎電力,其他電子,55.4,55.8,55.2,55.8,22386
2026-09-29,4590,富田-創,電機機械,90.0,90.0,88.1,88.5,112776
2026-09-30,4590,富田-創,電機機械,88.9,90.0,88.8,89.1,118271
2026-10-01,4590,富田-創,電機機械,89.0,89.0,88.1,88.2,133483
2026-09-30,4609,唐鋒,居家生活,4.25,4.25,4.15,4.15,6004
2026-10-01,4609,唐鋒,居家生活,4.15,4.49,4.15,4.49,2000
2026-09-29,4702,中美實,居家生活,9.44,9.44,9.22,9.32,14720
2026-09-30,4702,中美實,居家生活,9.43,9.43,9.31,9.31,64632
2026-10-01,4702,中美實,居家生活,9.45,9.45,9.25,9.28,70985
2026-09-29,4706,大恭,化學工業,33.85,33.85,33.85,33.85,1031
2026-09-30,4706,大恭,化學工業,33.85,33.85,33.85,33.85,2046
2026-10-01,4706,大恭,化學工業,34.3,34.65,34.25,34.65,21018
2026-09-29,4707,磐亞,化學工業,29.95,30.35,29.2,29.65,1446448
2026-09-30,4707,磐亞,化學工業,29.75,30.7,29.6,30.35,1493971
2026-10-01,4707,磐亞,化學工業,30.35,30.85,28.7,28.7,1899137
2026-09-29,4711,永純,化學工業,16.25,16.25,16.1,16.2,50098
2026-09-30,4711,永純,化學工業,16.5,16.6,16.2,16.35,19189
2026-10-01,4711,永純,化學工業,16.7,16.75,16.05,16.15,116331
2026-09-29,4714,永捷,化學工業,12.05,12.05,11.8,11.8,759021
2026-09-30,4714,永捷,化學工業,11.9,12.1,11.9,12.05,631094
2026-10-01,4714,永捷,化學工業,12.1,12.15,11.8,11.85,714126
2026-09-29,4716,大立,化學工業,17.0,17.0,16.8,16.9,437739
2026-09-30,4716,大立,化學工業,17.05,17.05,16.75,16.85,684953
2026-10-01,4716,大立,化學工業,16.95,17.6,16.7,17.25,886371
2026-09-29,4720,德淵,化學工業,19.15,19.4,19.15,19.15,383913
2026-09-30,4720,德淵,化學工業,19.35,19.5,19.3,19.3,230066
2026-10-01,4720,德淵,化學工業,19.35,19.35,19.0,19.05,304048
2026-09-29,4721,美琪瑪,化學工業,77.4,81.0,77.0,79.8,915795
2026-09-30,4721,美琪瑪,化學工業,79.0,84.3,78.9,82.5,1291948
2026-10-01,4721,美琪瑪,化學工業,82.5,82.5,80.3,80.6,611093
2026-09-29,4722,國精化,化學工業,184.0,194.5,184.0,190.0,633493
2026-09-30,4722,國精化,化學工業,193.0,197.0,190.0,190.5,647858
2026-10-01,4722,國精化,化學工業,196.5,209.5,194.5,209.5,2273814
2026-09-29,4726,永昕,生技醫療,22.35,22.65,22.1,22.65,87809
2026-09-30,4726,永昕,生技醫療,22.35,22.95,22.35,22.95,61129
2026-10-01,4726,永昕,生技醫療,23.0,23.7,23.0,23.4,171739
2026-09-29,4728,雙美,生技醫療,397.0,399.5,397.0,399.5,5024
2026-09-30,4728,雙美,生技醫療,399.0,399.0,399.0,399.0,1077
2026-10-01,4728,雙美,生技醫療,397.5,397.5,394.5,394.5,14011
2026-09-29,4729,熒茂,光電,18.8,19.0,18.7,18.8,71214
2026-09-30,4729,熒茂,光電,19.1,20.65,19.1,20.65,1070022
2026-10-01,4729,熒茂,光電,21.0,21.05,19.95,20.4,903732
2026-09-29,4735,豪展,生技醫療,36.25,36.9,36.2,36.2,63935
2026-09-30,4735,豪展,生技醫療,36.2,36.5,36.1,36.1,13433
2026-10-01,4735,豪展,生技醫療,36.05,36.5,36.05,36.05,29202
2026-09-29,4736,泰博,生技醫療,130.0,131.0,128.0,128.5,140135
2026-09-30,4736,泰博,生技醫療,130.0,130.0,128.5,130.0,151308
2026-10-01,4736,泰博,生技醫療,131.5,131.5,129.0,130.0,97667
2026-09-29,4737,華廣,生技醫療,56.8,56.8,55.5,55.6,21141
2026-09-30,4737,華廣,生技醫療,56.4,56.7,55.4,55.4,46490
2026-10-01,4737,華廣,生技醫療,55.3,56.1,55.0,55.4,38645
2026-09-29,4739,康普,化學工業,80.1,85.0,80.0,83.2,1792925
2026-09-30,4739,康普,化學工業,85.1,89.9,84.5,88.4,4293114
2026-10-01,4739,康普,化學工業,88.4,88.5,86.2,87.5,1654514
2026-09-29,4741,泓瀚,化學工業,38.0,41.25,38.0,40.05,185874
2026-09-30,4741,泓瀚,化學工業,40.65,42.25,40.4,40.8,173246
2026-10-01,4741,泓瀚,化學工業,40.8,41.35,40.25,40.3,39984
2026-09-29,4743,合一,生技醫療,45.0,46.3,44.8,45.7,1053024
2026-09-30,4743,合一,生技醫療,45.85,47.35,45.4,47.15,2001345
2026-10-01,4743,合一,生技醫療,47.15,47.25,45.65,45.85,1298817
2026-09-29,4744,皇將,生技醫療,28.05,28.8,27.95,28.65,67112
2026-09-30,4744,皇將,生技醫療,28.7,29.45,28.7,29.2,201783
2026-10-01,4744,皇將,生技醫療,29.95,29.95,28.6,28.7,55751
2026-09-29,4745,合富-KY,生技醫療,11.95,12.15,11.95,12.1,98562
2026-09-30,4745,合富-KY,生技醫療,12.1,12.2,12.1,12.2,28175
2026-10-01,4745,合富-KY,生技醫療,12.25,12.25,12.15,12.15,4114
2026-09-29,4746,台耀,生技醫療,47.8,48.2,47.45,47.7,873374
2026-09-30,4746,台耀,生技醫療,48.0,49.0,47.6,48.95,1019870
2026-10-01,4746,台耀,生技醫療,49.0,49.3,48.6,49.0,444421
2026-09-29,4747,強生*,生技醫療,23.5,23.6,23.05,23.6,33611
2026-09-30,4747,強生*,生技醫療,23.2,23.6,22.6,23.6,86472
2026-10-01,4747,強生*,生技醫療,23.0,23.75,23.0,23.1,33328
2026-09-29,4749,新應材,半導體,728.0,780.0,725.0,764.0,1087424
2026-09-30,4749,新應材,半導體,782.0,788.0,752.0,766.0,891575
2026-10-01,4749,新應材,半導體,777.0,786.0,756.0,757.0,699213
2026-09-29,4754,國碳科,化學工業,37.8,37.8,37.3,37.7,23499
2026-09-30,4754,國碳科,化學工業,37.7,37.9,37.5,37.9,44980
2026-10-01,4754,國碳科,化學工業,37.65,38.0,37.65,37.85,9146
2026-09-29,4755,三福化,化學工業,115.5,118.5,115.0,118.0,196326
2026-09-30,4755,三福化,化學工業,119.0,120.0,118.0,118.0,261884
2026-10-01,4755,三福化,化學工業,118.0,119.0,116.0,119.0,155047
2026-09-29,4760,勤凱,其他電子,268.0,268.0,259.5,260.0,239610
2026-09-30,4760,勤凱,其他電子,264.0,264.5,260.0,262.5,124730
2026-10-01,4760,勤凱,其他電子,267.0,288.5,267.0,288.5,888048
2026-09-29,4763,材料*-KY,化學工業,46.4,46.85,45.8,46.85,6564454
2026-09-30,4763,材料*-KY,化學工業,47.0,49.2,46.75,48.9,11831200
2026-10-01,4763,材料*-KY,化學工業,48.8,48.9,46.85,46.85,11589391
2026-09-29,4764,雙鍵,化學工業,179.5,184.0,175.0,183.0,1162027
2026-09-30,4764,雙鍵,化學工業,185.5,193.0,183.0,189.0,1350451
2026-10-01,4764,雙鍵,化學工業,193.0,193.0,182.5,185.0,1155256
2026-09-29,4766,南寶,化學工業,343.5,344.0,341.0,341.0,75315
2026-09-30,4766,南寶,化學工業,341.5,343.5,340.5,340.5,84164
2026-10-01,4766,南寶,化學工業,340.0,342.5,339.5,342.5,73624
2026-09-29,4767,誠泰科技,化學工業,28.4,28.4,27.8,28.3,69011
2026-09-30,4767,誠泰科技,化學工業,28.35,28.35,28.0,28.2,6000
2026-10-01,4767,誠泰科技,化學工業,28.1,28.1,28.1,28.1,6457
2026-09-29,4768,晶呈科技,化學工業,325.5,357.5,323.0,357.5,1645472
2026-09-30,4768,晶呈科技,化學工業,365.0,382.0,360.0,380.0,2942023
2026-10-01,4768,晶呈科技,化學工業,392.5,403.5,366.0,367.0,2094343
2026-09-29,4770,上品,化學工業,277.0,295.0,277.0,286.5,2148058
2026-09-30,4770,上品,化學工業,288.0,288.5,277.5,282.0,1405600
2026-10-01,4770,上品,化學工業,278.5,281.5,273.5,275.0,871633
2026-09-29,4771,望隼,生技醫療,213.5,215.0,211.0,211.5,76634
2026-09-30,4771,望隼,生技醫療,212.0,214.5,211.5,214.5,117834
2026-10-01,4771,望隼,生技醫療,214.5,214.5,212.5,213.5,51963
2026-09-29,4772,台特化,化學工業,252.0,273.0,250.0,271.0,2803195
2026-09-30,4772,台特化,化學工業,274.0,280.5,268.5,269.0,2314861
2026-10-01,4772,台特化,化學工業,270.0,275.0,263.0,264.5,964012
2026-09-29,4807,日成-KY,貿易百貨,29.55,29.55,29.15,29.15,59195
2026-09-30,4807,日成-KY,貿易百貨,29.0,29.6,28.9,29.35,129235
2026-10-01,4807,日成-KY,貿易百貨,29.15,29.8,29.1,29.8,60509
2026-09-29,4903,聯光通,通信網路,42.75,44.3,42.2,42.8,6330186
2026-09-30,4903,聯光通,通信網路,42.6,43.15,42.0,42.9,3430291
2026-10-01,4903,聯光通,通信網路,42.65,44.4,41.6,44.35,7006456
2026-09-29,4904,遠傳,通信網路,106.0,106.0,104.0,104.5,5442744
2026-09-30,4904,遠傳,通信網路,105.0,105.0,103.0,103.5,6217738
2026-10-01,4904,遠傳,通信網路,103.5,105.0,103.0,105.0,3201796
2026-09-29,4905,台聯電,生技醫療,77.0,78.1,76.4,76.7,11047
2026-09-30,4905,台聯電,生技醫療,77.2,77.7,76.0,76.5,37605
2026-10-01,4905,台聯電,生技醫療,77.2,84.1,77.2,84.1,217725
2026-09-29,4906,正文,通信網路,37.65,40.8,37.45,40.2,13404590
2026-09-30,4906,正文,通信網路,40.25,42.45,40.0,42.3,17574239
2026-10-01,4906,正文,通信網路,41.85,42.05,39.85,40.5,11744264
2026-09-29,4907,富宇,建材營造,45.65,45.65,44.95,45.25,14842
2026-09-30,4907,富宇,建材營造,45.25,45.25,44.75,45.0,25144
2026-10-01,4907,富宇,建材營造,44.9,45.95,44.65,45.05,17852
2026-09-29,4908,前鼎,通信網路,208.5,212.0,205.0,205.5,1258359
2026-09-30,4908,前鼎,通信網路,210.5,212.0,205.5,207.0,1300665
2026-10-01,4908,前鼎,通信網路,208.0,209.0,204.0,204.5,1104000
2026-09-29,4909,新復興,通信網路,34.65,36.35,34.4,35.8,707344
2026-09-30,4909,新復興,通信網路,36.6,36.6,35.8,36.4,371263
2026-10-01,4909,新復興,通信網路,36.55,36.8,35.95,36.15,194608
2026-09-29,4911,德英,生技醫療,28.95,28.95,28.2,28.45,12665
2026-09-30,4911,德英,生技醫療,28.2,28.4,28.15,28.2,17543
2026-10-01,4911,德英,生技醫療,28.3,28.4,28.2,28.2,12470
2026-09-29,4912,聯德控股-KY,電子零組件,96.4,97.6,95.2,96.8,336807
2026-09-30,4912,聯德控股-KY,電子零組件,97.1,102.0,97.1,100.0,999173
2026-10-01,4912,聯德控股-KY,電子零組件,100.0,110.0,100.0,107.0,1798906
2026-09-29,4915,致伸,電子零組件,64.1,64.4,63.4,63.5,1749925
2026-09-30,4915,致伸,電子零組件,64.0,64.0,63.5,63.5,1919020
2026-10-01,4915,致伸,電子零組件,63.8,65.0,63.1,65.0,2662280
2026-09-29,4916,事欣科,電腦及週邊,102.0,102.5,101.0,101.5,962674
2026-09-30,4916,事欣科,電腦及週邊,102.5,105.0,102.0,104.0,2099007
2026-10-01,4916,事欣科,電腦及週邊,105.0,105.5,103.0,103.0,1928234
2026-09-29,4919,新唐,半導體,134.0,139.5,132.0,135.5,9319257
2026-09-30,4919,新唐,半導體,136.0,142.0,134.0,138.5,13131385
2026-10-01,4919,新唐,半導體,140.5,152.0,139.0,152.0,21151511
2026-09-29,4923,力士,半導體,62.4,63.7,60.6,61.2,958754
2026-09-30,4923,力士,半導體,61.4,62.7,60.8,61.4,668893
2026-10-01,4923,力士,半導體,61.4,66.7,60.9,65.2,2823319
2026-09-29,4924,欣厚-KY,綠能環保,16.3,16.85,15.0,15.0,683856
2026-09-30,4924,欣厚-KY,綠能環保,15.4,16.5,15.35,16.5,439385
2026-10-01,4924,欣厚-KY,綠能環保,16.9,17.05,15.9,15.9,594427
2026-09-29,4927,泰鼎-KY,電子零組件,43.75,44.3,43.4,43.75,1936781
2026-09-30,4927,泰鼎-KY,電子零組件,44.15,44.9,43.7,44.5,3204069
2026-10-01,4927,泰鼎-KY,電子零組件,44.5,44.6,43.6,43.8,1834309
2026-09-29,4930,燦星網,電器電纜,15.95,15.95,15.85,15.85,14291
2026-09-30,4930,燦星網,電器電纜,15.85,15.9,15.85,15.9,12846
2026-10-01,4930,燦星網,電器電纜,15.9,16.0,15.85,15.95,32140
2026-09-29,4931,新盛力,電腦及週邊,241.0,259.0,241.0,246.0,6721548
2026-09-30,4931,新盛力,電腦及週邊,248.5,262.0,248.0,252.0,8814291
2026-10-01,4931,新盛力,電腦及週邊,251.5,252.5,247.0,248.5,2893804
2026-09-29,4933,友輝,光電,54.3,54.3,53.3,53.4,15400
2026-09-30,4933,友輝,光電,53.5,54.5,53.2,54.4,65192
2026-10-01,4933,友輝,光電,54.2,54.8,54.1,54.2,51696
2026-09-29,4934,太極,光電,14.2,14.25,14.1,14.15,192772
2026-09-30,4934,太極,光電,14.2,15.0,14.2,14.95,945249
2026-10-01,4934,太極,光電,14.9,14.9,14.5,14.5,487149
2026-09-29,4935,茂林-KY,光電,33.2,33.2,32.65,32.65,59283
2026-09-30,4935,茂林-KY,光電,33.35,34.25,32.75,34.2,91355
2026-10-01,4935,茂林-KY,光電,34.2,34.25,33.1,34.05,131289
2026-09-29,4938,和碩,電腦及週邊,91.8,95.0,90.8,90.8,11561261
2026-09-30,4938,和碩,電腦及週邊,91.6,91.8,89.8,89.8,11785297
2026-10-01,4938,和碩,電腦及週邊,90.1,90.2,89.2,90.2,6887853
2026-09-29,4939,亞電,電子零組件,73.2,76.7,73.1,75.3,3017752
2026-09-30,4939,亞電,電子零組件,77.0,82.8,77.0,82.8,10819156
2026-10-01,4939,亞電,電子零組件,84.0,84.0,78.3,78.9,15752438
2026-09-29,4942,嘉彰,光電,31.95,32.0,31.7,31.95,45000
2026-09-30,4942,嘉彰,光電,31.95,31.95,31.6,31.9,89065
2026-10-01,4942,嘉彰,光電,31.9,31.9,31.45,31.8,89195
2026-09-29,4943,康控-KY,電子零組件,7.11,7.14,6.98,6.98,16653
2026-09-30,4943,康控-KY,電子零組件,6.98,6.98,6.71,6.91,8611
2026-10-01,4943,康控-KY,電子零組件,6.93,6.93,6.6,6.67,50554
2026-09-29,4946,辣椒,文化創意,98.6,102.5,98.6,102.0,34240
2026-09-30,4946,辣椒,文化創意,101.0,101.5,100.0,101.5,18085
2026-10-01,4946,辣椒,文化創意,98.5,101.5,98.5,100.5,9974
2026-09-29,4949,有成精密,光電,74.7,76.9,74.6,76.0,499018
2026-09-30,4949,有成精密,光電,76.7,77.5,76.2,76.3,382077
2026-10-01,4949,有成精密,光電,76.1,77.0,75.5,75.9,269362
2026-09-29,4950,金耘國際,鋼鐵工業,15.5,15.55,15.5,15.55,4816
2026-09-30,4950,金耘國際,鋼鐵工業,15.6,15.65,15.6,15.65,9253
2026-10-01,4950,金耘國際,鋼鐵工業,15.7,16.2,15.7,16.2,15054
2026-09-29,4951,精拓科,半導體,88.9,90.7,88.6,90.2,343025
2026-09-30,4951,精拓科,半導體,90.3,93.2,89.6,91.5,543725
2026-10-01,4951,精拓科,半導體,91.6,92.5,90.2,90.3,255797
2026-09-29,4952,凌通,半導體,48.95,49.8,48.95,49.2,115759
2026-09-30,4952,凌通,半導體,49.35,49.9,49.35,49.4,152291
2026-10-01,4952,凌通,半導體,49.1,50.5,48.7,49.65,304454
2026-09-29,4953,緯致,資訊服務,117.0,117.5,116.0,116.5,135289
2026-09-30,4953,緯致,資訊服務,117.0,118.0,116.5,117.0,148875
2026-10-01,4953,緯致,資訊服務,117.5,118.5,117.0,117.5,102262
2026-09-29,4956,光鋐,光電,43.55,46.2,43.5,46.0,16057652
2026-09-30,4956,光鋐,光電,46.25,49.8,45.5,46.5,30014622
2026-10-01,4956,光鋐,光電,46.5,49.6,46.2,47.25,21286091
2026-09-29,4958,臻鼎-KY,電子零組件,479.0,499.5,472.5,498.5,41991459
2026-09-30,4958,臻鼎-KY,電子零組件,510.0,510.0,494.0,507.0,30846660
2026-10-01,4958,臻鼎-KY,電子零組件,512.0,522.0,498.5,510.0,31694640
2026-09-29,4960,誠美材,光電,22.3,23.85,22.3,23.45,5046690
2026-09-30,4960,誠美材,光電,23.5,24.8,23.4,24.4,9365650
2026-10-01,4960,誠美材,光電,24.4,24.6,23.6,23.9,5391096
2026-09-29,4961,天鈺,半導體,180.5,188.0,179.5,184.5,1610173
2026-09-30,4961,天鈺,半導體,183.5,186.0,177.0,181.0,1363490
2026-10-01,4961,天鈺,半導體,179.5,189.0,179.5,186.0,2413984
2026-09-29,4966,譜瑞-KY,半導體,575.0,575.0,569.0,569.0,232779
2026-09-30,4966,譜瑞-KY,半導體,572.0,575.0,568.0,571.0,321850
2026-10-01,4966,譜瑞-KY,半導體,573.0,574.0,569.0,572.0,230967
2026-09-29,4967,十銓,半導體,270.5,273.0,270.0,272.0,572713
2026-09-30,4967,十銓,半導體,275.0,276.0,272.5,275.0,1312927
2026-10-01,4967,十銓,半導體,276.5,276.5,271.5,272.0,1098693
2026-09-29,4968,立積,半導體,92.5,94.0,92.2,92.8,264713
2026-09-30,4968,立積,半導體,93.8,96.7,93.8,96.6,669041
2026-10-01,4968,立積,半導體,97.6,103.5,97.0,101.0,2244713
2026-09-29,4971,IET-KY,半導體,543.0,555.0,539.0,540.0,606017
2026-09-30,4971,IET-KY,半導體,553.0,558.0,537.0,539.0,907076
2026-10-01,4971,IET-KY,半導體,538.0,549.0,527.0,534.0,712474
2026-09-29,4972,湯石照明,光電,16.3,16.35,16.3,16.35,9589
2026-09-30,4972,湯石照明,光電,16.25,16.3,16.2,16.3,16521
2026-10-01,4972,湯石照明,光電,16.25,16.3,16.15,16.3,25333
2026-09-29,4973,廣穎,半導體,134.0,135.5,132.5,135.0,304307
2026-09-30,4973,廣穎,半導體,136.0,138.5,136.0,138.0,396859
2026-10-01,4973,廣穎,半導體,140.0,140.0,136.5,137.0,342247
2026-09-29,4974,亞泰,電子零組件,70.2,70.8,70.0,70.6,41782
2026-09-30,4974,亞泰,電子零組件,71.0,71.1,70.6,71.0,74560
2026-10-01,4974,亞泰,電子零組件,71.2,71.4,71.0,71.3,51198
2026-09-29,4976,佳凌,光電,35.2,35.65,35.1,35.5,455830
2026-09-30,4976,佳凌,光電,35.7,36.0,35.55,35.8,552113
2026-10-01,4976,佳凌,光電,36.0,36.95,36.0,36.05,847068
2026-09-29,4977,眾達-KY,通信網路,167.0,171.5,165.5,168.5,1245907
2026-09-30,4977,眾達-KY,通信網路,170.0,173.0,169.0,169.0,2213717
2026-10-01,4977,眾達-KY,通信網路,168.0,171.0,167.5,170.5,1199078
2026-09-29,4979,華星光,通信網路,560.0,570.0,556.0,567.0,955508
2026-09-30,4979,華星光,通信網路,576.0,576.0,561.0,569.0,649327
2026-10-01,4979,華星光,通信網路,570.0,572.0,545.0,557.0,1104246
2026-09-29,4989,榮科,電子零組件,59.6,60.3,59.3,59.5,1431027
2026-09-30,4989,榮科,電子零組件,60.4,61.6,60.3,61.0,2282700
2026-10-01,4989,榮科,電子零組件,61.0,61.5,60.4,61.1,1665543
2026-09-29,4991,環宇-KY,半導體,455.0,493.0,455.0,474.5,4283687
2026-09-30,4991,環宇-KY,半導體,485.0,498.0,471.5,488.0,5131750
2026-10-01,4991,環宇-KY,半導體,485.0,491.5,479.5,485.5,2149156
2026-09-29,4994,傳奇,資訊服務,82.5,82.5,81.0,82.3,8694
2026-09-30,4994,傳奇,資訊服務,82.0,82.5,81.5,81.8,12902
2026-10-01,4994,傳奇,資訊服務,81.8,82.5,81.4,81.6,10235
2026-09-29,4995,晶達,光電,49.1,50.5,49.1,50.1,50777
2026-09-30,4995,晶達,光電,51.8,51.8,50.3,50.5,58524
2026-10-01,4995,晶達,光電,50.7,50.7,49.55,50.0,7077
2026-09-29,4999,鑫禾,電子零組件,17.95,18.0,17.7,17.7,37859
2026-09-30,4999,鑫禾,電子零組件,17.7,17.9,17.7,17.85,36315
2026-10-01,4999,鑫禾,電子零組件,17.95,17.95,17.65,17.65,68134
2026-09-29,5007,三星,鋼鐵工業,55.6,56.0,55.4,55.4,42297
2026-09-30,5007,三星,鋼鐵工業,56.0,56.4,56.0,56.4,86561
2026-10-01,5007,三星,鋼鐵工業,56.4,56.4,56.3,56.4,8786
2026-09-29,5009,榮剛,鋼鐵工業,32.1,32.75,32.0,32.6,1502486
2026-09-30,5009,榮剛,鋼鐵工業,32.75,33.55,32.7,33.1,6167485
2026-10-01,5009,榮剛,鋼鐵工業,33.25,33.25,32.7,32.8,1863972
2026-09-29,5011,久陽,鋼鐵工業,18.4,18.9,18.35,18.75,183233
2026-09-30,5011,久陽,鋼鐵工業,18.9,19.25,18.8,18.8,282929
2026-10-01,5011,久陽,鋼鐵工業,18.9,18.9,18.45,18.6,115556
2026-09-29,5013,強新,鋼鐵工業,34.7,35.25,32.95,35.25,1133389
2026-09-30,5013,強新,鋼鐵工業,38.5,38.75,38.05,38.75,1247573
2026-10-01,5013,強新,鋼鐵工業,42.6,42.6,42.6,42.6,446884
2026-09-29,5014,建錩,鋼鐵工業,9.98,10.4,9.98,10.2,542133
2026-09-30,5014,建錩,鋼鐵工業,10.2,10.35,10.2,10.25,374384
2026-10-01,5014,建錩,鋼鐵工業,10.25,10.3,10.05,10.3,168838
2026-09-29,5015,華祺,鋼鐵工業,21.5,21.6,21.1,21.35,16327
2026-09-30,5015,華祺,鋼鐵工業,21.75,21.9,21.45,21.9,36041
2026-10-01,5015,華祺,鋼鐵工業,21.95,21.95,21.8,21.8,31352
2026-09-29,5016,松和,鋼鐵工業,24.8,24.8,24.8,24.8,5011
2026-09-30,5016,松和,鋼鐵工業,24.95,25.85,24.95,25.55,137250
2026-10-01,5016,松和,鋼鐵工業,25.95,28.1,25.55,28.1,385903
2026-09-29,5201,凱衛,資訊服務,29.95,29.95,28.95,29.55,31333
2026-09-30,5201,凱衛,資訊服務,29.75,30.2,29.45,29.95,119117
2026-10-01,5201,凱衛,資訊服務,30.35,30.35,29.1,29.2,39983
2026-09-29,5202,力新,資訊服務,14.6,14.6,14.1,14.25,461617
2026-09-30,5202,力新,資訊服務,14.55,14.75,14.1,14.15,624145
2026-10-01,5202,力新,資訊服務,14.4,14.4,14.05,14.15,270930
2026-09-29,5203,訊連,資訊服務,58.3,60.1,58.3,58.6,147899
2026-09-30,5203,訊連,資訊服務,58.8,59.0,58.2,58.4,82172
2026-10-01,5203,訊連,資訊服務,58.5,58.6,57.8,58.2,69274
2026-09-30,5205,中茂,綠能環保,17.3,18.9,17.3,18.9,16315
2026-10-01,5205,中茂,綠能環保,20.75,20.75,20.75,20.75,8245
2026-09-29,5206,坤悅,建材營造,22.8,22.85,22.6,22.75,97859
2026-09-30,5206,坤悅,建材營造,22.75,22.85,22.5,22.7,129777
2026-10-01,5206,坤悅,建材營造,22.7,22.85,22.6,22.8,83695
2026-09-29,5209,新鼎,其他,166.5,167.5,166.5,166.5,54359
2026-09-30,5209,新鼎,其他,166.5,168.5,166.5,167.5,38599
2026-10-01,5209,新鼎,其他,170.5,174.0,167.5,171.5,106911
2026-09-29,5210,寶碩,資訊服務,29.95,30.6,29.95,30.25,341656
2026-09-30,5210,寶碩,資訊服務,30.35,30.9,30.3,30.6,242068
2026-10-01,5210,寶碩,資訊服務,30.35,30.6,30.1,30.15,148217
2026-09-29,5211,蒙恬,資訊服務,20.1,20.2,20.1,20.2,3415
2026-09-30,5211,蒙恬,資訊服務,20.4,20.65,20.2,20.65,20388
2026-10-01,5211,蒙恬,資訊服務,20.75,22.6,20.75,21.1,138668
2026-09-29,5212,凌網,資訊服務,48.5,49.0,48.5,48.9,21362
2026-09-30,5212,凌網,資訊服務,49.15,49.15,48.15,48.9,20204
2026-10-01,5212,凌網,資訊服務,49.05,49.05,48.3,48.85,21035
2026-09-29,5213,亞昕,建材營造,20.85,21.0,20.6,20.8,114933
2026-09-30,5213,亞昕,建材營造,20.95,20.95,20.75,20.9,61994
2026-10-01,5213,亞昕,建材營造,20.9,20.9,20.55,20.65,156931
2026-09-29,5215,科嘉-KY,電腦及週邊,38.05,38.05,37.3,37.3,30159
2026-09-30,5215,科嘉-KY,電腦及週邊,37.8,37.9,37.8,37.9,14700
2026-10-01,5215,科嘉-KY,電腦及週邊,39.85,39.85,37.75,37.75,31621
2026-09-29,5220,萬達光電,光電,20.1,22.0,20.1,22.0,455903
2026-09-30,5220,萬達光電,光電,22.8,24.2,22.0,24.2,1478703
2026-10-01,5220,萬達光電,光電,24.25,24.3,22.6,23.2,835488
2026-09-29,5222,全訊,半導體,106.0,107.0,104.5,104.5,159423
2026-09-30,5222,全訊,半導體,106.5,106.5,105.0,106.5,134599
2026-10-01,5222,全訊,半導體,107.5,107.5,105.5,106.5,118037
2026-09-29,5223,安力-KY,電腦及週邊,22.45,23.1,22.45,23.0,3002
2026-09-30,5223,安力-KY,電腦及週邊,23.1,23.1,23.1,23.1,1000
2026-10-01,5223,安力-KY,電腦及週邊,23.2,23.4,23.2,23.4,8289
2026-09-29,5225,東科-KY,其他電子,56.1,56.2,55.0,55.3,116342
2026-09-30,5225,東科-KY,其他電子,55.3,55.6,55.0,55.4,94519
2026-10-01,5225,東科-KY,其他電子,55.1,55.6,55.1,55.5,64304
2026-09-29,5227,立凱-KY,電子零組件,30.2,32.1,30.2,30.65,250042
2026-09-30,5227,立凱-KY,電子零組件,30.65,32.0,30.65,31.5,450431
2026-10-01,5227,立凱-KY,電子零組件,31.5,31.65,30.6,30.95,252909
2026-09-29,5228,鈺鎧,電子零組件,39.8,40.1,39.35,39.35,63952
2026-09-30,5228,鈺鎧,電子零組件,39.45,40.55,39.4,39.75,90400
2026-10-01,5228,鈺鎧,電子零組件,39.9,43.7,39.9,43.7,635920
2026-09-29,5230,雷笛克光學,光電,23.3,23.6,22.05,22.15,1565170
2026-09-30,5230,雷笛克光學,光電,22.45,24.1,21.7,23.35,1614600
2026-10-01,5230,雷笛克光學,光電,23.0,23.35,22.6,22.65,796412
2026-09-29,5234,達興材料,光電,294.5,322.0,294.0,322.0,635167
2026-09-30,5234,達興材料,光電,329.0,329.0,308.5,308.5,1311283
2026-10-01,5234,達興材料,光電,311.0,311.5,302.0,302.5,458163
2026-09-29,5236,凌陽創新,半導體,135.5,137.0,135.0,135.5,48510
2026-09-30,5236,凌陽創新,半導體,136.5,138.0,135.5,137.5,106889
2026-10-01,5236,凌陽創新,半導體,137.0,138.0,136.5,137.0,65712
2026-09-29,5243,乙盛-KY,光電,88.1,89.6,88.0,88.7,593023
2026-09-30,5243,乙盛-KY,光電,89.9,93.4,89.4,91.5,1599795
2026-10-01,5243,乙盛-KY,光電,92.0,93.4,90.7,93.2,1158249
2026-09-29,5244,弘凱,光電,35.05,36.0,35.0,35.5,81001
2026-09-30,5244,弘凱,光電,35.5,35.9,35.35,35.6,63010
2026-10-01,5244,弘凱,光電,35.4,35.85,35.3,35.75,48300
2026-09-29,5245,智晶,光電,21.0,21.0,20.55,20.6,56823
2026-09-30,5245,智晶,光電,20.85,20.9,20.45,20.85,248893
2026-10-01,5245,智晶,光電,20.95,21.35,20.55,20.8,140969
2026-09-29,5251,天鉞電,光電,30.55,30.55,29.9,30.0,112191
2026-09-30,5251,天鉞電,光電,30.2,30.3,29.95,30.0,71113
2026-10-01,5251,天鉞電,光電,30.5,30.55,29.65,29.7,83275
2026-09-29,5258,虹堡,電腦及週邊,41.6,41.6,41.2,41.2,113462
2026-09-30,5258,虹堡,電腦及週邊,41.3,42.4,41.3,42.4,211970
2026-10-01,5258,虹堡,電腦及週邊,42.55,42.55,41.65,42.25,236387
2026-09-29,5263,智崴,文化創意,89.6,89.8,88.5,89.6,234828
2026-09-30,5263,智崴,文化創意,89.6,89.9,88.6,89.1,200176
2026-10-01,5263,智崴,文化創意,89.2,91.3,89.2,90.7,129658
2026-09-29,5269,祥碩,半導體,1485.0,1495.0,1460.0,1475.0,255261
2026-09-30,5269,祥碩,半導體,1480.0,1490.0,1455.0,1460.0,321237
2026-10-01,5269,祥碩,半導體,1465.0,1480.0,1455.0,1475.0,208165
2026-09-29,5272,笙科,半導體,17.2,17.2,17.05,17.15,49341
2026-09-30,5272,笙科,半導體,17.2,18.6,17.2,18.0,550245
2026-10-01,5272,笙科,半導體,18.15,18.2,17.65,18.0,135976
2026-09-29,5274,信驊,半導體,20430.0,20430.0,19040.0,19395.0,264002
2026-09-30,5274,信驊,半導體,19525.0,19675.0,18680.0,18750.0,237752
2026-10-01,5274,信驊,半導體,18755.0,19330.0,18740.0,19040.0,125910
2026-09-30,5276,達輝-KY,其他,18.45,18.45,17.6,17.6,10001
2026-10-01,5276,達輝-KY,其他,17.6,17.6,17.3,17.3,7000
2026-09-29,5278,尚凡*,數位雲端,23.7,23.95,23.7,23.9,47629
2026-09-30,5278,尚凡*,數位雲端,23.9,23.95,23.75,23.95,93186
2026-10-01,5278,尚凡*,數位雲端,24.0,24.05,23.45,23.5,102575
2026-09-29,5283,禾聯碩,電器電纜,52.8,53.1,52.5,52.6,36234
2026-09-30,5283,禾聯碩,電器電纜,52.6,53.0,52.6,52.8,59873
2026-10-01,5283,禾聯碩,電器電纜,52.9,53.0,52.6,53.0,18316
2026-09-29,5284,jpp-KY,其他,298.5,303.0,298.0,300.0,260949
2026-09-30,5284,jpp-KY,其他,302.0,304.5,298.0,299.5,233706
2026-10-01,5284,jpp-KY,其他,303.0,303.0,297.0,298.0,160096
2026-09-29,5285,界霖,半導體,89.9,92.9,89.1,90.5,781129
2026-09-30,5285,界霖,半導體,91.8,92.1,89.7,90.1,789941
2026-10-01,5285,界霖,半導體,91.0,94.2,90.2,94.2,1550671
2026-09-29,5287,數字,數位雲端,137.5,138.0,136.5,137.5,68442
2026-09-30,5287,數字,數位雲端,137.0,137.5,136.5,137.5,25906
2026-10-01,5287,數字,數位雲端,137.5,138.0,137.0,137.5,122014
2026-09-29,5288,豐祥-KY,電機機械,188.0,188.5,186.0,186.5,103079
2026-09-30,5288,豐祥-KY,電機機械,191.5,194.0,181.5,183.5,377477
2026-10-01,5288,豐祥-KY,電機機械,184.5,192.5,184.5,190.0,344431
2026-09-29,5289,宜鼎,電腦及週邊,1305.0,1330.0,1280.0,1280.0,892221
2026-09-30,5289,宜鼎,電腦及週邊,1300.0,1325.0,1290.0,1290.0,883559
2026-10-01,5289,宜鼎,電腦及週邊,1295.0,1295.0,1280.0,1290.0,487689
2026-09-29,5291,邑昇,電子零組件,57.7,59.2,57.7,58.8,213024
2026-09-30,5291,邑昇,電子零組件,59.9,62.5,59.8,61.6,671629
2026-10-01,5291,邑昇,電子零組件,62.5,62.5,61.1,61.1,325124
2026-09-29,5292,華懋,綠能環保,217.0,219.0,215.5,218.5,36861
2026-09-30,5292,華懋,綠能環保,216.5,234.0,216.5,230.0,335629
2026-10-01,5292,華懋,綠能環保,228.5,240.0,228.5,237.0,489503
2026-09-29,5299,杰力,半導體,101.5,102.5,100.0,100.0,153208
2026-09-30,5299,杰力,半導體,102.0,103.5,99.9,102.5,439906
2026-10-01,5299,杰力,半導體,102.5,104.0,102.0,103.5,252321
2026-09-29,5301,寶得利,觀光餐旅,4.92,4.99,4.9,4.99,26156
2026-09-29,5302,太欣,半導體,9.8,9.81,9.7,9.72,143785
2026-09-30,5302,太欣,半導體,9.75,9.88,9.75,9.81,162396
2026-10-01,5302,太欣,半導體,9.8,9.87,9.8,9.86,88843
2026-09-29,5306,桂盟,運動休閒,88.8,89.3,88.5,88.6,49248
2026-09-30,5306,桂盟,運動休閒,88.2,89.0,88.2,88.8,49644
2026-10-01,5306,桂盟,運動休閒,88.5,88.5,87.8,88.4,186616
2026-09-29,5309,系統電,電子零組件,53.5,59.1,53.5,59.1,12907890
2026-09-30,5309,系統電,電子零組件,60.5,64.0,60.0,62.7,21770519
2026-10-01,5309,系統電,電子零組件,63.0,66.5,62.0,62.8,16427730
2026-09-29,5310,天剛,資訊服務,28.7,29.65,28.4,29.0,290585
2026-09-30,5310,天剛,資訊服務,29.3,29.3,27.55,27.6,41892
2026-10-01,5310,天剛,資訊服務,27.55,27.55,27.2,27.2,8062
2026-09-29,5312,寶島科,生技醫療,90.1,90.5,89.9,89.9,7841
2026-09-30,5312,寶島科,生技醫療,89.9,90.1,89.8,89.9,27243
2026-10-01,5312,寶島科,生技醫療,90.0,90.0,89.5,89.5,18773
2026-09-29,5314,世紀*,其他,26.0,27.5,26.0,27.45,9339499
2026-09-30,5314,世紀*,其他,28.05,29.0,28.05,28.85,10207450
2026-10-01,5314,世紀*,其他,29.3,31.65,29.2,30.6,81514554
2026-09-29,5315,光聯,光電,19.0,19.0,18.7,18.7,129844
2026-09-30,5315,光聯,光電,18.75,18.9,18.75,18.75,85983
2026-10-01,5315,光聯,光電,18.75,18.9,18.75,18.9,93210
2026-09-29,5321,美而快,數位雲端,68.6,69.9,67.5,67.5,213735
2026-09-30,5321,美而快,數位雲端,66.6,68.2,66.6,67.7,203773
2026-10-01,5321,美而快,數位雲端,66.7,70.9,66.7,70.3,505952
2026-09-29,5324,士開,建材營造,12.45,12.45,12.4,12.4,25301
2026-09-30,5324,士開,建材營造,12.4,12.5,12.35,12.45,175188
2026-10-01,5324,士開,建材營造,12.4,12.5,12.4,12.45,43971
2026-09-29,5328,華容,電子零組件,52.2,53.7,51.8,52.3,1730243
2026-09-30,5328,華容,電子零組件,53.3,53.8,52.8,53.1,1715790
2026-10-01,5328,華容,電子零組件,53.6,58.4,53.3,58.4,13682903
2026-09-29,5340,建榮,電子零組件,81.3,81.7,80.5,80.5,718366
2026-09-30,5340,建榮,電子零組件,81.0,81.7,80.6,81.0,960128
2026-10-01,5340,建榮,電子零組件,81.5,81.5,80.3,80.4,785894
2026-09-29,5344,立衛,半導體,13.35,13.4,13.3,13.35,48360
2026-09-30,5344,立衛,半導體,13.35,14.2,13.25,13.85,210461
2026-10-01,5344,立衛,半導體,14.3,14.3,13.45,13.45,94024
2026-09-29,5345,馥鴻,其他,20.3,22.0,20.3,22.0,9470
2026-09-30,5345,馥鴻,其他,22.0,22.0,20.8,21.5,11110
2026-10-01,5345,馥鴻,其他,21.4,21.4,21.15,21.3,10121
2026-09-29,5347,世界,半導體,172.5,182.5,170.5,178.5,34967638
2026-09-30,5347,世界,半導體,184.5,185.0,179.0,181.0,23813597
2026-10-01,5347,世界,半導體,180.5,188.5,178.5,184.5,23765668
2026-09-29,5348,正能量智能,運動休閒,16.15,16.35,16.15,16.35,3447
2026-09-30,5348,正能量智能,運動休閒,16.3,16.35,16.3,16.35,2278
2026-10-01,5348,正能量智能,運動休閒,16.35,16.35,16.35,16.35,2098
2026-09-29,5351,鈺創,半導體,106.5,110.0,106.0,109.5,3423832
2026-09-30,5351,鈺創,半導體,111.5,112.5,109.5,110.5,7552396
2026-10-01,5351,鈺創,半導體,109.5,109.5,107.0,109.5,5488609
2026-09-29,5353,台林,通信網路,28.6,28.6,28.1,28.45,15505
2026-09-30,5353,台林,通信網路,28.6,28.6,28.2,28.45,39740
2026-10-01,5353,台林,通信網路,28.55,28.7,28.5,28.5,35102
2026-09-29,5355,佳總,電子零組件,6.98,7.0,6.8,7.0,175534
2026-09-30,5355,佳總,電子零組件,7.0,7.09,7.0,7.05,103232
2026-10-01,5355,佳總,電子零組件,6.98,7.1,6.96,7.1,76200
2026-09-29,5356,協益,電腦及週邊,25.6,25.65,25.45,25.5,142297
2026-09-30,5356,協益,電腦及週邊,25.55,25.9,25.55,25.7,30598
2026-10-01,5356,協益,電腦及週邊,25.9,25.9,25.7,25.9,34404
2026-09-29,5364,力麗店,觀光餐旅,8.33,8.38,8.28,8.35,21000
2026-09-30,5364,力麗店,觀光餐旅,8.4,8.45,8.32,8.39,11190
2026-10-01,5364,力麗店,觀光餐旅,8.39,8.39,8.3,8.38,13650
2026-09-29,5381,光譜,電機機械,23.45,23.5,23.2,23.2,196259
2026-09-30,5381,光譜,電機機械,23.35,23.85,23.35,23.65,323422
2026-10-01,5381,光譜,電機機械,23.6,23.75,23.2,23.25,421179
2026-09-29,5386,青雲,電腦及週邊,285.5,287.0,281.0,285.0,357516
2026-09-30,5386,青雲,電腦及週邊,290.5,291.5,285.5,290.0,746864
2026-10-01,5386,青雲,電腦及週邊,290.0,290.0,286.0,288.5,329443
2026-09-29,5388,中磊,通信網路,73.1,73.1,71.7,71.7,2347623
2026-09-30,5388,中磊,通信網路,72.3,72.3,71.5,71.5,1747043
2026-10-01,5388,中磊,通信網路,71.6,71.7,70.7,71.3,2516492
2026-09-29,5392,能率,光電,39.5,39.7,39.3,39.4,385942
2026-09-30,5392,能率,光電,39.4,40.2,39.4,40.1,647650
2026-10-01,5392,能率,光電,40.5,40.5,39.7,39.9,710411
2026-09-29,5398,慕康生醫,其他,13.9,13.9,13.65,13.9,38492
2026-09-30,5398,慕康生醫,其他,14.05,14.1,13.65,13.85,26366
2026-10-01,5398,慕康生醫,其他,13.85,13.85,13.7,13.8,33011
2026-09-29,5403,中菲,資訊服務,93.0,93.4,92.0,92.9,28368
2026-09-30,5403,中菲,資訊服務,92.9,93.0,92.8,92.8,34214
2026-10-01,5403,中菲,資訊服務,93.0,93.0,92.5,93.0,22304
2026-09-29,5410,國眾,資訊服務,33.0,33.25,33.0,33.2,113734
2026-09-30,5410,國眾,資訊服務,33.4,33.4,32.85,32.95,243277
2026-10-01,5410,國眾,資訊服務,33.05,33.1,32.8,32.9,111241
2026-09-29,5425,台半,半導體,94.0,96.7,93.7,95.8,6605286
2026-09-30,5425,台半,半導體,96.4,97.0,94.5,96.0,7115959
2026-10-01,5425,台半,半導體,96.0,98.5,95.7,97.5,12143875
2026-09-29,5426,振發,電腦及週邊,27.9,28.4,27.65,27.8,254197
2026-09-30,5426,振發,電腦及週邊,28.0,28.5,28.0,28.45,303005
2026-10-01,5426,振發,電腦及週邊,28.6,29.0,28.15,28.6,413911
2026-09-29,5432,新門,綠能環保,163.5,164.0,160.0,160.5,78514
2026-09-30,5432,新門,綠能環保,162.0,162.5,159.5,160.0,70638
2026-10-01,5432,新門,綠能環保,160.5,165.5,158.0,158.5,262152
2026-09-29,5434,崇越,電子通路,539.0,545.0,538.0,540.0,390228
2026-09-30,5434,崇越,電子通路,550.0,565.0,547.0,555.0,1043200
2026-10-01,5434,崇越,電子通路,556.0,567.0,550.0,567.0,750830
2026-09-29,5438,東友,電腦及週邊,17.0,17.0,16.7,17.0,54730
2026-09-30,5438,東友,電腦及週邊,17.45,17.65,17.0,17.35,189938
2026-10-01,5438,東友,電腦及週邊,17.35,17.55,17.25,17.25,47709
2026-09-29,5439,高技,電子零組件,253.0,253.5,249.0,253.0,503243
2026-09-30,5439,高技,電子零組件,259.0,267.5,253.0,254.0,2609034
2026-10-01,5439,高技,電子零組件,255.0,256.0,249.5,251.0,1581049
2026-09-29,5443,均豪,半導體,106.5,112.0,106.5,109.5,2066543
2026-09-30,5443,均豪,半導體,118.5,119.5,112.5,113.0,5774210
2026-10-01,5443,均豪,半導體,112.0,116.5,112.0,112.0,2974288
2026-09-29,5450,南良,其他,14.85,15.0,14.6,14.75,79036
2026-09-30,5450,南良,其他,14.65,14.95,14.65,14.8,108040
2026-10-01,5450,南良,其他,14.75,14.9,14.6,14.6,153181
2026-09-29,5452,佶優,其他電子,27.5,27.55,27.1,27.15,180334
2026-09-30,5452,佶優,其他電子,27.3,27.5,27.25,27.4,229339
2026-10-01,5452,佶優,其他電子,27.4,27.6,27.05,27.45,216408
2026-09-29,5455,昇益,建材營造,30.35,30.7,30.35,30.7,2000
2026-09-29,5457,宣德,電子零組件,23.9,23.9,23.4,23.5,526849
2026-09-30,5457,宣德,電子零組件,23.65,24.35,23.6,24.35,547668
2026-10-01,5457,宣德,電子零組件,24.5,24.65,23.85,23.9,404953
2026-09-29,5460,同協,電子零組件,16.95,16.95,16.85,16.9,10041
2026-09-30,5460,同協,電子零組件,16.85,17.15,16.6,17.15,61503
2026-10-01,5460,同協,電子零組件,17.25,17.25,17.1,17.25,30986
2026-09-29,5464,霖宏,電子零組件,89.5,95.5,89.1,90.0,1021637
2026-09-30,5464,霖宏,電子零組件,91.6,91.6,88.1,88.2,476058
2026-10-01,5464,霖宏,電子零組件,90.4,93.7,86.8,92.5,575166
2026-09-29,5465,富驊,電腦及週邊,35.35,36.95,34.25,34.7,3235852
2026-09-30,5465,富驊,電腦及週邊,32.8,34.35,32.8,33.05,1753744
2026-10-01,5465,富驊,電腦及週邊,32.9,35.0,32.0,33.85,1245004
2026-09-29,5468,凱鈺,半導體,24.55,25.85,24.55,25.55,193515
2026-09-30,5468,凱鈺,半導體,25.6,26.45,25.2,25.85,215788
2026-10-01,5468,凱鈺,半導體,25.5,25.65,25.0,25.45,141339
2026-09-29,5469,瀚宇博,電子零組件,73.4,73.8,73.1,73.6,584373
2026-09-30,5469,瀚宇博,電子零組件,74.1,74.5,73.4,74.0,1291750
2026-10-01,5469,瀚宇博,電子零組件,74.1,74.8,73.5,74.6,1285551
2026-09-29,5471,松翰,半導體,51.9,52.9,51.8,52.7,521664
2026-09-30,5471,松翰,半導體,53.0,53.3,52.1,52.3,728369
2026-10-01,5471,松翰,半導體,52.8,53.4,52.3,52.4,784557
2026-09-29,5474,聰泰,電腦及週邊,161.0,162.0,157.5,158.0,111015
2026-09-30,5474,聰泰,電腦及週邊,160.0,165.0,158.5,164.0,214035
2026-10-01,5474,聰泰,電腦及週邊,164.5,165.5,163.0,165.0,165557
2026-09-29,5475,德宏,電子零組件,182.0,184.0,179.5,180.5,2533257
2026-09-30,5475,德宏,電子零組件,183.0,185.0,178.5,179.5,3961993
2026-10-01,5475,德宏,電子零組件,179.0,181.0,176.0,178.0,2279798
2026-09-29,5478,智冠,文化創意,97.1,97.2,97.0,97.0,28537
2026-09-30,5478,智冠,文化創意,97.1,97.4,97.0,97.1,28516
2026-10-01,5478,智冠,文化創意,97.5,97.6,97.4,97.5,23382
2026-09-29,5481,新華,其他,21.8,22.0,21.8,22.0,67253
2026-09-30,5481,新華,其他,22.1,22.1,21.8,21.8,419583
2026-10-01,5481,新華,其他,21.8,22.15,21.75,22.1,54237
2026-09-29,5483,中美晶,半導體,187.0,192.0,186.0,189.0,13232941
2026-09-30,5483,中美晶,半導體,193.0,207.5,192.0,207.5,37434839
2026-10-01,5483,中美晶,半導體,209.0,221.5,207.0,211.5,57451895
2026-09-29,5484,慧友,光電,39.7,39.7,39.15,39.25,74494
2026-09-30,5484,慧友,光電,39.9,39.9,39.1,39.6,176593
2026-10-01,5484,慧友,光電,39.7,39.9,39.15,39.2,122331
2026-09-29,5487,通泰,半導體,28.85,29.0,28.5,28.5,9310
2026-09-30,5487,通泰,半導體,28.9,29.55,28.5,28.6,113911
2026-10-01,5487,通泰,半導體,28.6,28.75,28.5,28.7,17041
2026-09-29,5488,松普,電子零組件,11.75,11.85,11.65,11.75,104347
2026-09-30,5488,松普,電子零組件,11.8,12.15,11.75,12.1,160972
2026-10-01,5488,松普,電子零組件,12.0,12.25,11.95,12.15,156752
2026-09-29,5489,彩富,其他電子,42.5,44.0,42.2,42.2,69703
2026-09-30,5489,彩富,其他電子,42.45,43.1,42.35,42.55,34260
2026-10-01,5489,彩富,其他電子,42.55,43.95,42.2,42.35,36286
2026-09-29,5490,同亨,電腦及週邊,25.65,25.75,25.35,25.45,214240
2026-09-30,5490,同亨,電腦及週邊,25.5,25.7,25.5,25.65,122117
2026-10-01,5490,同亨,電腦及週邊,25.65,25.75,25.45,25.6,267750
2026-09-29,5493,三聯,其他電子,93.9,94.1,90.4,90.6,204455
2026-09-30,5493,三聯,其他電子,91.0,91.5,90.5,90.6,110143
2026-10-01,5493,三聯,其他電子,90.9,91.2,90.3,90.7,102850
2026-09-29,5498,凱崴,電子零組件,49.9,50.3,49.45,49.85,815369
2026-09-30,5498,凱崴,電子零組件,50.6,51.4,50.4,51.2,1056760
2026-10-01,5498,凱崴,電子零組件,51.8,51.8,50.5,50.6,886045
2026-09-29,5508,永信建,建材營造,53.6,53.6,52.3,53.0,210377
2026-09-30,5508,永信建,建材營造,53.0,53.4,52.7,53.1,227291
2026-10-01,5508,永信建,建材營造,52.8,53.8,52.8,53.4,135774
2026-09-29,5511,德昌,建材營造,69.7,70.3,69.3,69.7,88704
2026-09-30,5511,德昌,建材營造,70.1,70.1,69.3,69.6,121478
2026-10-01,5511,德昌,建材營造,69.5,69.5,68.5,69.3,220378
2026-09-29,5512,力麒,建材營造,7.71,7.71,7.68,7.7,1120613
2026-09-30,5512,力麒,建材營造,7.78,7.78,7.66,7.71,523786
2026-10-01,5512,力麒,建材營造,7.73,7.73,7.66,7.7,253145
2026-09-29,5514,三豐,建材營造,15.1,15.1,15.1,15.1,1201
2026-09-30,5514,三豐,建材營造,15.05,15.05,15.05,15.05,9001
2026-10-01,5514,三豐,建材營造,14.85,15.1,14.7,15.1,13535
2026-09-29,5515,建國,建材營造,52.5,52.8,52.3,52.7,253867
2026-09-30,5515,建國,建材營造,53.0,53.0,51.5,51.9,329036
2026-10-01,5515,建國,建材營造,52.1,52.1,51.0,51.5,293058
2026-09-29,5516,雙喜,建材營造,12.0,12.0,12.0,12.0,3017
2026-09-30,5516,雙喜,建材營造,12.0,12.1,12.0,12.0,4024
2026-10-01,5516,雙喜,建材營造,11.9,12.0,11.9,12.0,4307
2026-09-29,5519,隆大,建材營造,25.05,25.15,25.0,25.0,147353
2026-09-30,5519,隆大,建材營造,25.05,25.3,25.05,25.3,178645
2026-10-01,5519,隆大,建材營造,25.3,25.3,25.1,25.15,77809
2026-09-29,5520,力泰,建材營造,83.2,83.2,83.2,83.2,2044
2026-10-01,5520,力泰,建材營造,83.5,83.5,83.5,83.5,1000
2026-09-29,5521,工信,建材營造,10.5,10.5,10.45,10.5,601362
2026-09-30,5521,工信,建材營造,10.6,10.6,10.55,10.6,799798
2026-10-01,5521,工信,建材營造,10.6,10.65,10.5,10.65,942139
2026-09-29,5522,遠雄,建材營造,60.7,61.0,60.7,60.7,371905
2026-09-30,5522,遠雄,建材營造,60.8,61.5,60.7,61.0,666357
2026-10-01,5522,遠雄,建材營造,61.0,61.3,60.8,60.8,467206
2026-09-29,5523,豐謙,建材營造,30.25,30.35,30.2,30.35,19000
2026-09-30,5523,豐謙,建材營造,30.2,30.35,30.2,30.35,25223
2026-10-01,5523,豐謙,建材營造,30.25,30.35,30.15,30.35,67099
2026-09-29,5525,順天,建材營造,22.0,22.0,21.8,21.95,53695
2026-09-30,5525,順天,建材營造,21.95,22.0,21.85,22.0,66276
2026-10-01,5525,順天,建材營造,22.0,22.0,21.8,21.9,57058
2026-09-29,5529,鉅陞,建材營造,26.45,26.6,26.25,26.5,159197
2026-09-30,5529,鉅陞,建材營造,26.2,26.6,26.2,26.45,153216
2026-10-01,5529,鉅陞,建材營造,26.45,26.45,25.95,26.05,84619
2026-09-29,5530,龍巖,其他,49.0,49.1,48.6,48.75,158917
2026-09-30,5530,龍巖,其他,48.8,48.85,48.4,48.85,193160
2026-10-01,5530,龍巖,其他,48.8,49.05,48.7,48.75,65005
2026-09-29,5531,鄉林,建材營造,6.96,7.01,6.85,6.85,677557
2026-09-30,5531,鄉林,建材營造,6.9,6.92,6.85,6.92,533591
2026-10-01,5531,鄉林,建材營造,6.93,6.93,6.86,6.91,423058
2026-09-29,5533,皇鼎,建材營造,13.95,13.95,13.85,13.85,22277
2026-09-30,5533,皇鼎,建材營造,13.85,13.95,13.8,13.95,48000
2026-10-01,5533,皇鼎,建材營造,13.85,13.95,13.8,13.9,100100
2026-09-29,5534,長虹,建材營造,73.8,73.9,73.3,73.3,500299
2026-09-30,5534,長虹,建材營造,73.3,73.8,73.1,73.1,710625
2026-10-01,5534,長虹,建材營造,73.2,73.5,73.0,73.3,505887
2026-09-29,5536,聖暉*,其他電子,902.0,907.0,886.0,902.0,707138
2026-09-30,5536,聖暉*,其他電子,908.0,935.0,908.0,919.0,1538550
2026-10-01,5536,聖暉*,其他電子,929.0,970.0,919.0,959.0,2144351
2026-09-29,5538,東明-KY,鋼鐵工業,36.2,36.2,35.3,35.4,26710
2026-09-30,5538,東明-KY,鋼鐵工業,35.8,36.5,35.7,36.25,120054
2026-10-01,5538,東明-KY,鋼鐵工業,36.4,36.45,35.8,35.95,45837
2026-09-29,5543,桓鼎-KY,建材營造,26.0,27.1,26.0,26.95,15959
2026-09-30,5543,桓鼎-KY,建材營造,26.95,27.2,26.5,26.7,9000
2026-10-01,5543,桓鼎-KY,建材營造,26.0,27.3,26.0,27.0,7998
2026-09-29,5546,永固-KY,建材營造,14.2,14.2,14.1,14.1,32000
2026-09-30,5546,永固-KY,建材營造,14.1,14.35,14.1,14.35,10700
2026-10-01,5546,永固-KY,建材營造,14.2,14.2,13.6,13.85,64484
2026-09-29,5547,久舜,建材營造,20.0,20.0,20.0,20.0,18817
2026-09-30,5547,久舜,建材營造,20.0,20.2,20.0,20.15,29077
2026-10-01,5547,久舜,建材營造,20.2,20.2,20.05,20.15,15451
2026-09-29,5548,安倉,建材營造,20.2,20.35,20.2,20.2,11677
2026-09-30,5548,安倉,建材營造,20.2,20.2,20.05,20.15,42563
2026-10-01,5548,安倉,建材營造,20.1,20.1,20.0,20.0,77825
2026-09-29,5601,台聯櫃,航運業,28.9,28.9,28.9,28.9,5000
2026-10-01,5601,台聯櫃,航運業,28.9,28.9,28.9,28.9,5000
2026-09-29,5603,陸海,航運業,13.55,13.55,13.4,13.4,45437
2026-09-30,5603,陸海,航運業,13.4,13.45,13.35,13.35,92217
2026-10-01,5603,陸海,航運業,13.4,13.5,13.25,13.5,194581
2026-09-29,5604,中連,其他,31.05,31.05,30.9,30.95,13271
2026-09-30,5604,中連,其他,31.25,31.3,31.0,31.2,10480
2026-10-01,5604,中連,其他,31.5,31.5,31.4,31.4,2551
2026-09-29,5607,遠雄港,航運業,52.3,52.6,51.7,51.9,796752
2026-09-30,5607,遠雄港,航運業,52.2,52.5,51.8,52.4,269626
2026-10-01,5607,遠雄港,航運業,52.4,52.4,51.6,51.9,442373
2026-09-29,5608,四維航,航運業,16.95,17.0,16.6,16.7,2452196
2026-09-30,5608,四維航,航運業,16.85,16.95,16.75,16.95,1479942
2026-10-01,5608,四維航,航運業,17.0,17.1,16.7,17.0,1736303
2026-09-29,5609,中菲行,航運業,78.5,78.5,77.9,78.2,109516
2026-09-30,5609,中菲行,航運業,78.2,78.6,78.0,78.1,125284
2026-10-01,5609,中菲行,航運業,78.1,78.2,77.9,77.9,65052
2026-09-29,5701,劍湖山,觀光餐旅,4.14,4.14,4.0,4.07,124577
2026-09-30,5701,劍湖山,觀光餐旅,4.02,4.06,3.99,4.06,78831
2026-10-01,5701,劍湖山,觀光餐旅,4.08,4.08,4.03,4.07,40788
2026-09-30,5703,亞都,觀光餐旅,13.5,13.5,13.35,13.35,3180
2026-09-29,5704,老爺知,觀光餐旅,22.75,22.8,22.5,22.5,6497
2026-09-30,5704,老爺知,觀光餐旅,22.5,22.65,22.2,22.65,85532
2026-10-01,5704,老爺知,觀光餐旅,22.6,22.65,22.45,22.6,9262
2026-09-29,5706,鳳凰,觀光餐旅,44.3,44.3,43.6,43.9,67556
2026-09-30,5706,鳳凰,觀光餐旅,43.9,44.2,43.85,44.15,52928
2026-10-01,5706,鳳凰,觀光餐旅,44.3,44.3,44.0,44.2,34462
2026-09-29,5864,致和證,金融保險,36.85,37.25,36.5,36.9,1775002
2026-09-30,5864,致和證,金融保險,37.45,39.35,37.35,39.2,5235161
2026-10-01,5864,致和證,金融保險,39.2,39.2,37.8,38.25,3355987
2026-09-29,5871,中租-KY,其他,107.0,107.5,106.5,107.0,5001745
2026-09-30,5871,中租-KY,其他,107.5,107.5,106.0,107.0,7836885
2026-10-01,5871,中租-KY,其他,107.0,107.5,106.0,107.5,7876457
2026-09-29,5876,上海商銀,金融保險,48.95,49.35,48.55,48.85,6497420
2026-09-30,5876,上海商銀,金融保險,49.3,49.4,48.75,49.15,6919056
2026-10-01,5876,上海商銀,金融保險,48.95,49.1,47.9,48.4,10364447
2026-09-29,5878,台名,金融保險,38.0,38.0,37.9,37.9,9044
2026-09-30,5878,台名,金融保險,38.0,38.0,37.85,37.85,5818
2026-10-01,5878,台名,金融保險,37.9,37.9,37.85,37.85,3315
2026-09-29,5880,合庫金,金融保險,26.45,26.6,26.0,26.05,17358159
2026-09-30,5880,合庫金,金融保險,26.4,26.4,26.05,26.1,17943411
2026-10-01,5880,合庫金,金融保險,26.1,26.1,25.65,26.0,17025431
2026-09-29,5902,德記,居家生活,34.25,34.25,34.1,34.2,5101
2026-09-30,5902,德記,居家生活,34.45,34.7,34.45,34.5,75415
2026-10-01,5902,德記,居家生活,34.1,34.35,34.0,34.3,10451
2026-09-29,5903,全家,居家生活,186.0,187.0,185.5,186.5,20746
2026-09-30,5903,全家,居家生活,186.5,186.5,186.0,186.0,19124
2026-10-01,5903,全家,居家生活,186.0,186.0,185.5,186.0,16667
2026-09-29,5904,寶雅*,居家生活,69.3,69.4,68.6,68.8,4545491
2026-09-30,5904,寶雅*,居家生活,68.9,70.1,68.8,69.7,4944374
2026-10-01,5904,寶雅*,居家生活,69.7,69.7,68.7,69.1,3338375
2026-09-29,5905,南仁湖,觀光餐旅,7.31,7.65,7.25,7.4,445176
2026-09-30,5905,南仁湖,觀光餐旅,7.4,7.4,7.29,7.32,367214
2026-10-01,5905,南仁湖,觀光餐旅,7.36,7.43,7.35,7.4,226787
2026-09-30,5906,台南-KY,貿易百貨,40.85,41.0,40.85,41.0,3000
2026-10-01,5906,台南-KY,貿易百貨,41.3,41.3,41.3,41.3,1000
2026-09-29,5907,大洋-KY,貿易百貨,4.85,4.85,4.79,4.79,96136
2026-09-30,5907,大洋-KY,貿易百貨,4.8,4.89,4.8,4.81,116501
2026-10-01,5907,大洋-KY,貿易百貨,4.81,4.85,4.76,4.8,233385
2026-09-29,6005,群益證,金融保險,32.0,32.15,31.65,31.65,4412919
2026-09-30,6005,群益證,金融保險,31.95,32.3,31.85,32.05,5523115
2026-10-01,6005,群益證,金融保險,32.15,32.15,31.4,31.9,8047795
2026-09-29,6015,宏遠證,金融保險,17.6,17.7,17.35,17.4,1205610
2026-09-30,6015,宏遠證,金融保險,17.6,18.1,17.55,17.95,2636023
2026-10-01,6015,宏遠證,金融保險,17.95,17.95,17.35,17.6,2998543
2026-09-29,6016,康和證,金融保險,23.6,23.85,23.45,23.5,2354453
2026-09-30,6016,康和證,金融保險,23.75,24.4,23.65,24.3,5330397
2026-10-01,6016,康和證,金融保險,24.25,24.25,23.45,23.7,6141897
2026-09-29,6020,大展證,金融保險,20.7,20.75,20.5,20.5,3000
2026-09-30,6020,大展證,金融保險,20.7,20.75,20.7,20.75,12047
2026-10-01,6020,大展證,金融保險,20.7,20.7,20.55,20.55,6000
2026-09-29,6021,美好證,金融保險,42.3,42.3,40.85,41.1,191115
2026-09-30,6021,美好證,金融保險,41.7,41.95,41.45,41.8,117702
2026-10-01,6021,美好證,金融保險,42.0,42.15,41.2,41.7,93641
2026-09-29,6023,元大期,金融保險,86.0,87.4,85.8,86.0,445256
2026-09-30,6023,元大期,金融保險,86.7,86.7,85.0,85.0,754375
2026-10-01,6023,元大期,金融保險,85.5,85.5,83.8,84.8,1014757
2026-09-29,6024,群益期,金融保險,60.8,61.1,59.7,60.2,304599
2026-09-30,6024,群益期,金融保險,60.5,60.5,60.1,60.4,139673
2026-10-01,6024,群益期,金融保險,60.4,60.4,59.7,59.9,271843
2026-09-29,6026,福邦證,金融保險,15.85,16.0,15.8,15.9,617509
2026-09-30,6026,福邦證,金融保險,16.0,16.15,15.9,16.1,1099889
2026-10-01,6026,福邦證,金融保險,16.1,16.1,15.7,15.85,980383
2026-09-29,6028,公勝保經,金融保險,99.9,99.9,97.2,98.8,19384
2026-09-30,6028,公勝保經,金融保險,98.7,99.0,98.5,99.0,9175
2026-10-01,6028,公勝保經,金融保險,98.6,99.2,98.3,99.2,11155
2026-09-29,6101,寬魚國際,文化創意,38.0,38.0,37.2,37.25,72075
2026-09-30,6101,寬魚國際,文化創意,37.85,37.85,37.0,37.4,226865
2026-10-01,6101,寬魚國際,文化創意,38.2,38.2,37.4,37.75,197393
2026-09-29,6103,合邦,半導體,42.6,44.35,41.8,41.8,125534
2026-09-30,6103,合邦,半導體,38.6,39.3,37.7,38.3,133292
2026-10-01,6103,合邦,半導體,38.3,39.0,36.9,36.9,14263
2026-09-29,6104,創惟,半導體,90.1,91.5,89.4,91.0,272732
2026-09-30,6104,創惟,半導體,90.9,91.6,90.7,91.5,420859
2026-10-01,6104,創惟,半導體,91.9,92.6,91.5,91.7,430761
2026-09-29,6108,競國,電子零組件,24.5,24.65,24.0,24.4,1269830
2026-09-30,6108,競國,電子零組件,24.5,25.4,24.5,25.05,1909273
2026-10-01,6108,競國,電子零組件,25.25,26.35,24.8,25.0,2564254
2026-09-29,6109,亞元,通信網路,10.4,10.4,10.25,10.35,128360
2026-09-30,6109,亞元,通信網路,10.5,10.65,10.5,10.55,132178
2026-10-01,6109,亞元,通信網路,10.55,10.6,10.4,10.45,59491
2026-09-29,6111,光聚晶電,文化創意,36.75,37.8,36.7,37.8,204705
2026-09-30,6111,光聚晶電,文化創意,37.8,38.7,37.55,38.65,234305
2026-10-01,6111,光聚晶電,文化創意,38.7,38.7,38.05,38.1,112052
2026-09-29,6112,邁達特,資訊服務,47.75,47.9,47.0,47.35,861750
2026-09-30,6112,邁達特,資訊服務,47.45,48.2,47.1,48.05,1097280
2026-10-01,6112,邁達特,資訊服務,48.1,48.1,47.4,47.7,513036
2026-09-29,6113,亞矽,電子通路,22.2,22.45,22.15,22.15,26266
2026-09-30,6113,亞矽,電子通路,22.3,22.8,22.3,22.65,73766
2026-10-01,6113,亞矽,電子通路,22.7,24.9,22.7,24.9,631953
2026-09-29,6114,久威,電子零組件,23.5,23.6,23.25,23.25,16002
2026-09-30,6114,久威,電子零組件,24.1,24.1,23.35,23.45,99538
2026-09-29,6115,鎰勝,電子零組件,44.05,44.3,43.95,44.0,113334
2026-09-30,6115,鎰勝,電子零組件,44.0,44.0,43.9,44.0,109408
2026-10-01,6115,鎰勝,電子零組件,43.95,44.1,43.95,44.05,73924
2026-09-29,6116,彩晶,光電,14.9,15.2,14.6,14.9,32973446
2026-09-30,6116,彩晶,光電,15.1,16.35,15.05,16.35,154482312
2026-10-01,6116,彩晶,光電,16.4,16.45,15.5,15.65,122735728
2026-09-29,6117,迎廣,電腦及週邊,61.9,62.2,61.7,61.7,154228
2026-09-30,6117,迎廣,電腦及週邊,62.6,63.3,61.8,62.2,171113
2026-10-01,6117,迎廣,電腦及週邊,62.6,62.6,61.6,62.3,158239
2026-09-29,6118,建達,電子通路,16.2,16.8,15.9,15.95,939119
2026-09-30,6118,建達,電子通路,16.4,16.8,16.0,16.05,703270
2026-10-01,6118,建達,電子通路,16.2,17.3,16.2,16.3,858151
2026-09-29,6120,達運,光電,12.75,13.25,12.65,13.05,2603544
2026-09-30,6120,達運,光電,13.75,14.35,13.7,14.35,13054101
2026-10-01,6120,達運,光電,15.3,15.4,14.45,14.75,32148411
2026-09-29,6121,新普,電腦及週邊,375.0,382.0,374.5,379.5,317004
2026-09-30,6121,新普,電腦及週邊,381.0,381.0,376.5,377.0,454636
2026-10-01,6121,新普,電腦及週邊,377.0,381.0,377.0,379.5,298568
2026-09-29,6122,擎邦,電機機械,57.7,60.0,57.6,59.7,2344532
2026-09-30,6122,擎邦,電機機械,60.3,60.9,59.2,60.5,2318789
2026-10-01,6122,擎邦,電機機械,60.6,62.5,60.4,62.3,2134927
2026-09-29,6123,上奇,資訊服務,42.9,43.2,42.7,43.2,38334
2026-09-30,6123,上奇,資訊服務,43.1,43.3,42.0,43.05,87329
2026-10-01,6123,上奇,資訊服務,43.2,43.2,42.65,42.95,22695
2026-09-29,6124,業強,電子零組件,27.45,27.45,27.45,27.45,1552
2026-09-30,6124,業強,電子零組件,27.85,27.85,27.2,27.2,13919
2026-10-01,6124,業強,電子零組件,27.5,27.5,27.2,27.2,5552
2026-09-29,6125,廣運,電機機械,48.6,49.8,48.6,49.25,335447
2026-09-30,6125,廣運,電機機械,49.8,50.0,49.6,49.9,484930
2026-10-01,6125,廣運,電機機械,50.2,50.4,49.5,49.85,351285
2026-09-29,6126,信音,電子零組件,31.35,31.35,30.65,30.8,194988
2026-09-30,6126,信音,電子零組件,30.8,31.05,30.7,30.9,291112
2026-10-01,6126,信音,電子零組件,31.0,31.0,30.8,30.8,189534
2026-09-29,6127,九豪,電子零組件,48.45,51.7,47.9,51.0,6460940
2026-09-30,6127,九豪,電子零組件,52.0,52.3,50.0,51.7,4105464
2026-10-01,6127,九豪,電子零組件,52.3,56.8,52.2,56.8,16537157
2026-09-29,6128,上福,電腦及週邊,19.1,19.35,19.1,19.1,35311
2026-09-30,6128,上福,電腦及週邊,19.2,19.3,19.1,19.2,47106
2026-10-01,6128,上福,電腦及週邊,19.25,19.25,19.15,19.25,16167
2026-09-29,6129,普誠,半導體,14.75,15.0,14.65,14.65,135989
2026-09-30,6129,普誠,半導體,14.65,15.05,14.6,14.9,410797
2026-10-01,6129,普誠,半導體,14.75,14.95,14.7,14.7,257803
2026-09-29,6130,上亞科技,生技醫療,23.85,23.95,23.25,23.8,79020
2026-09-30,6130,上亞科技,生技醫療,23.8,23.85,23.5,23.75,155114
2026-10-01,6130,上亞科技,生技醫療,23.65,23.75,23.55,23.55,15104
2026-09-29,6133,金橋,電子零組件,25.9,28.5,25.9,28.5,9954159
2026-09-30,6133,金橋,電子零組件,29.4,30.45,28.2,29.6,20089110
2026-10-01,6133,金橋,電子零組件,29.55,31.0,29.3,29.3,10855089
2026-09-29,6134,萬旭,電子零組件,29.25,29.3,29.1,29.25,53371
2026-09-30,6134,萬旭,電子零組件,29.3,29.45,29.05,29.2,170172
2026-10-01,6134,萬旭,電子零組件,29.2,29.25,28.85,28.95,166599
2026-09-29,6136,富爾特,通信網路,24.9,25.15,24.85,24.95,130621
2026-09-30,6136,富爾特,通信網路,24.95,25.15,24.95,25.05,153563
2026-10-01,6136,富爾特,通信網路,25.25,25.3,25.1,25.25,390720
2026-09-29,6138,茂達,半導體,275.5,283.0,275.5,278.5,400386
2026-09-30,6138,茂達,半導體,280.0,281.0,276.0,276.0,336254
2026-10-01,6138,茂達,半導體,277.0,284.0,276.0,283.5,686003
2026-09-29,6139,亞翔,其他電子,753.0,759.0,726.0,732.0,3500385
2026-09-30,6139,亞翔,其他電子,741.0,762.0,740.0,756.0,3371103
2026-10-01,6139,亞翔,其他電子,761.0,768.0,750.0,759.0,3014465
2026-09-29,6140,訊達,資訊服務,21.1,21.2,20.7,20.75,382142
2026-09-30,6140,訊達,資訊服務,20.75,20.95,20.1,20.2,323060
2026-10-01,6140,訊達,資訊服務,20.15,20.5,19.95,20.05,216484
2026-09-29,6141,柏承,電子零組件,52.6,53.3,51.3,52.9,1437515
2026-09-30,6141,柏承,電子零組件,53.7,53.7,51.7,51.8,1723520
2026-10-01,6141,柏承,電子零組件,51.8,53.4,50.8,52.2,1323629
2026-09-29,6142,友勁,通信網路,9.19,9.19,9.05,9.06,262971
2026-09-30,6142,友勁,通信網路,9.14,9.8,9.03,9.44,1277527
2026-10-01,6142,友勁,通信網路,9.4,9.4,9.09,9.17,734389
2026-09-29,6143,振曜,通信網路,81.0,82.0,80.8,81.0,173446
2026-09-30,6143,振曜,通信網路,80.9,81.5,80.9,81.0,183744
2026-10-01,6143,振曜,通信網路,81.3,81.5,80.6,80.6,244082
2026-09-29,6144,得利影,文化創意,12.55,12.65,12.4,12.55,8007
2026-09-30,6144,得利影,文化創意,12.45,12.55,12.45,12.55,6210
2026-10-01,6144,得利影,文化創意,12.55,12.85,12.4,12.8,12326
2026-09-29,6146,耕興,其他電子,178.5,181.5,178.5,180.0,154366
2026-09-30,6146,耕興,其他電子,180.0,182.5,180.0,181.5,205818
2026-10-01,6146,耕興,其他電子,181.5,182.5,180.0,181.5,216535
2026-09-29,6147,頎邦,半導體,211.5,217.0,208.0,208.5,20455949
2026-09-30,6147,頎邦,半導體,211.5,214.5,209.0,209.5,21118600
2026-10-01,6147,頎邦,半導體,212.0,227.0,212.0,225.5,49562842
2026-09-29,6148,驊宏資,資訊服務,39.2,39.8,38.2,38.5,1920816
2026-09-30,6148,驊宏資,資訊服務,37.95,39.4,37.9,38.1,1367595
2026-10-01,6148,驊宏資,資訊服務,38.15,38.65,37.85,38.05,1091378
2026-09-29,6150,撼訊,電腦及週邊,60.9,62.5,60.9,62.1,117601
2026-09-30,6150,撼訊,電腦及週邊,62.2,64.1,62.2,63.6,345542
2026-10-01,6150,撼訊,電腦及週邊,64.5,69.9,64.0,69.9,3244283
2026-09-29,6151,晉倫,其他電子,35.2,35.3,34.7,34.75,103274
2026-09-30,6151,晉倫,其他電子,34.75,35.05,34.3,34.75,118037
2026-10-01,6151,晉倫,其他電子,35.0,35.0,34.5,34.65,94338
2026-09-29,6152,百一,通信網路,15.05,15.1,14.75,15.1,588881
2026-09-30,6152,百一,通信網路,15.3,15.3,15.05,15.3,947654
2026-10-01,6152,百一,通信網路,15.35,15.45,15.05,15.45,1040623
2026-09-29,6153,嘉聯益,電子零組件,17.2,17.75,17.2,17.65,3119140
2026-09-30,6153,嘉聯益,電子零組件,17.8,18.3,17.65,18.2,3919781
2026-10-01,6153,嘉聯益,電子零組件,18.2,18.55,17.7,17.8,3966841
2026-09-29,6154,順發,電子通路,14.2,14.25,14.1,14.15,27416
2026-09-30,6154,順發,電子通路,14.15,14.25,14.15,14.2,34972
2026-10-01,6154,順發,電子通路,14.3,14.3,14.15,14.2,42590
2026-09-29,6155,鈞寶,電子零組件,61.5,64.9,61.2,64.0,7364788
2026-09-30,6155,鈞寶,電子零組件,65.0,65.2,63.0,63.3,3733214
2026-10-01,6155,鈞寶,電子零組件,64.2,69.6,64.2,69.6,10413045
2026-09-29,6156,松上,電子零組件,20.85,21.8,20.85,21.65,911674
2026-09-30,6156,松上,電子零組件,21.8,22.1,21.55,21.85,747559
2026-10-01,6156,松上,電子零組件,21.8,22.35,21.75,21.75,770744
2026-09-29,6158,禾昌,電子零組件,17.4,17.4,17.15,17.25,14916
2026-09-30,6158,禾昌,電子零組件,17.35,17.4,17.05,17.2,89334
2026-10-01,6158,禾昌,電子零組件,17.2,17.25,17.1,17.25,36006
2026-09-29,6160,欣技,電腦及週邊,14.2,14.2,13.9,13.9,39272
2026-09-30,6160,欣技,電腦及週邊,13.95,14.1,13.85,13.9,60848
2026-10-01,6160,欣技,電腦及週邊,14.1,14.1,13.8,13.9,44469
2026-09-29,6161,捷波,電腦及週邊,48.4,49.75,48.4,49.0,59656
2026-09-30,6161,捷波,電腦及週邊,50.1,51.5,49.7,51.5,208100
2026-10-01,6161,捷波,電腦及週邊,51.4,51.5,50.3,50.3,39787
2026-09-29,6163,華電網,資訊服務,41.4,42.15,41.15,41.5,484162
2026-09-30,6163,華電網,資訊服務,42.0,42.3,41.2,41.7,1256370
2026-10-01,6163,華電網,資訊服務,42.0,42.8,41.2,41.4,683903
2026-09-29,6164,華興,光電,12.2,12.5,12.2,12.4,254364
2026-09-30,6164,華興,光電,12.5,12.65,12.4,12.6,534842
2026-10-01,6164,華興,光電,12.65,12.7,12.45,12.55,192930
2026-09-29,6165,浪凡,數位雲端,48.95,49.1,48.6,48.85,113250
2026-09-30,6165,浪凡,數位雲端,49.5,50.2,49.35,50.0,3627663
2026-10-01,6165,浪凡,數位雲端,50.5,50.9,49.5,49.6,284325
2026-09-29,6166,凌華,電腦及週邊,131.0,143.5,130.0,135.0,5049553
2026-09-30,6166,凌華,電腦及週邊,139.0,140.0,132.5,133.0,2569354
2026-10-01,6166,凌華,電腦及週邊,132.5,133.5,128.5,130.0,1276252
2026-09-29,6167,久正,光電,10.2,10.3,10.2,10.2,178933
2026-09-30,6167,久正,光電,10.25,10.35,10.25,10.3,201293
2026-10-01,6167,久正,光電,10.35,10.4,10.25,10.25,194466
2026-09-29,6168,宏齊,光電,44.4,45.55,44.3,45.2,5660688
2026-09-30,6168,宏齊,光電,46.55,47.0,44.5,45.25,6398422
2026-10-01,6168,宏齊,光電,45.7,47.0,45.7,47.0,5130479
2026-09-29,6169,昱泉,文化創意,12.1,12.1,12.0,12.0,10357
2026-09-30,6169,昱泉,文化創意,12.0,12.0,12.0,12.0,2024
2026-10-01,6169,昱泉,文化創意,11.85,12.0,11.85,11.85,8142
2026-09-29,6170,統振,通信網路,48.55,49.0,48.5,48.8,196869
2026-09-30,6170,統振,通信網路,48.8,48.9,48.5,48.65,125523
2026-10-01,6170,統振,通信網路,48.75,49.2,48.75,49.15,166650
2026-09-29,6171,大城地產,建材營造,26.65,26.7,26.45,26.6,93498
2026-09-30,6171,大城地產,建材營造,26.7,26.9,26.6,26.75,150666
2026-10-01,6171,大城地產,建材營造,27.1,27.35,27.05,27.35,455011
2026-09-29,6173,信昌電,電子零組件,303.0,314.0,296.5,297.5,7033172
2026-09-30,6173,信昌電,電子零組件,301.0,303.5,288.0,288.5,11071890
2026-10-01,6173,信昌電,電子零組件,287.0,316.0,280.5,302.5,31484477
2026-09-29,6174,安碁,電子零組件,45.7,47.25,44.9,45.05,1100556
2026-09-30,6174,安碁,電子零組件,45.35,46.2,44.65,45.5,504089
2026-10-01,6174,安碁,電子零組件,45.8,50.0,45.45,50.0,1621448
2026-09-29,6175,立敦,電子零組件,70.2,70.2,68.7,69.2,257533
2026-09-30,6175,立敦,電子零組件,70.0,70.9,69.9,70.4,513309
2026-10-01,6175,立敦,電子零組件,70.9,77.1,70.9,76.3,5535784
2026-09-29,6176,瑞儀,光電,91.2,91.9,90.2,90.2,1403217
2026-09-30,6176,瑞儀,光電,90.3,91.8,90.3,91.2,1303911
2026-10-01,6176,瑞儀,光電,91.6,92.0,90.8,91.4,1062269
2026-09-29,6177,達麗,建材營造,46.25,46.55,46.0,46.25,620878
2026-09-30,6177,達麗,建材營造,46.9,46.9,46.25,46.45,654604
2026-10-01,6177,達麗,建材營造,46.85,47.2,46.2,46.65,1612608
2026-09-29,6179,亞通,其他,36.6,37.9,36.2,37.45,7248880
2026-09-30,6179,亞通,其他,37.8,37.8,35.7,36.3,7550981
2026-10-01,6179,亞通,其他,36.4,37.0,35.8,35.95,3451488
2026-09-29,6180,橘子,文化創意,40.55,41.3,40.55,41.1,235462
2026-09-30,6180,橘子,文化創意,41.1,41.4,40.8,41.4,235016
2026-10-01,6180,橘子,文化創意,41.25,42.05,41.25,41.65,354929
2026-09-29,6182,合晶,半導體,119.5,124.5,117.0,121.0,66757689
2026-09-30,6182,合晶,半導體,123.0,133.0,121.0,133.0,157376273
2026-10-01,6182,合晶,半導體,136.0,139.5,127.5,130.0,181249653
2026-09-29,6183,關貿,資訊服務,91.3,91.3,90.0,90.5,78004
2026-09-30,6183,關貿,資訊服務,91.5,92.0,90.8,91.8,33475
2026-10-01,6183,關貿,資訊服務,91.0,92.3,91.0,92.3,11899
2026-09-29,6184,大豐電,其他,40.3,40.35,40.0,40.1,94428
2026-09-30,6184,大豐電,其他,39.95,40.3,39.95,40.3,31187
2026-10-01,6184,大豐電,其他,40.3,40.4,40.05,40.4,32765
2026-09-29,6185,幃翔,電子零組件,12.45,12.5,12.35,12.35,114054
2026-09-30,6185,幃翔,電子零組件,12.45,12.5,12.35,12.5,104255
2026-10-01,6185,幃翔,電子零組件,12.55,12.7,12.45,12.6,161433
2026-09-29,6186,新潤,建材營造,29.0,29.2,28.85,29.0,356205
2026-09-30,6186,新潤,建材營造,28.85,29.2,28.85,29.15,294354
2026-10-01,6186,新潤,建材營造,29.2,29.2,28.95,29.1,177462
2026-09-29,6187,萬潤,半導體,1230.0,1310.0,1230.0,1310.0,3498263
2026-09-30,6187,萬潤,半導體,1375.0,1420.0,1275.0,1310.0,5059066
2026-10-01,6187,萬潤,半導體,1300.0,1325.0,1260.0,1275.0,1700270
2026-09-29,6188,廣明,電腦及週邊,62.0,62.6,61.5,61.6,480731
2026-09-30,6188,廣明,電腦及週邊,61.8,62.4,61.8,62.1,664211
2026-10-01,6188,廣明,電腦及週邊,62.3,62.5,61.8,62.1,336564
2026-09-29,6189,豐藝,電子通路,49.2,50.3,49.2,50.2,997103
2026-09-30,6189,豐藝,電子通路,50.1,50.5,49.9,50.4,409293
2026-10-01,6189,豐藝,電子通路,50.4,50.6,49.8,50.2,243441
2026-09-29,6190,萬泰科,通信網路,68.6,69.5,68.2,69.3,1040942
2026-09-30,6190,萬泰科,通信網路,70.1,71.2,69.6,70.4,1974577
2026-10-01,6190,萬泰科,通信網路,71.2,71.6,70.4,71.2,1571102
2026-09-29,6191,精成科,電子零組件,82.3,83.9,82.1,83.1,1039095
2026-09-30,6191,精成科,電子零組件,83.3,84.1,83.0,84.0,1190164
2026-10-01,6191,精成科,電子零組件,84.3,84.4,83.8,84.3,1084592
2026-09-29,6192,巨路,其他電子,110.0,110.5,109.5,109.5,78523
2026-09-30,6192,巨路,其他電子,109.5,110.0,109.5,109.5,85425
2026-10-01,6192,巨路,其他電子,109.0,110.0,108.5,110.0,130793
2026-09-29,6194,育富,電子零組件,30.5,30.5,29.6,29.6,159287
2026-09-30,6194,育富,電子零組件,30.5,30.5,29.85,29.85,42008
2026-10-01,6194,育富,電子零組件,30.3,30.3,29.95,30.1,28033
2026-09-29,6195,詩肯,居家生活,28.1,28.3,28.1,28.3,21749
2026-09-30,6195,詩肯,居家生活,28.35,28.35,28.2,28.25,10985
2026-10-01,6195,詩肯,居家生活,28.25,28.25,28.0,28.2,10058
2026-09-29,6196,帆宣,其他電子,554.0,554.0,537.0,544.0,1880519
2026-09-30,6196,帆宣,其他電子,552.0,588.0,551.0,585.0,3126316
2026-10-01,6196,帆宣,其他電子,588.0,602.0,579.0,602.0,1948826
2026-09-29,6197,佳必琪,電子零組件,322.0,322.5,318.5,319.0,683759
2026-09-30,6197,佳必琪,電子零組件,323.0,327.0,322.0,326.0,1635769
2026-10-01,6197,佳必琪,電子零組件,327.0,331.5,324.0,330.0,1809543
2026-09-30,6198,瑞築,建材營造,20.05,20.05,20.05,20.05,1000
2026-09-29,6199,天品,其他,125.0,127.0,124.5,126.0,7899784
2026-09-30,6199,天品,其他,126.0,128.0,125.0,127.5,6641206
2026-10-01,6199,天品,其他,127.5,128.5,127.0,128.0,6611386
2026-09-29,6201,亞弘電,其他電子,44.8,44.8,44.1,44.2,47983
2026-09-30,6201,亞弘電,其他電子,44.8,44.8,44.3,44.6,12416
2026-10-01,6201,亞弘電,其他電子,44.5,44.55,44.15,44.55,22383
2026-09-29,6202,盛群,半導體,58.2,59.0,58.0,58.4,694313
2026-09-30,6202,盛群,半導體,58.9,59.4,58.5,58.6,1071210
2026-10-01,6202,盛群,半導體,58.6,60.7,58.6,60.1,3638957
2026-09-29,6203,海韻電,電子零組件,59.4,59.9,59.2,59.9,59571
2026-09-30,6203,海韻電,電子零組件,59.6,60.2,59.6,60.0,88817
2026-10-01,6203,海韻電,電子零組件,60.0,60.3,59.9,60.3,57687
2026-09-29,6204,艾華,電子零組件,110.0,110.0,102.5,103.0,634479
2026-09-30,6204,艾華,電子零組件,105.0,108.0,103.0,103.0,349828
2026-10-01,6204,艾華,電子零組件,105.0,110.0,104.0,104.5,525829
2026-09-29,6205,詮欣,電子零組件,72.5,72.8,70.5,71.1,2134375
2026-09-30,6205,詮欣,電子零組件,71.5,72.9,70.7,71.3,1504797
2026-10-01,6205,詮欣,電子零組件,70.8,74.1,70.2,71.8,1310192
2026-09-29,6206,飛捷,電腦及週邊,139.0,145.0,138.5,143.0,1288184
2026-09-30,6206,飛捷,電腦及週邊,143.0,144.0,139.5,139.5,858975
2026-10-01,6206,飛捷,電腦及週邊,139.5,140.0,138.5,139.0,281465
2026-09-29,6207,雷科,電子零組件,130.5,137.5,127.5,137.5,23196275
2026-09-30,6207,雷科,電子零組件,141.0,151.0,140.0,151.0,20816512
2026-10-01,6207,雷科,電子零組件,153.0,158.0,139.5,145.0,38259593
2026-09-29,6208,日揚,半導體,74.4,75.5,74.3,74.6,100870
2026-09-30,6208,日揚,半導體,75.4,76.3,75.1,76.0,112507
2026-10-01,6208,日揚,半導體,77.0,80.5,76.8,79.5,471849
2026-09-29,6209,今國光,光電,80.1,84.2,79.6,81.5,10707256
2026-09-30,6209,今國光,光電,81.8,82.5,81.2,81.7,7141009
2026-10-01,6209,今國光,光電,82.0,83.8,81.1,82.7,9114038
2026-09-29,6210,慶生,電子零組件,17.8,17.8,17.25,17.75,9120
2026-09-30,6210,慶生,電子零組件,17.55,17.95,17.5,17.9,21155
2026-10-01,6210,慶生,電子零組件,17.9,18.5,17.9,17.9,12216
2026-09-29,6212,理銘,建材營造,33.2,34.95,33.2,33.65,4099
2026-10-01,6212,理銘,建材營造,32.25,32.25,32.25,32.25,1000
2026-09-29,6213,聯茂,電子零組件,620.0,628.0,588.0,620.0,27479007
2026-09-30,6213,聯茂,電子零組件,624.0,649.0,622.0,623.0,23593063
2026-10-01,6213,聯茂,電子零組件,623.0,643.0,611.0,642.0,14504834
2026-09-29,6214,精誠,資訊服務,190.5,190.5,188.0,189.0,1149103
2026-09-30,6214,精誠,資訊服務,188.0,189.5,183.0,188.0,1869735
2026-10-01,6214,精誠,資訊服務,188.0,189.5,188.0,189.0,732126
2026-09-29,6215,和椿,其他電子,96.8,98.2,96.3,97.2,178676
2026-09-30,6215,和椿,其他電子,98.6,98.7,97.3,97.7,254513
2026-10-01,6215,和椿,其他電子,98.0,98.0,96.5,97.1,269464
2026-09-29,6216,居易,通信網路,19.5,19.6,19.45,19.5,49833
2026-09-30,6216,居易,通信網路,19.6,20.4,19.6,19.95,94737
2026-10-01,6216,居易,通信網路,19.85,19.85,19.65,19.75,60632
2026-09-29,6217,中探針,電子零組件,167.0,175.5,166.0,173.0,1754828
2026-09-30,6217,中探針,電子零組件,173.0,178.0,173.0,176.5,3169323
2026-10-01,6217,中探針,電子零組件,177.0,181.0,174.0,174.5,2672984
2026-09-29,6218,豪勉,通信網路,64.9,64.9,61.8,63.2,1449270
2026-09-30,6218,豪勉,通信網路,63.3,63.3,61.6,61.9,1279332
2026-10-01,6218,豪勉,通信網路,62.0,63.2,61.6,62.8,1155717
2026-09-29,6219,富旺,建材營造,12.0,12.15,12.0,12.15,82055
2026-09-30,6219,富旺,建材營造,12.1,12.3,12.0,12.2,84294
2026-10-01,6219,富旺,建材營造,12.15,12.35,12.05,12.35,123053
2026-09-29,6220,岳豐,電子零組件,25.25,25.3,24.8,25.25,122155
2026-09-30,6220,岳豐,電子零組件,25.2,25.3,25.1,25.2,71680
2026-10-01,6220,岳豐,電子零組件,25.2,25.4,25.05,25.3,93501
2026-09-29,6221,晉泰,資訊服務,33.9,33.9,32.6,32.85,1156980
2026-09-30,6221,晉泰,資訊服務,31.75,32.9,30.55,31.0,2259917
2026-10-01,6221,晉泰,資訊服務,31.05,32.75,30.5,30.95,1572151
2026-09-29,6222,立軒,光電,18.8,18.8,18.8,18.8,1000
2026-09-30,6222,立軒,光電,19.4,20.05,18.95,19.3,6025
2026-09-29,6223,旺矽,半導體,5400.0,5400.0,5140.0,5185.0,1130007
2026-09-30,6223,旺矽,半導體,5275.0,5320.0,5100.0,5125.0,1044727
2026-10-01,6223,旺矽,半導體,5130.0,5185.0,4995.0,5030.0,1122181
2026-09-29,6224,聚鼎,電子零組件,82.2,82.2,79.4,81.2,704380
2026-09-30,6224,聚鼎,電子零組件,82.2,82.5,78.6,78.8,897148
2026-10-01,6224,聚鼎,電子零組件,79.6,82.9,79.1,81.7,1382127
2026-09-29,6225,天瀚,光電,46.35,55.4,46.35,55.4,800324
2026-09-30,6225,天瀚,光電,60.1,60.9,60.1,60.9,195797
2026-10-01,6225,天瀚,光電,66.9,66.9,66.9,66.9,168037
2026-09-29,6226,光鼎,光電,44.25,45.55,43.45,45.55,2182112
2026-09-30,6226,光鼎,光電,45.55,45.7,44.4,45.1,2207400
2026-10-01,6226,光鼎,光電,44.55,48.0,44.55,48.0,4543123
2026-09-29,6227,茂綸,電子通路,133.0,140.5,133.0,136.0,740853
2026-09-30,6227,茂綸,電子通路,136.0,137.5,132.0,132.0,936861
2026-10-01,6227,茂綸,電子通路,133.5,138.0,132.5,137.0,1126720
2026-09-29,6228,全譜,電腦及週邊,20.0,20.0,19.15,19.8,58380
2026-09-30,6228,全譜,電腦及週邊,20.6,20.6,18.8,18.8,28329
2026-10-01,6228,全譜,電腦及週邊,18.25,18.3,18.15,18.15,9201
2026-09-29,6229,研通,半導體,23.35,24.55,23.35,24.0,192425
2026-09-30,6229,研通,半導體,23.95,24.25,23.65,24.2,128280
2026-10-01,6229,研通,半導體,24.2,24.3,24.0,24.15,77201
2026-09-29,6230,尼得科超眾,電腦及週邊,113.0,115.5,111.5,111.5,39395
2026-09-30,6230,尼得科超眾,電腦及週邊,113.5,113.5,112.0,113.0,32198
2026-10-01,6230,尼得科超眾,電腦及週邊,111.0,111.0,110.0,111.0,37943
2026-09-29,6231,系微,資訊服務,236.0,244.5,232.5,241.0,621787
2026-09-30,6231,系微,資訊服務,240.5,243.0,234.5,235.0,424042
2026-10-01,6231,系微,資訊服務,235.0,240.0,235.0,237.0,189194
2026-09-29,6233,旺玖,半導體,21.45,21.8,21.45,21.8,114080
2026-09-30,6233,旺玖,半導體,21.8,22.9,21.8,22.8,314981
2026-10-01,6233,旺玖,半導體,23.8,24.5,23.3,23.55,515053
2026-09-29,6234,高僑,光電,37.85,40.1,37.85,38.9,1021653
2026-09-30,6234,高僑,光電,39.0,40.8,38.85,39.75,1424987
2026-10-01,6234,高僑,光電,39.9,40.75,39.25,39.55,1206439
2026-09-29,6235,華孚,電腦及週邊,38.6,39.4,38.55,38.85,229677
2026-09-30,6235,華孚,電腦及週邊,38.75,39.45,38.75,39.1,231475
2026-10-01,6235,華孚,電腦及週邊,38.9,39.2,38.8,39.15,205162
2026-09-29,6236,中湛,數位雲端,18.45,18.45,18.45,18.45,1000
2026-09-30,6236,中湛,數位雲端,19.05,19.05,18.5,18.5,2037
2026-10-01,6236,中湛,數位雲端,19.1,19.1,18.7,18.7,2000
2026-09-29,6237,驊訊,半導體,37.0,37.0,35.8,36.2,418115
2026-09-30,6237,驊訊,半導體,36.25,37.2,36.2,36.5,248130
2026-10-01,6237,驊訊,半導體,36.5,38.55,36.5,36.75,767912
2026-09-29,6239,力成,半導體,285.5,285.5,279.5,281.0,6785487
2026-09-30,6239,力成,半導體,285.0,295.5,284.5,289.5,14456581
2026-10-01,6239,力成,半導體,290.0,293.0,288.0,292.5,7278591
2026-09-29,6240,松崗,資訊服務,26.2,27.0,25.45,25.5,26407
2026-09-30,6240,松崗,資訊服務,25.5,26.45,25.45,25.55,33200
2026-10-01,6240,松崗,資訊服務,25.4,26.0,25.25,25.3,23147
2026-09-29,6241,鑫永洋,通信網路,15.0,16.65,15.0,15.55,58103
2026-09-30,6241,鑫永洋,通信網路,15.55,16.95,15.55,16.3,124847
2026-10-01,6241,鑫永洋,通信網路,16.0,16.45,16.0,16.15,38061
2026-09-29,6242,立康,生技醫療,34.1,34.1,34.1,34.1,1220
2026-09-30,6242,立康,生技醫療,34.5,34.5,34.05,34.05,6419
2026-09-29,6243,迅杰,半導體,39.5,39.85,38.9,39.0,362425
2026-09-30,6243,迅杰,半導體,39.2,39.75,39.05,39.5,400561
2026-10-01,6243,迅杰,半導體,39.5,41.55,39.5,40.55,943422
2026-09-29,6244,茂迪,光電,23.5,23.9,23.4,23.5,1830223
2026-09-30,6244,茂迪,光電,23.6,25.1,23.6,25.05,10341679
2026-10-01,6244,茂迪,光電,24.55,24.55,23.75,23.85,4450275
2026-09-29,6245,立端,通信網路,86.1,88.7,86.0,88.7,1247209
2026-09-30,6245,立端,通信網路,88.9,90.6,87.1,87.8,999902
2026-10-01,6245,立端,通信網路,88.3,88.3,87.3,88.3,447122
2026-09-29,6246,臺龍,光電,12.85,12.9,12.85,12.9,12172
2026-09-30,6246,臺龍,光電,13.2,13.2,12.85,12.85,26030
2026-10-01,6246,臺龍,光電,12.9,12.9,12.6,12.7,13036
2026-09-29,6248,沛波,鋼鐵工業,16.8,16.9,16.75,16.85,47960
2026-09-30,6248,沛波,鋼鐵工業,17.0,17.15,17.0,17.15,86844
2026-10-01,6248,沛波,鋼鐵工業,17.35,17.35,17.2,17.25,75101
2026-09-29,6257,矽格,半導體,239.5,241.5,235.0,236.5,6304390
2026-09-30,6257,矽格,半導體,239.0,260.0,238.5,254.0,21848796
2026-10-01,6257,矽格,半導體,251.0,259.0,249.0,256.5,10058604
2026-09-29,6259,百徽,電子零組件,29.15,29.45,29.0,29.3,74829
2026-09-30,6259,百徽,電子零組件,29.6,30.35,29.3,30.25,185192
2026-10-01,6259,百徽,電子零組件,30.5,32.6,30.25,31.8,821797
2026-09-29,6261,久元,半導體,78.8,79.1,77.9,78.4,241486
2026-09-30,6261,久元,半導體,78.6,79.9,78.1,79.1,362188
2026-10-01,6261,久元,半導體,79.8,79.8,78.5,79.1,357691
2026-09-29,6263,普萊德,通信網路,157.0,157.0,155.5,155.5,60720
2026-09-30,6263,普萊德,通信網路,157.5,159.0,157.5,158.5,88483
2026-10-01,6263,普萊德,通信網路,158.0,164.0,157.0,164.0,164239
2026-09-29,6264,富裔,建材營造,5.97,6.01,5.97,6.01,82587
2026-09-30,6264,富裔,建材營造,6.01,6.04,5.97,6.03,35100
2026-10-01,6264,富裔,建材營造,6.06,6.06,6.0,6.03,12091
2026-09-29,6265,方土昶,電子通路,48.25,48.25,47.25,47.8,838840
2026-09-30,6265,方土昶,電子通路,48.35,48.95,48.2,48.65,908160
2026-10-01,6265,方土昶,電子通路,48.7,50.9,48.4,49.25,3073675
2026-09-29,6266,泰詠,電子零組件,24.75,24.9,24.75,24.85,63429
2026-09-30,6266,泰詠,電子零組件,25.0,25.0,24.85,25.0,154435
2026-10-01,6266,泰詠,電子零組件,24.9,25.0,24.9,24.95,73593
2026-09-29,6269,台郡,電子零組件,64.8,65.4,64.3,64.9,1825258
2026-09-30,6269,台郡,電子零組件,65.4,66.9,65.1,66.0,4586762
2026-10-01,6269,台郡,電子零組件,66.5,66.5,64.5,65.0,2357712
2026-09-29,6270,倍微,電子通路,29.7,30.9,29.7,30.25,425214
2026-09-30,6270,倍微,電子通路,30.2,30.4,30.0,30.0,165690
2026-10-01,6270,倍微,電子通路,30.1,31.15,29.95,30.55,339970
2026-09-29,6271,同欣電,半導體,227.0,229.5,226.0,227.0,1230881
2026-09-30,6271,同欣電,半導體,228.0,231.5,226.5,226.5,2695749
2026-10-01,6271,同欣電,半導體,226.0,232.0,225.5,230.5,2948143
2026-09-29,6272,驊陞,電子零組件,25.45,25.45,25.0,25.4,140022
2026-09-30,6272,驊陞,電子零組件,25.55,26.2,25.55,25.6,123853
2026-10-01,6272,驊陞,電子零組件,25.65,25.65,25.05,25.2,178660
2026-09-29,6274,台燿,電子零組件,1495.0,1515.0,1465.0,1485.0,5928281
2026-09-30,6274,台燿,電子零組件,1500.0,1550.0,1485.0,1520.0,6268204
2026-10-01,6274,台燿,電子零組件,1530.0,1540.0,1500.0,1535.0,4682645
2026-09-29,6275,元山,電子零組件,46.0,47.45,46.0,46.55,253273
2026-09-30,6275,元山,電子零組件,47.35,47.45,46.9,47.15,220136
2026-10-01,6275,元山,電子零組件,47.4,47.85,47.25,47.45,230403
2026-09-29,6276,安鈦克,電腦及週邊,19.5,19.7,18.8,19.45,49174
2026-09-30,6276,安鈦克,電腦及週邊,19.0,19.35,19.0,19.3,11142
2026-10-01,6276,安鈦克,電腦及週邊,19.6,19.65,19.5,19.65,10105
2026-09-29,6277,宏正,電腦及週邊,77.4,78.5,76.6,76.7,132823
2026-09-30,6277,宏正,電腦及週邊,76.3,77.4,76.3,77.0,109764
2026-10-01,6277,宏正,電腦及週邊,76.4,77.9,76.4,77.7,157780
2026-09-29,6278,台表科,光電,209.0,221.5,209.0,216.0,11298020
2026-09-30,6278,台表科,光電,220.0,223.0,214.0,218.0,8876929
2026-10-01,6278,台表科,光電,218.0,219.5,214.0,216.5,4156845
2026-09-29,6279,胡連,電子零組件,111.5,112.0,111.0,111.5,219867
2026-09-30,6279,胡連,電子零組件,113.0,113.0,111.0,112.5,335441
2026-10-01,6279,胡連,電子零組件,112.5,113.0,111.5,113.0,210814
2026-09-29,6281,全國電,電子通路,51.0,51.2,50.8,51.2,48633
2026-09-30,6281,全國電,電子通路,50.9,51.0,50.8,51.0,39683
2026-10-01,6281,全國電,電子通路,51.0,51.1,50.6,51.1,41841
2026-09-29,6282,康舒,電子零組件,42.75,43.35,42.55,42.8,2561775
2026-09-30,6282,康舒,電子零組件,43.9,44.7,43.35,43.7,7065343
2026-10-01,6282,康舒,電子零組件,43.5,43.7,43.2,43.3,3597560
2026-09-29,6283,淳安,其他電子,18.85,19.25,18.8,18.8,60120
2026-09-30,6283,淳安,其他電子,19.0,20.0,19.0,19.5,121498
2026-10-01,6283,淳安,其他電子,19.5,19.55,19.15,19.3,45310
2026-09-29,6284,佳邦,電子零組件,73.3,77.4,73.1,77.0,743290
2026-09-30,6284,佳邦,電子零組件,78.2,78.6,75.6,75.6,1469826
2026-10-01,6284,佳邦,電子零組件,76.0,82.0,76.0,80.3,3208473
2026-09-29,6285,啟碁,通信網路,238.5,238.5,232.0,232.5,2760613
2026-09-30,6285,啟碁,通信網路,235.5,238.0,235.0,236.0,2235971
2026-10-01,6285,啟碁,通信網路,235.0,236.5,233.0,235.5,1866928
2026-09-29,6290,良維,電子零組件,272.5,274.0,267.0,269.5,1659159
2026-09-30,6290,良維,電子零組件,272.0,283.5,270.0,280.0,3400356
2026-10-01,6290,良維,電子零組件,280.0,281.5,276.0,277.5,1818445
2026-09-29,6291,沛亨,半導體,484.0,501.0,481.0,499.0,744982
2026-09-30,6291,沛亨,半導體,504.0,510.0,494.0,500.0,933333
2026-10-01,6291,沛亨,半導體,501.0,507.0,489.0,489.0,588221
2026-09-29,6292,迅德,電子零組件,66.9,67.5,66.0,66.8,176389
2026-09-30,6292,迅德,電子零組件,67.0,67.3,66.2,66.6,172979
2026-10-01,6292,迅德,電子零組件,66.7,68.2,66.7,67.2,350389
2026-09-29,6294,智基,文化創意,28.35,28.35,28.25,28.25,10038
2026-09-30,6294,智基,文化創意,29.0,29.0,28.25,28.25,27894
2026-10-01,6294,智基,文化創意,28.25,28.25,28.1,28.15,5606
2026-09-29,6405,悅城,光電,41.1,45.55,40.95,45.55,1486305
2026-09-30,6405,悅城,光電,50.1,50.1,50.1,50.1,470287
2026-10-01,6405,悅城,光電,45.1,45.1,45.1,45.1,1637248
2026-09-29,6409,旭隼,其他電子,877.0,894.0,872.0,877.0,225342
2026-09-30,6409,旭隼,其他電子,888.0,915.0,877.0,907.0,261917
2026-10-01,6409,旭隼,其他電子,907.0,907.0,889.0,891.0,175120
2026-09-29,6411,晶焱,半導體,77.9,78.5,77.4,77.5,175743
2026-09-30,6411,晶焱,半導體,78.2,78.3,77.4,77.6,197651
2026-10-01,6411,晶焱,半導體,77.9,78.7,77.9,78.4,155122
2026-09-29,6412,群電,電子零組件,74.3,75.2,73.8,74.1,437674
2026-09-30,6412,群電,電子零組件,74.7,74.9,74.4,74.8,298725
2026-10-01,6412,群電,電子零組件,74.7,75.6,74.3,74.6,551443
2026-09-29,6414,樺漢,電腦及週邊,380.5,409.5,377.5,398.0,3643742
2026-09-30,6414,樺漢,電腦及週邊,400.0,410.0,392.0,392.0,2337611
2026-10-01,6414,樺漢,電腦及週邊,392.5,405.0,388.0,402.5,1615318
2026-09-29,6415,矽力*-KY,半導體,416.0,417.0,408.5,409.0,3215719
2026-09-30,6415,矽力*-KY,半導體,414.0,416.0,408.5,409.0,1878392
2026-10-01,6415,矽力*-KY,半導體,410.5,413.5,406.5,413.0,1082903
2026-09-29,6416,瑞祺電通,通信網路,116.0,118.0,115.0,116.0,276356
2026-09-30,6416,瑞祺電通,通信網路,117.0,117.0,113.5,114.5,596099
2026-10-01,6416,瑞祺電通,通信網路,116.0,121.0,115.5,120.5,1336888
2026-09-29,6417,韋僑,通信網路,102.5,102.5,101.0,102.0,25000
2026-09-30,6417,韋僑,通信網路,102.5,103.5,102.0,102.0,68266
2026-10-01,6417,韋僑,通信網路,102.0,102.5,101.0,102.0,73057
2026-09-29,6418,詠昇,電子零組件,35.05,35.05,34.35,34.6,23333
2026-09-30,6418,詠昇,電子零組件,34.5,35.2,34.5,34.65,81834
2026-10-01,6418,詠昇,電子零組件,34.0,34.6,33.9,34.55,112865
2026-09-29,6419,京晨科,光電,151.5,155.0,151.0,152.0,123283
2026-09-30,6419,京晨科,光電,155.0,158.5,153.0,156.0,273551
2026-10-01,6419,京晨科,光電,156.0,156.0,153.0,155.0,68836
2026-09-29,6423,億而得,半導體,88.0,88.0,85.7,85.9,23050
2026-09-30,6423,億而得,半導體,86.3,86.3,84.6,85.9,29356
2026-10-01,6423,億而得,半導體,89.3,94.4,89.1,94.4,349134
2026-09-29,6425,易發,電機機械,70.1,74.5,69.9,74.0,1070654
2026-09-30,6425,易發,電機機械,74.2,79.8,74.2,79.0,4399645
2026-10-01,6425,易發,電機機械,80.0,84.3,78.4,81.3,5313911
2026-09-29,6426,統新,通信網路,381.5,388.5,350.5,354.0,3408026
2026-09-30,6426,統新,通信網路,351.5,360.5,342.0,345.0,2470102
2026-10-01,6426,統新,通信網路,343.0,345.5,330.0,339.5,2159773
2026-09-29,6431,光麗-KY,生技醫療,17.2,17.55,17.0,17.55,40001
2026-09-30,6431,光麗-KY,生技醫療,17.55,17.95,17.05,17.6,49379
2026-10-01,6431,光麗-KY,生技醫療,17.5,17.65,16.9,17.6,91812
2026-09-29,6432,今展科,電子零組件,59.1,61.0,59.1,59.5,190730
2026-09-30,6432,今展科,電子零組件,60.3,65.1,59.8,63.5,1297178
2026-10-01,6432,今展科,電子零組件,62.8,69.8,62.5,69.8,3165223
2026-09-29,6435,大中,半導體,250.5,256.0,250.5,252.5,312847
2026-09-30,6435,大中,半導體,255.5,259.0,252.0,252.0,297849
2026-10-01,6435,大中,半導體,253.0,262.0,253.0,262.0,701140
2026-09-29,6438,迅得,其他電子,157.0,164.0,156.0,162.0,1008689
2026-09-30,6438,迅得,其他電子,162.0,170.0,162.0,164.0,1457858
2026-10-01,6438,迅得,其他電子,165.0,167.0,163.5,164.5,714358
2026-09-29,6441,廣錠,電腦及週邊,25.35,25.5,24.7,24.75,199252
2026-09-30,6441,廣錠,電腦及週邊,24.8,25.3,24.55,24.7,120443
2026-10-01,6441,廣錠,電腦及週邊,24.85,24.95,24.6,24.9,75729
2026-09-29,6442,光聖,通信網路,1530.0,1545.0,1490.0,1500.0,850892
2026-09-30,6442,光聖,通信網路,1525.0,1540.0,1480.0,1490.0,1329824
2026-10-01,6442,光聖,通信網路,1500.0,1515.0,1465.0,1480.0,1019944
2026-09-29,6443,元晶,光電,27.4,27.9,27.2,27.5,3356314
2026-09-30,6443,元晶,光電,27.65,29.55,27.65,28.75,13159959
2026-10-01,6443,元晶,光電,28.7,28.75,27.8,27.9,4764648
2026-09-29,6446,藥華藥,生技醫療,1160.0,1200.0,1160.0,1195.0,2230766
2026-09-30,6446,藥華藥,生技醫療,1210.0,1240.0,1200.0,1215.0,1685359
2026-10-01,6446,藥華藥,生技醫療,1235.0,1240.0,1165.0,1170.0,2506975
2026-09-29,6449,鈺邦,電子零組件,211.0,211.0,205.0,205.5,510332
2026-09-30,6449,鈺邦,電子零組件,208.5,216.0,208.0,209.5,802853
2026-10-01,6449,鈺邦,電子零組件,211.5,230.0,211.5,230.0,2592335
2026-09-29,6451,訊芯-KY,半導體,410.0,422.5,408.5,416.5,822428
2026-09-30,6451,訊芯-KY,半導體,427.5,427.5,414.5,420.5,1219243
2026-10-01,6451,訊芯-KY,半導體,422.0,422.5,412.5,413.0,858989
2026-09-29,6456,GIS-KY,光電,85.0,89.4,84.1,89.4,18926798
2026-09-30,6456,GIS-KY,光電,91.5,95.7,89.5,92.0,63213414
2026-10-01,6456,GIS-KY,光電,91.9,92.0,86.1,87.9,20200523
2026-09-29,6461,益得,生技醫療,24.0,24.4,23.8,24.3,44994
2026-09-30,6461,益得,生技醫療,24.0,24.5,24.0,24.45,64091
2026-10-01,6461,益得,生技醫療,24.2,24.4,23.75,24.05,79228
2026-09-29,6462,神盾,半導體,99.7,104.0,99.7,103.0,1131743
2026-09-30,6462,神盾,半導體,105.5,106.5,102.5,106.0,1054051
2026-10-01,6462,神盾,半導體,106.0,110.5,106.0,107.0,1738326
2026-09-29,6464,台數科,其他,76.5,76.5,75.8,75.8,19400
2026-09-30,6464,台數科,其他,76.3,77.1,76.3,76.8,17923
2026-10-01,6464,台數科,其他,76.8,77.0,76.8,77.0,10970
2026-09-29,6465,威潤,通信網路,42.75,42.75,41.0,41.45,61171
2026-09-30,6465,威潤,通信網路,41.15,41.8,40.3,41.75,60129
2026-10-01,6465,威潤,通信網路,42.3,42.3,41.3,41.6,49266
2026-09-29,6469,大樹,生技醫療,64.2,64.9,64.2,64.5,260189
2026-09-30,6469,大樹,生技醫療,64.5,64.7,64.3,64.4,236602
2026-10-01,6469,大樹,生技醫療,64.5,64.6,64.1,64.4,148409
2026-09-29,6470,宇智,通信網路,42.35,42.85,42.35,42.7,11221
2026-09-30,6470,宇智,通信網路,42.35,42.7,42.0,42.7,32896
2026-10-01,6470,宇智,通信網路,42.65,42.7,42.45,42.7,13902
2026-09-29,6472,保瑞,生技醫療,425.5,428.5,422.0,422.5,277944
2026-09-30,6472,保瑞,生技醫療,425.0,427.0,422.5,424.0,280635
2026-10-01,6472,保瑞,生技醫療,436.0,445.5,426.5,429.5,737615
2026-09-29,6474,華豫寧,電子通路,35.55,35.6,35.5,35.5,10611
2026-09-30,6474,華豫寧,電子通路,35.5,35.7,35.5,35.7,16375
2026-10-01,6474,華豫寧,電子通路,35.85,35.85,35.0,35.45,87200
2026-09-29,6477,安集,光電,34.0,34.35,34.0,34.1,230701
2026-09-30,6477,安集,光電,34.5,35.85,34.3,35.6,2304661
2026-10-01,6477,安集,光電,35.65,35.65,34.7,34.8,643318
2026-09-29,6482,弘煜科,文化創意,23.35,23.35,23.35,23.35,3047
2026-09-30,6482,弘煜科,文化創意,23.4,23.5,23.4,23.5,4120
2026-10-01,6482,弘煜科,文化創意,23.2,23.65,22.9,23.65,8846
2026-09-29,6485,點序,半導體,68.0,70.3,67.7,70.0,269806
2026-09-30,6485,點序,半導體,70.6,77.0,70.6,77.0,2164988
2026-10-01,6485,點序,半導體,80.7,84.7,77.5,84.7,3565659
2026-09-29,6486,互動,通信網路,80.6,81.0,80.6,80.6,42733
2026-09-30,6486,互動,通信網路,80.8,80.9,80.6,80.6,43831
2026-10-01,6486,互動,通信網路,80.7,82.1,80.7,81.3,56618
2026-09-29,6488,環球晶,半導體,940.0,964.0,930.0,945.0,9157413
2026-09-30,6488,環球晶,半導體,966.0,1035.0,953.0,1035.0,18827804
2026-10-01,6488,環球晶,半導體,1055.0,1135.0,1045.0,1085.0,24330441
2026-09-29,6491,晶碩,生技醫療,402.0,406.0,399.5,406.0,213667
2026-09-30,6491,晶碩,生技醫療,412.0,418.0,407.5,413.0,445515
2026-10-01,6491,晶碩,生技醫療,413.0,421.5,409.0,421.5,654214
2026-09-29,6492,生華科,生技醫療,33.9,34.25,33.75,34.15,70098
2026-09-30,6492,生華科,生技醫療,34.35,34.4,34.05,34.35,194495
2026-10-01,6492,生華科,生技醫療,34.25,34.95,34.1,34.6,145359
2026-09-29,6494,九齊,半導體,50.5,52.0,50.5,50.8,94209
2026-09-30,6494,九齊,半導體,51.0,51.8,51.0,51.8,68427
2026-10-01,6494,九齊,半導體,52.4,53.2,52.0,52.4,106836
2026-09-30,6496,科懋,生技醫療,23.4,23.85,23.05,23.65,159911
2026-10-01,6496,科懋,生技醫療,23.3,23.95,23.3,23.8,12459
2026-09-29,6498,久禾光,光電,66.2,67.5,66.1,67.5,58348
2026-09-30,6498,久禾光,光電,67.8,67.8,66.3,66.8,79544
2026-10-01,6498,久禾光,光電,67.5,68.5,66.6,68.3,91342
2026-09-29,6499,益安,生技醫療,73.2,74.5,72.5,74.5,143321
2026-09-30,6499,益安,生技醫療,73.9,78.0,73.9,77.7,492781
2026-10-01,6499,益安,生技醫療,77.2,82.0,77.1,79.1,723074
2026-09-29,6504,南六,其他,37.5,37.5,37.0,37.2,3094
2026-09-30,6504,南六,其他,36.85,37.3,36.6,36.95,31050
2026-10-01,6504,南六,其他,37.3,37.3,37.05,37.2,16155
2026-09-29,6505,台塑化,油電燃氣,90.0,95.5,89.9,94.3,40587920
2026-09-30,6505,台塑化,油電燃氣,94.0,98.6,93.0,97.3,37924444
2026-10-01,6505,台塑化,油電燃氣,97.5,98.7,92.8,94.2,27316952
2026-09-29,6506,雙邦,紡織纖維,18.3,18.5,18.3,18.5,34235
2026-09-30,6506,雙邦,紡織纖維,18.4,18.6,18.4,18.6,52190
2026-10-01,6506,雙邦,紡織纖維,18.6,18.65,18.45,18.55,32767
2026-09-29,6508,惠光,農業科技,27.0,27.5,26.95,27.0,25565
2026-09-30,6508,惠光,農業科技,27.1,27.45,26.95,26.95,30964
2026-10-01,6508,惠光,農業科技,26.7,27.0,26.65,27.0,20118
2026-09-29,6509,聚和,化學工業,47.6,48.4,47.6,48.15,836997
2026-09-30,6509,聚和,化學工業,48.5,50.1,48.3,49.1,1818153
2026-10-01,6509,聚和,化學工業,49.3,49.3,48.25,48.8,657264
2026-09-29,6510,精測,半導體,3245.0,3285.0,3055.0,3140.0,768556
2026-09-30,6510,精測,半導體,3170.0,3240.0,3065.0,3065.0,1036485
2026-10-01,6510,精測,半導體,3065.0,3155.0,2960.0,3000.0,1063100
2026-09-29,6512,啟發電,其他電子,20.25,20.25,20.25,20.25,1709
2026-09-30,6512,啟發電,其他電子,20.1,20.25,20.1,20.25,4702
2026-10-01,6512,啟發電,其他電子,20.3,20.3,20.25,20.25,6559
2026-09-29,6515,穎崴,半導體,5720.0,5765.0,5650.0,5675.0,384513
2026-09-30,6515,穎崴,半導體,5690.0,5985.0,5655.0,5930.0,478498
2026-10-01,6515,穎崴,半導體,6025.0,6060.0,5755.0,5770.0,436839
2026-09-29,6516,勤崴國際,資訊服務,57.5,57.5,56.2,56.2,41429
2026-09-30,6516,勤崴國際,資訊服務,57.5,57.5,56.2,56.5,31124
2026-10-01,6516,勤崴國際,資訊服務,56.5,56.5,55.9,56.5,26397
2026-09-29,6517,保勝光學,光電,63.7,63.7,62.1,62.8,131707
2026-09-30,6517,保勝光學,光電,63.2,63.6,63.1,63.6,90816
2026-10-01,6517,保勝光學,光電,64.1,64.1,63.1,63.5,89960
2026-09-29,6523,達爾膚,生技醫療,89.8,91.0,89.8,90.4,37457
2026-09-30,6523,達爾膚,生技醫療,91.0,93.0,90.6,91.0,112974
2026-10-01,6523,達爾膚,生技醫療,89.0,89.6,89.0,89.5,24418
2026-09-29,6525,捷敏-KY,半導體,133.5,137.5,132.5,133.5,552653
2026-09-30,6525,捷敏-KY,半導體,135.5,136.5,134.0,135.5,477358
2026-10-01,6525,捷敏-KY,半導體,135.5,138.5,135.0,136.5,738981
2026-09-29,6526,達發,半導體,825.0,833.0,800.0,814.0,1776119
2026-09-30,6526,達發,半導體,830.0,855.0,819.0,840.0,987850
2026-10-01,6526,達發,半導體,834.0,843.0,818.0,829.0,621003
2026-09-29,6527,明達醫,生技醫療,75.0,75.0,74.5,75.0,10206
2026-09-30,6527,明達醫,生技醫療,73.1,75.0,73.1,75.0,37018
2026-10-01,6527,明達醫,生技醫療,75.0,75.0,74.1,75.0,28010
2026-09-29,6530,創威,通信網路,99.0,100.5,98.8,99.5,1020778
2026-09-30,6530,創威,通信網路,100.0,105.0,100.0,104.5,3590722
2026-10-01,6530,創威,通信網路,104.5,104.5,100.5,102.0,1721652
2026-09-29,6531,愛普*,半導體,980.0,980.0,916.0,929.0,4705817
2026-09-30,6531,愛普*,半導體,943.0,964.0,924.0,927.0,2135333
2026-10-01,6531,愛普*,半導體,931.0,937.0,914.0,933.0,1859447
2026-09-29,6532,瑞耘,半導體,99.8,108.0,99.6,108.0,2259490
2026-09-30,6532,瑞耘,半導體,114.0,118.5,114.0,118.5,1529140
2026-10-01,6532,瑞耘,半導體,121.0,127.0,115.5,122.5,5888125
2026-09-29,6533,晶心科,半導體,272.5,303.5,268.0,303.5,11054299
2026-09-30,6533,晶心科,半導體,316.0,333.5,301.0,333.5,9824741
2026-10-01,6533,晶心科,半導體,346.0,366.5,337.0,366.5,16660559
2026-09-29,6534,正瀚-創,生技醫療,90.5,90.5,89.8,89.8,13284
2026-09-30,6534,正瀚-創,生技醫療,89.9,91.2,89.8,90.6,23100
2026-10-01,6534,正瀚-創,生技醫療,91.4,91.4,90.1,90.8,13448
2026-09-29,6535,順藥,生技醫療,80.4,82.7,78.9,80.7,199899
2026-09-30,6535,順藥,生技醫療,80.7,82.9,80.7,82.2,247467
2026-10-01,6535,順藥,生技醫療,83.6,83.6,80.6,80.9,203358
2026-09-29,6538,倉和,電子零組件,400.0,417.0,358.5,358.5,3618320
2026-09-30,6538,倉和,電子零組件,360.5,374.5,355.0,356.0,2131168
2026-10-01,6538,倉和,電子零組件,356.0,370.0,351.0,369.5,1611810
2026-09-29,6541,泰福-KY,生技醫療,30.15,30.55,29.95,29.95,711417
2026-09-30,6541,泰福-KY,生技醫療,30.35,31.45,30.35,31.1,434509
2026-10-01,6541,泰福-KY,生技醫療,31.5,31.5,30.1,30.25,385265
2026-09-30,6542,隆中,文化創意,40.25,40.5,40.25,40.5,8056
2026-10-01,6542,隆中,文化創意,40.25,40.25,39.9,39.9,4218
2026-09-29,6546,正基,通信網路,58.6,59.3,57.0,58.6,378214
2026-09-30,6546,正基,通信網路,59.5,60.1,59.2,59.4,220394
2026-10-01,6546,正基,通信網路,60.0,60.4,59.4,59.7,162512
2026-09-29,6547,高端疫苗,生技醫療,60.9,61.8,60.5,60.9,2855198
2026-09-30,6547,高端疫苗,生技醫療,61.0,63.4,60.8,62.4,3731198
2026-10-01,6547,高端疫苗,生技醫療,62.4,62.7,61.3,62.6,3079579
2026-09-29,6548,長科*,半導體,71.2,72.4,71.1,71.8,871993
2026-09-30,6548,長科*,半導體,72.2,73.5,72.1,72.2,1011757
2026-10-01,6548,長科*,半導體,72.7,74.0,70.4,71.5,3840024
2026-09-29,6550,北極星藥業-KY,生技醫療,18.25,18.35,17.2,17.4,1596103
2026-09-30,6550,北極星藥業-KY,生技醫療,17.25,17.95,16.9,17.85,1576465
2026-10-01,6550,北極星藥業-KY,生技醫療,17.8,17.8,17.4,17.5,512868
2026-09-29,6552,易華電,半導體,24.85,25.1,24.65,24.8,59443
2026-09-30,6552,易華電,半導體,24.95,25.3,24.95,25.0,60143
2026-10-01,6552,易華電,半導體,25.1,25.15,24.9,25.1,27778
2026-09-29,6556,勝品,光電,61.5,61.9,61.5,61.9,5180
2026-09-30,6556,勝品,光電,62.0,62.1,62.0,62.1,4000
2026-10-01,6556,勝品,光電,60.7,62.1,60.7,61.6,7070
2026-09-29,6558,興能高,其他電子,24.7,25.65,24.7,25.4,761437
2026-09-30,6558,興能高,其他電子,25.45,25.65,25.0,25.0,353873
2026-10-01,6558,興能高,其他電子,25.0,25.45,25.0,25.35,139942
2026-09-29,6560,欣普羅,光電,32.7,32.7,32.2,32.4,22366
2026-09-30,6560,欣普羅,光電,32.45,32.45,32.1,32.2,20031
2026-10-01,6560,欣普羅,光電,32.3,32.8,32.3,32.6,28899
2026-09-29,6561,是方,通信網路,306.5,308.5,305.0,308.5,131867
2026-09-30,6561,是方,通信網路,309.0,309.5,306.5,307.0,101983
2026-10-01,6561,是方,通信網路,308.5,310.5,307.5,310.5,54501
2026-09-29,6568,宏觀,半導體,142.5,145.0,141.5,144.0,136172
2026-09-30,6568,宏觀,半導體,146.5,150.0,142.5,142.5,211357
2026-10-01,6568,宏觀,半導體,141.5,142.0,140.0,140.0,55051
2026-09-29,6569,醫揚,生技醫療,92.0,93.0,91.6,92.0,36407
2026-09-30,6569,醫揚,生技醫療,92.1,92.2,91.6,92.2,14952
2026-10-01,6569,醫揚,生技醫療,91.2,91.6,91.2,91.3,9470
2026-09-29,6570,維田,電腦及週邊,46.65,49.9,46.65,47.75,118723
2026-09-30,6570,維田,電腦及週邊,47.85,47.85,47.15,47.55,98216
2026-10-01,6570,維田,電腦及週邊,47.55,47.65,47.2,47.55,149760
2026-09-29,6573,虹揚-KY,半導體,15.9,15.9,15.75,15.9,77020
2026-09-30,6573,虹揚-KY,半導體,15.85,16.45,15.85,16.45,186907
2026-10-01,6573,虹揚-KY,半導體,16.4,16.4,16.2,16.3,77678
2026-09-29,6574,霈方,生技醫療,117.5,119.5,116.5,119.5,22489
2026-09-30,6574,霈方,生技醫療,118.5,119.0,118.0,118.5,29151
2026-10-01,6574,霈方,生技醫療,118.5,118.5,117.5,118.5,10965
2026-09-29,6576,逸達,生技醫療,80.2,80.3,79.2,79.7,118031
2026-09-30,6576,逸達,生技醫療,79.5,79.6,79.3,79.5,57172
2026-10-01,6576,逸達,生技醫療,79.3,80.0,79.0,79.1,101765
2026-09-29,6577,勁豐,電腦及週邊,80.0,80.2,79.4,79.4,15783
2026-09-30,6577,勁豐,電腦及週邊,79.4,80.0,79.3,80.0,27801
2026-10-01,6577,勁豐,電腦及週邊,79.7,80.9,79.6,80.5,50651
2026-09-29,6578,達邦蛋白,農業科技,16.8,16.8,16.55,16.55,18601
2026-09-30,6578,達邦蛋白,農業科技,16.4,16.5,16.3,16.45,48702
2026-10-01,6578,達邦蛋白,農業科技,16.5,16.55,16.5,16.5,9097
2026-09-29,6579,研揚,電腦及週邊,153.5,160.5,153.0,157.5,667432
2026-09-30,6579,研揚,電腦及週邊,159.0,161.5,158.0,159.0,457961
2026-10-01,6579,研揚,電腦及週邊,160.0,160.5,157.5,160.5,225157
2026-09-29,6581,鋼聯,綠能環保,108.0,108.5,108.0,108.0,11296
2026-09-30,6581,鋼聯,綠能環保,108.0,108.5,108.0,108.5,11265
2026-10-01,6581,鋼聯,綠能環保,108.0,109.0,108.0,108.0,14133
2026-09-29,6582,申豐,橡膠工業,31.05,31.1,30.8,30.8,74462
2026-09-30,6582,申豐,橡膠工業,30.85,31.2,30.85,31.1,24323
2026-10-01,6582,申豐,橡膠工業,31.2,31.3,31.1,31.3,8739
2026-09-29,6584,南俊國際,電子零組件,546.0,546.0,536.0,543.0,565703
2026-09-30,6584,南俊國際,電子零組件,545.0,549.0,540.0,540.0,176355
2026-10-01,6584,南俊國際,電子零組件,540.0,542.0,529.0,531.0,287527
2026-09-29,6585,鼎基,其他,104.5,105.0,103.0,103.5,79882
2026-09-30,6585,鼎基,其他,104.0,104.0,103.0,104.0,132610
2026-10-01,6585,鼎基,其他,104.0,104.0,102.0,102.5,134485
2026-09-29,6588,東典光電,通信網路,110.0,112.0,107.0,107.5,718035
2026-09-30,6588,東典光電,通信網路,109.5,113.5,108.0,108.0,1081663
2026-10-01,6588,東典光電,通信網路,109.0,112.0,108.0,110.0,1016300
2026-09-29,6589,台康生技,生技醫療,51.5,51.8,51.0,51.6,355887
2026-09-30,6589,台康生技,生技醫療,51.4,54.0,51.4,53.4,951463
2026-10-01,6589,台康生技,生技醫療,53.3,53.5,52.1,52.4,554109
2026-09-29,6590,普鴻,資訊服務,66.9,66.9,65.8,66.2,13319
2026-09-30,6590,普鴻,資訊服務,66.2,66.3,65.9,65.9,25586
2026-10-01,6590,普鴻,資訊服務,65.7,65.7,65.1,65.1,16124
2026-09-29,6591,動力-KY,電腦及週邊,44.1,44.2,43.2,43.2,64009
2026-09-30,6591,動力-KY,電腦及週邊,42.85,43.75,42.5,42.85,109515
2026-10-01,6591,動力-KY,電腦及週邊,42.9,43.6,42.65,43.1,57174
2026-09-29,6592,和潤企業,其他,57.4,57.6,56.9,56.9,740809
2026-09-30,6592,和潤企業,其他,57.0,57.2,56.8,56.9,475961
2026-10-01,6592,和潤企業,其他,56.9,57.1,56.6,57.0,704165
2026-09-29,6593,台灣銘板,資訊服務,32.05,32.4,32.05,32.25,23076
2026-09-30,6593,台灣銘板,資訊服務,32.1,32.25,31.7,32.25,13945
2026-10-01,6593,台灣銘板,資訊服務,31.85,32.35,31.7,32.3,20726
2026-09-29,6596,寬宏藝術,文化創意,96.8,97.2,96.7,96.9,61642
2026-09-30,6596,寬宏藝術,文化創意,97.8,97.8,97.0,97.3,91395
2026-10-01,6596,寬宏藝術,文化創意,97.4,97.4,96.7,97.2,56828
2026-09-29,6597,立誠,電子零組件,68.6,68.6,68.5,68.5,2367
2026-09-30,6597,立誠,電子零組件,65.6,68.7,65.6,68.7,6185
2026-10-01,6597,立誠,電子零組件,67.1,67.1,62.0,63.0,62043
2026-09-29,6598,ABC-KY,生技醫療,27.3,27.6,27.15,27.2,87846
2026-09-30,6598,ABC-KY,生技醫療,28.0,28.0,26.6,27.4,194798
2026-10-01,6598,ABC-KY,生技醫療,26.85,27.2,26.25,26.65,265199
2026-09-29,6603,富強鑫,電機機械,27.5,29.65,27.4,29.25,4594895
2026-09-30,6603,富強鑫,電機機械,30.0,30.7,28.6,28.8,6995035
2026-10-01,6603,富強鑫,電機機械,28.9,30.55,28.75,29.8,7484108
2026-09-29,6605,帝寶,汽車工業,139.0,139.0,137.0,138.0,177541
2026-09-30,6605,帝寶,汽車工業,139.5,139.5,136.5,137.5,156952
2026-10-01,6605,帝寶,汽車工業,138.0,139.5,136.5,139.0,276197
2026-09-29,6606,建德工業,電機機械,25.45,25.45,24.7,24.75,77626
2026-09-30,6606,建德工業,電機機械,25.4,25.4,24.6,24.8,64034
2026-10-01,6606,建德工業,電機機械,25.1,25.1,24.9,25.0,35000
2026-09-29,6609,瀧澤科,電機機械,39.65,39.8,39.3,39.6,61904
2026-09-30,6609,瀧澤科,電機機械,39.7,40.0,39.45,39.95,76268
2026-10-01,6609,瀧澤科,電機機械,40.35,40.35,39.55,39.55,62091
2026-09-29,6612,奈米醫材,生技醫療,70.3,71.9,70.3,71.8,18326
2026-09-30,6612,奈米醫材,生技醫療,72.0,72.5,71.8,72.5,39937
2026-10-01,6612,奈米醫材,生技醫療,71.9,77.2,71.9,77.0,126438
2026-09-29,6613,朋億*,其他電子,271.5,272.0,268.5,270.0,139038
2026-09-30,6613,朋億*,其他電子,272.0,276.5,272.0,274.0,216861
2026-10-01,6613,朋億*,其他電子,274.0,281.5,274.0,278.5,407802
2026-09-29,6614,資拓宏宇,數位雲端,35.5,35.5,35.1,35.15,37754
2026-09-30,6614,資拓宏宇,數位雲端,35.45,35.55,35.2,35.3,33278
2026-10-01,6614,資拓宏宇,數位雲端,35.2,35.3,35.2,35.3,8118
2026-09-29,6615,慧智,生技醫療,33.5,33.5,33.4,33.4,4356
2026-09-30,6615,慧智,生技醫療,33.4,33.5,33.4,33.5,4190
2026-10-01,6615,慧智,生技醫療,33.4,33.8,33.35,33.5,7668
2026-09-29,6616,特昇-KY,居家生活,8.19,8.32,7.91,8.23,55387
2026-09-30,6616,特昇-KY,居家生活,8.25,8.25,8.05,8.18,7237
2026-10-01,6616,特昇-KY,居家生活,8.18,8.27,8.08,8.26,14000
2026-09-29,6617,共信-KY,生技醫療,137.0,137.0,132.0,133.0,413288
2026-09-30,6617,共信-KY,生技醫療,135.0,142.0,135.0,138.5,697885
2026-10-01,6617,共信-KY,生技醫療,138.5,141.0,132.0,132.0,807612
2026-09-29,6620,漢達,生技醫療,125.0,136.0,123.5,136.0,2938857
2026-09-30,6620,漢達,生技醫療,137.5,145.0,133.0,141.0,7363820
2026-10-01,6620,漢達,生技醫療,145.5,154.5,140.5,144.5,9069534
2026-09-29,6624,萬年清,綠能環保,39.1,39.2,37.6,39.2,8150
2026-09-30,6624,萬年清,綠能環保,39.45,39.45,38.15,38.25,10016
2026-10-01,6624,萬年清,綠能環保,38.95,38.95,38.0,38.0,6065
2026-09-29,6625,必應,其他,74.0,74.0,73.6,73.9,115776
2026-09-30,6625,必應,其他,73.9,74.0,73.5,74.0,48873
2026-10-01,6625,必應,其他,73.7,74.1,73.7,74.0,57097
2026-09-29,6629,泰金-KY,居家生活,104.0,104.5,103.5,103.5,3620
2026-09-30,6629,泰金-KY,居家生活,102.5,103.5,102.5,103.5,5001
2026-10-01,6629,泰金-KY,居家生活,102.5,103.5,102.5,103.5,4061
2026-09-29,6637,醫影,生技醫療,54.1,54.1,54.0,54.1,8693
2026-09-30,6637,醫影,生技醫療,54.4,54.5,53.6,53.8,15715
2026-10-01,6637,醫影,生技醫療,53.7,53.9,53.5,53.9,27833
2026-09-29,6640,均華,半導體,1000.0,1070.0,995.0,1040.0,439890
2026-09-30,6640,均華,半導體,1065.0,1090.0,1030.0,1040.0,278977
2026-10-01,6640,均華,半導體,1075.0,1140.0,1075.0,1110.0,718766
2026-09-29,6641,基士德-KY,綠能環保,16.95,16.95,16.95,16.95,1000
2026-09-30,6641,基士德-KY,綠能環保,17.3,17.3,16.75,17.0,12014
2026-10-01,6641,基士德-KY,綠能環保,16.8,16.9,16.8,16.9,6000
2026-09-29,6642,富致,電子零組件,77.8,81.7,77.4,80.7,318211
2026-09-30,6642,富致,電子零組件,80.8,82.0,80.8,81.7,164212
2026-10-01,6642,富致,電子零組件,81.3,84.8,81.3,83.0,378609
2026-09-29,6643,M31,半導體,509.0,534.0,502.0,505.0,1615012
2026-09-30,6643,M31,半導體,506.0,555.0,500.0,555.0,2688596
2026-10-01,6643,M31,半導體,555.0,557.0,518.0,521.0,2238213
2026-09-29,6645,金萬林-創,生技醫療,12.5,12.9,12.0,12.5,53051
2026-09-30,6645,金萬林-創,生技醫療,12.95,12.95,12.75,12.85,12061
2026-10-01,6645,金萬林-創,生技醫療,12.7,12.75,12.6,12.75,8943
2026-09-29,6649,台生材,生技醫療,37.7,37.7,36.55,36.8,22154
2026-09-30,6649,台生材,生技醫療,36.5,36.5,36.45,36.5,3683
2026-10-01,6649,台生材,生技醫療,36.5,37.85,36.5,37.2,112062
2026-09-29,6651,全宇昕,半導體,149.5,152.5,148.0,150.5,158046
2026-09-30,6651,全宇昕,半導體,151.5,151.5,145.0,146.0,338515
2026-10-01,6651,全宇昕,半導體,147.0,148.0,146.0,147.5,79520
2026-09-29,6654,天正國際,其他電子,197.0,203.5,192.0,200.0,21352
2026-09-30,6654,天正國際,其他電子,206.5,217.5,203.0,216.0,84734
2026-10-01,6654,天正國際,其他電子,217.0,217.0,208.0,210.0,62278
2026-09-29,6655,科定,其他,124.5,124.5,124.5,124.5,3010
2026-09-30,6655,科定,其他,125.5,125.5,125.0,125.0,2404
2026-09-29,6657,華安,生技醫療,32.8,33.3,32.25,32.45,76576
2026-09-30,6657,華安,生技醫療,32.25,32.95,32.0,32.7,97680
2026-10-01,6657,華安,生技醫療,33.2,33.2,32.1,32.6,63107
2026-09-29,6658,聯策,其他電子,179.5,183.0,177.5,181.0,206713
2026-09-30,6658,聯策,其他電子,182.0,187.5,179.0,180.5,363469
2026-10-01,6658,聯策,其他電子,181.0,183.0,178.5,181.0,162459
2026-09-29,6661,威健生技,生技醫療,17.4,17.4,16.1,16.2,19011
2026-10-01,6662,樂斯科,生技醫療,28.0,28.5,28.0,28.5,4311
2026-09-29,6664,群翊,電子零組件,358.5,372.0,355.5,370.0,586252
2026-09-30,6664,群翊,電子零組件,373.5,387.0,370.5,376.0,839063
2026-10-01,6664,群翊,電子零組件,380.0,380.0,367.0,371.5,366499
2026-09-29,6666,羅麗芬-KY,生技醫療,45.25,45.95,45.05,45.65,20185
2026-09-30,6666,羅麗芬-KY,生技醫療,45.1,45.75,44.2,45.55,20511
2026-10-01,6666,羅麗芬-KY,生技醫療,45.95,45.95,45.95,45.95,1201
2026-09-29,6667,信紘科,其他電子,260.5,264.0,258.5,259.0,258719
2026-09-30,6667,信紘科,其他電子,261.0,263.5,259.5,262.0,253798
2026-10-01,6667,信紘科,其他電子,264.5,268.5,260.0,261.0,410745
2026-09-29,6668,中揚光,光電,47.0,49.45,46.85,47.65,1980484
2026-09-30,6668,中揚光,光電,47.95,48.55,46.9,47.05,1721346
2026-10-01,6668,中揚光,光電,47.05,48.45,46.5,47.1,2134337
2026-09-29,6669,緯穎,電腦及週邊,2105.0,2125.0,2085.0,2100.0,1642771
2026-09-30,6669,緯穎,電腦及週邊,2130.0,2145.0,2090.0,2090.0,1887580
2026-10-01,6669,緯穎,電腦及週邊,2095.0,2115.0,2095.0,2110.0,1259173
2026-09-29,6670,復盛應用,運動休閒,273.0,277.0,273.0,273.0,232821
2026-09-30,6670,復盛應用,運動休閒,273.5,274.0,271.0,272.0,181000
2026-10-01,6670,復盛應用,運動休閒,272.0,273.0,270.0,271.0,208364
2026-09-29,6671,三能-KY,居家生活,23.1,23.1,22.8,22.85,9000
2026-09-30,6671,三能-KY,居家生活,23.2,23.2,22.55,22.7,7143
2026-10-01,6671,三能-KY,居家生活,23.05,23.05,22.75,22.85,34000
2026-09-29,6672,騰輝電子-KY,電子零組件,330.5,335.5,321.0,335.5,8175142
2026-09-30,6672,騰輝電子-KY,電子零組件,337.5,369.0,335.5,369.0,8259557
2026-10-01,6672,騰輝電子-KY,電子零組件,376.5,405.5,369.5,405.5,18447532
2026-09-29,6674,鋐寶科技,通信網路,18.35,18.35,18.25,18.25,327304
2026-09-30,6674,鋐寶科技,通信網路,18.3,18.4,18.25,18.25,148899
2026-10-01,6674,鋐寶科技,通信網路,18.35,18.35,18.3,18.35,183356
2026-09-29,6679,鈺太,半導體,204.0,208.5,203.0,206.0,384802
2026-09-30,6679,鈺太,半導體,209.0,210.0,205.0,206.0,277320
2026-10-01,6679,鈺太,半導體,206.0,208.0,204.0,204.5,126491
2026-09-29,6680,鑫創電子,電腦及週邊,53.7,53.7,51.0,51.3,8281
2026-09-30,6680,鑫創電子,電腦及週邊,51.0,51.9,51.0,51.9,3821
2026-10-01,6680,鑫創電子,電腦及週邊,51.0,51.6,51.0,51.5,12241
2026-09-29,6683,雍智科技,半導體,1515.0,1540.0,1450.0,1475.0,770430
2026-09-30,6683,雍智科技,半導體,1495.0,1605.0,1490.0,1590.0,1228077
2026-10-01,6683,雍智科技,半導體,1600.0,1640.0,1550.0,1575.0,1039273
2026-09-29,6684,安格,半導體,48.2,51.2,48.2,50.9,194282
2026-09-30,6684,安格,半導體,50.7,51.1,50.1,50.2,96846
2026-10-01,6684,安格,半導體,50.6,51.9,50.1,50.1,114823
2026-09-29,6689,伊雲谷,數位雲端,63.9,64.8,63.9,64.4,131757
2026-09-30,6689,伊雲谷,數位雲端,65.0,65.2,64.2,64.8,188502
2026-10-01,6689,伊雲谷,數位雲端,65.0,65.1,64.1,64.2,142347
2026-09-29,6690,安碁資訊,數位雲端,181.0,181.0,176.5,177.5,118963
2026-09-30,6690,安碁資訊,數位雲端,178.0,179.5,175.0,177.0,186684
2026-10-01,6690,安碁資訊,數位雲端,177.0,177.5,175.0,177.0,105308
2026-09-29,6691,洋基工程,其他電子,657.0,665.0,645.0,654.0,923010
2026-09-30,6691,洋基工程,其他電子,666.0,719.0,665.0,719.0,2580611
2026-10-01,6691,洋基工程,其他電子,727.0,748.0,719.0,733.0,1746877
2026-09-29,6692,進能服,綠能環保,22.5,23.4,22.35,23.2,19876
2026-09-30,6692,進能服,綠能環保,22.5,23.85,22.5,23.85,8300
2026-10-01,6692,進能服,綠能環保,22.95,23.3,22.95,23.05,5176
2026-09-29,6693,廣閎科,半導體,206.5,220.5,203.5,218.0,3929488
2026-09-30,6693,廣閎科,半導體,222.5,223.5,210.0,211.5,3056908
2026-10-01,6693,廣閎科,半導體,210.0,219.5,205.0,212.5,1966554
2026-09-29,6695,芯鼎,半導體,50.7,54.5,50.3,54.1,1257413
2026-09-30,6695,芯鼎,半導體,53.8,55.8,53.7,55.0,1104717
2026-10-01,6695,芯鼎,半導體,54.9,56.8,54.9,55.4,905563
2026-09-29,6697,東捷資訊,資訊服務,41.5,41.5,41.1,41.1,19477
2026-09-30,6697,東捷資訊,資訊服務,41.65,41.7,41.1,41.3,33401
2026-10-01,6697,東捷資訊,資訊服務,41.2,41.55,41.0,41.1,25004
2026-09-29,6698,旭暉應材,其他電子,31.7,33.9,31.6,33.9,241170
2026-09-30,6698,旭暉應材,其他電子,33.8,33.8,32.55,33.3,489189
2026-10-01,6698,旭暉應材,其他電子,32.65,32.65,32.2,32.25,199960
2026-09-29,6703,軒郁,生技醫療,99.8,101.0,99.8,100.0,28412
2026-09-30,6703,軒郁,生技醫療,100.0,100.5,99.8,100.5,48640
2026-10-01,6703,軒郁,生技醫療,100.0,100.5,99.8,100.5,13077
2026-09-29,6706,惠特,光電,142.0,154.5,141.5,151.0,4511914
2026-09-30,6706,惠特,光電,154.0,158.0,149.5,150.0,4351935
2026-10-01,6706,惠特,光電,152.0,160.5,152.0,154.5,7046801
2026-09-29,6708,天擎,半導體,47.05,47.05,47.05,47.05,208203
2026-09-30,6708,天擎,半導體,51.7,51.7,51.7,51.7,883126
2026-10-01,6708,天擎,半導體,56.8,56.8,54.9,56.8,1499458
2026-09-29,6712,長聖,生技醫療,160.0,163.0,160.0,161.5,193866
2026-09-30,6712,長聖,生技醫療,163.5,163.5,161.0,162.0,179516
2026-10-01,6712,長聖,生技醫療,162.0,162.0,160.0,162.0,101410
2026-09-29,6715,嘉基,電子零組件,460.0,468.5,442.0,452.0,346088
2026-09-30,6715,嘉基,電子零組件,452.0,453.5,441.0,442.0,686089
2026-10-01,6715,嘉基,電子零組件,445.0,453.0,430.0,453.0,536514
2026-09-29,6716,應廣,半導體,115.0,117.0,114.5,114.5,148238
2026-09-30,6716,應廣,半導體,116.0,116.5,114.0,114.0,202648
2026-10-01,6716,應廣,半導體,114.5,117.5,113.0,117.5,410994
2026-09-29,6719,力智,半導體,183.5,186.0,183.5,184.0,432838
2026-09-30,6719,力智,半導體,185.5,188.5,184.0,186.5,577285
2026-10-01,6719,力智,半導體,187.5,191.0,186.5,188.0,492395
2026-09-29,6720,久昌,半導體,127.5,128.0,126.0,127.5,9065
2026-09-30,6720,久昌,半導體,128.0,129.0,127.5,127.5,12431
2026-10-01,6720,久昌,半導體,126.5,127.0,126.0,126.5,14332
2026-09-29,6721,信實,其他,50.0,50.0,50.0,50.0,4147
2026-09-30,6721,信實,其他,50.2,50.2,50.0,50.0,9077
2026-10-01,6721,信實,其他,50.2,50.2,50.2,50.2,1125
2026-09-29,6722,輝創,其他電子,32.4,32.65,32.3,32.3,15187
2026-09-30,6722,輝創,其他電子,32.3,32.5,32.3,32.5,13701
2026-10-01,6722,輝創,其他電子,32.5,32.5,32.0,32.5,24527
2026-09-29,6725,矽科宏晟,其他電子,216.0,218.0,214.0,217.5,53084
2026-09-30,6725,矽科宏晟,其他電子,219.0,221.0,216.5,218.0,50868
2026-10-01,6725,矽科宏晟,其他電子,219.0,222.5,218.0,221.0,117561
2026-09-29,6727,亞泰金屬,電子零組件,492.5,505.0,481.5,483.0,1672452
2026-09-30,6727,亞泰金屬,電子零組件,487.5,499.5,485.0,485.0,986862
2026-10-01,6727,亞泰金屬,電子零組件,488.0,496.5,481.5,488.0,654633
2026-09-29,6728,上洋,居家生活,108.5,109.0,108.0,108.0,31051
2026-09-30,6728,上洋,居家生活,108.5,109.0,108.5,109.0,17184
2026-10-01,6728,上洋,居家生活,109.0,109.0,108.0,109.0,28627
2026-09-29,6730,常廣,生技醫療,32.0,32.0,31.6,32.0,6056
2026-09-30,6730,常廣,生技醫療,32.3,32.3,31.7,32.0,7204
2026-10-01,6730,常廣,生技醫療,32.4,32.4,31.8,32.2,7050
2026-09-29,6732,昇佳電子,半導體,151.0,152.0,149.0,151.0,60928
2026-09-30,6732,昇佳電子,半導體,152.0,153.5,151.0,151.5,71805
2026-10-01,6732,昇佳電子,半導體,151.5,152.5,151.5,152.0,56236
2026-09-29,6733,博晟生醫,生技醫療,24.9,25.45,24.9,25.1,40155
2026-09-30,6733,博晟生醫,生技醫療,25.2,25.3,24.85,24.95,98720
2026-10-01,6733,博晟生醫,生技醫療,24.95,25.15,24.95,24.95,22559
2026-09-29,6735,美達科技,其他電子,65.7,66.8,63.8,64.9,104946
2026-09-30,6735,美達科技,其他電子,65.5,67.7,64.7,67.3,111999
2026-10-01,6735,美達科技,其他電子,69.9,69.9,66.5,66.8,70571
2026-09-29,6739,竹陞科技,其他電子,1100.0,1135.0,1090.0,1125.0,181862
2026-09-30,6739,竹陞科技,其他電子,1140.0,1140.0,1100.0,1135.0,256344
2026-10-01,6739,竹陞科技,其他電子,1130.0,1140.0,1100.0,1105.0,153698
2026-09-29,6741,91APP*-KY,數位雲端,55.2,55.7,55.0,55.4,97702
2026-09-30,6741,91APP*-KY,數位雲端,56.5,56.5,55.0,55.1,294521
2026-10-01,6741,91APP*-KY,數位雲端,55.1,55.9,55.1,55.6,97736
2026-09-29,6742,澤米,光電,53.3,55.0,53.3,54.2,723913
2026-09-30,6742,澤米,光電,54.3,58.6,54.2,56.3,1743025
2026-10-01,6742,澤米,光電,56.9,58.2,55.1,55.6,967057
2026-09-29,6743,安普新,其他電子,30.6,32.35,30.6,31.1,692999
2026-09-30,6743,安普新,其他電子,31.3,32.05,30.95,31.85,553663
2026-10-01,6743,安普新,其他電子,32.0,33.5,31.8,33.5,1118714
2026-09-29,6751,智聯服務,資訊服務,44.1,45.25,44.1,44.95,29993
2026-09-30,6751,智聯服務,資訊服務,44.95,44.95,44.5,44.5,6000
2026-10-01,6751,智聯服務,資訊服務,44.15,44.15,44.0,44.0,4000
2026-09-29,6752,叡揚,資訊服務,96.4,96.4,95.4,95.9,12861
2026-09-30,6752,叡揚,資訊服務,97.6,97.6,95.6,96.0,10280
2026-10-01,6752,叡揚,資訊服務,95.5,96.2,95.2,96.2,8712
2026-09-29,6753,龍德造船,航運業,132.5,134.5,132.0,132.5,206011
2026-09-30,6753,龍德造船,航運業,133.0,134.5,132.5,133.5,299764
2026-10-01,6753,龍德造船,航運業,133.5,133.5,132.0,133.0,251815
2026-09-29,6754,匯僑設計,居家生活,41.5,41.55,41.4,41.4,11301
2026-09-30,6754,匯僑設計,居家生活,41.25,41.8,41.0,41.5,13201
2026-10-01,6754,匯僑設計,居家生活,41.6,41.65,41.0,41.0,16320
2026-09-29,6756,威鋒電子,半導體,97.5,99.0,97.5,98.8,79769
2026-09-30,6756,威鋒電子,半導體,99.2,99.8,98.5,98.7,76342
2026-10-01,6756,威鋒電子,半導體,99.4,101.5,98.0,98.0,118518
2026-09-29,6757,台灣虎航,航運業,53.4,53.6,52.9,53.4,346431
2026-09-30,6757,台灣虎航,航運業,53.4,54.1,53.4,54.0,875362
2026-10-01,6757,台灣虎航,航運業,53.9,53.9,53.4,53.4,331003
2026-09-29,6761,穩得,電子零組件,164.5,165.5,163.0,163.5,86397
2026-09-30,6761,穩得,電子零組件,164.5,165.5,163.5,165.0,99513
2026-10-01,6761,穩得,電子零組件,164.0,166.5,163.5,164.5,144793
2026-09-30,6762,達亞,生技醫療,158.0,158.0,158.0,158.0,4007
2026-10-01,6762,達亞,生技醫療,156.0,156.0,156.0,156.0,2859
2026-09-29,6763,綠界科技*,數位雲端,41.5,41.65,41.15,41.15,60349
2026-09-30,6763,綠界科技*,數位雲端,41.2,41.4,41.1,41.3,118408
2026-10-01,6763,綠界科技*,數位雲端,41.25,41.7,41.2,41.2,88540
2026-09-29,6767,台微醫,生技醫療,23.7,24.45,23.7,24.45,6000
2026-09-30,6767,台微醫,生技醫療,24.1,24.5,24.1,24.5,3000
2026-10-01,6767,台微醫,生技醫療,23.8,24.6,23.8,24.6,15000
2026-09-29,6768,志強-KY,運動休閒,62.8,63.3,62.3,62.5,101164
2026-09-30,6768,志強-KY,運動休閒,62.5,62.9,62.4,62.7,88705
2026-10-01,6768,志強-KY,運動休閒,63.0,63.4,62.5,63.3,106131
2026-09-29,6770,力積電,半導體,71.1,72.9,70.6,72.3,63341436
2026-09-30,6770,力積電,半導體,73.5,75.4,73.3,75.3,137017155
2026-10-01,6770,力積電,半導體,74.4,74.9,73.3,74.5,92791273
2026-09-29,6771,平和環保-創,綠能環保,42.2,42.5,41.7,41.8,20118
2026-09-30,6771,平和環保-創,綠能環保,41.8,42.65,41.8,42.6,56644
2026-10-01,6771,平和環保-創,綠能環保,42.6,43.1,42.5,43.0,59156
2026-09-29,6776,展碁國際,電子通路,51.8,52.1,51.7,51.9,70436
2026-09-30,6776,展碁國際,電子通路,52.4,52.9,52.4,52.9,64252
2026-10-01,6776,展碁國際,電子通路,52.8,52.8,52.2,52.8,60431
2026-09-29,6781,AES-KY,電子零組件,1015.0,1025.0,1010.0,1010.0,253538
2026-09-30,6781,AES-KY,電子零組件,1025.0,1030.0,1015.0,1020.0,310063
2026-10-01,6781,AES-KY,電子零組件,1020.0,1025.0,1010.0,1025.0,173934
2026-09-29,6782,視陽,生技醫療,231.0,238.0,230.5,234.5,129912
2026-09-30,6782,視陽,生技醫療,237.0,243.0,236.5,242.0,228952
2026-10-01,6782,視陽,生技醫療,242.0,242.0,236.0,237.5,242118
2026-09-29,6785,昱展新藥,生技醫療,97.3,97.4,96.2,96.2,30135
2026-09-30,6785,昱展新藥,生技醫療,96.3,97.7,94.8,95.1,68222
2026-10-01,6785,昱展新藥,生技醫療,95.3,96.0,95.0,95.3,31901
2026-09-29,6788,華景電,半導體,343.5,349.5,340.5,344.5,198806
2026-09-30,6788,華景電,半導體,346.0,351.5,346.0,349.0,171510
2026-10-01,6788,華景電,半導體,351.0,353.0,344.5,346.5,161999
2026-09-29,6789,采鈺,半導體,465.0,482.0,463.0,478.5,922802
2026-09-30,6789,采鈺,半導體,485.5,503.0,480.0,494.0,2486076
2026-10-01,6789,采鈺,半導體,496.5,505.0,482.0,489.0,1576642
2026-09-29,6790,永豐實,造紙工業,37.7,37.75,37.55,37.6,128761
2026-09-30,6790,永豐實,造紙工業,37.7,37.8,37.6,37.8,57248
2026-10-01,6790,永豐實,造紙工業,37.8,37.8,37.55,37.65,128014
2026-09-29,6791,虎門科技,資訊服務,99.7,99.9,99.1,99.1,6125
2026-09-30,6791,虎門科技,資訊服務,99.9,99.9,99.2,99.5,7464
2026-10-01,6791,虎門科技,資訊服務,100.5,100.5,100.0,100.5,5760
2026-09-29,6792,詠業,通信網路,59.0,59.2,58.9,58.9,21104
2026-09-30,6792,詠業,通信網路,60.3,60.3,58.0,59.6,30112
2026-10-01,6792,詠業,通信網路,59.0,59.5,58.7,59.0,13037
2026-09-29,6794,向榮生技,生技醫療,73.7,73.7,70.8,71.8,36010
2026-09-30,6794,向榮生技,生技醫療,71.8,71.8,70.8,71.8,19022
2026-10-01,6794,向榮生技,生技醫療,70.8,73.2,70.2,73.2,20126
2026-09-29,6796,晉弘,生技醫療,52.0,52.0,51.4,51.7,26423
2026-09-30,6796,晉弘,生技醫療,51.9,53.0,51.9,53.0,26823
2026-10-01,6796,晉弘,生技醫療,54.0,54.0,53.1,53.1,18544
2026-09-29,6799,來頡,半導體,86.7,92.9,86.7,90.3,744102
2026-09-30,6799,來頡,半導體,90.5,91.9,90.5,91.7,363126
2026-10-01,6799,來頡,半導體,91.8,93.7,91.5,92.2,324626
2026-09-29,6803,崑鼎,綠能環保,266.0,267.0,265.0,266.5,91641
2026-09-30,6803,崑鼎,綠能環保,267.0,267.0,266.0,267.0,36816
2026-10-01,6803,崑鼎,綠能環保,268.5,268.5,266.0,267.0,41640
2026-09-29,6804,明係,運動休閒,18.1,18.15,18.1,18.1,48010
2026-09-30,6804,明係,運動休閒,18.1,18.5,18.1,18.35,53028
2026-10-01,6804,明係,運動休閒,18.45,18.5,18.35,18.35,26100
2026-09-29,6805,富世達,電子零組件,2455.0,2550.0,2420.0,2515.0,1045620
2026-09-30,6805,富世達,電子零組件,2580.0,2720.0,2440.0,2455.0,2379419
2026-10-01,6805,富世達,電子零組件,2475.0,2510.0,2335.0,2390.0,2121012
2026-09-29,6807,峰源-KY,居家生活,31.75,32.1,31.5,31.9,13913
2026-09-30,6807,峰源-KY,居家生活,31.9,32.3,31.2,32.3,7031
2026-10-01,6807,峰源-KY,居家生活,31.9,32.35,31.6,32.3,15057
2026-09-29,6811,宏碁資訊,數位雲端,244.0,244.0,237.5,239.5,340408
2026-09-30,6811,宏碁資訊,數位雲端,241.0,241.0,237.5,240.5,229357
2026-10-01,6811,宏碁資訊,數位雲端,240.5,244.0,238.0,243.5,166263
2026-09-29,6821,聯寶,電子零組件,40.6,41.1,40.4,40.95,41445
2026-09-30,6821,聯寶,電子零組件,41.1,42.8,40.95,42.8,153891
2026-10-01,6821,聯寶,電子零組件,43.5,43.5,41.8,42.25,74145
2026-09-29,6823,濾能,半導體,60.6,64.2,60.0,63.0,117192
2026-09-30,6823,濾能,半導體,63.4,63.4,60.8,60.8,89701
2026-10-01,6823,濾能,半導體,61.1,62.4,60.7,60.7,12705
2026-09-29,6829,千附精密,半導體,210.0,210.0,207.0,208.5,254442
2026-09-30,6829,千附精密,半導體,210.0,210.5,208.0,208.5,477359
2026-10-01,6829,千附精密,半導體,208.0,208.0,204.0,205.0,498553
2026-09-29,6830,汎銓,其他電子,539.0,548.0,532.0,533.0,911857
2026-09-30,6830,汎銓,其他電子,545.0,548.0,531.0,533.0,749406
2026-10-01,6830,汎銓,其他電子,535.0,542.0,530.0,531.0,794025
2026-09-29,6831,邁科,電腦及週邊,497.5,497.5,485.5,492.0,786787
2026-09-30,6831,邁科,電腦及週邊,496.0,498.0,469.5,471.5,1088907
2026-10-01,6831,邁科,電腦及週邊,474.0,490.5,472.0,474.5,701310
2026-09-29,6834,天二科技,電子零組件,114.0,116.0,111.5,112.5,2757804
2026-09-30,6834,天二科技,電子零組件,114.0,115.0,109.0,109.0,2684385
2026-10-01,6834,天二科技,電子零組件,110.0,119.5,110.0,119.5,9597928
2026-09-29,6835,圓裕,電子零組件,31.6,31.6,30.9,30.9,7241
2026-09-30,6835,圓裕,電子零組件,31.2,31.2,30.8,31.2,8299
2026-10-01,6835,圓裕,電子零組件,31.15,31.3,31.0,31.15,14178
2026-09-29,6838,台新藥,生技醫療,25.5,26.25,25.45,25.65,274766
2026-09-30,6838,台新藥,生技醫療,26.0,26.0,25.6,25.8,135088
2026-10-01,6838,台新藥,生技醫療,25.8,25.9,25.4,25.8,149573
2026-09-29,6840,東研信超,其他電子,103.0,103.0,98.6,99.5,282021
2026-09-30,6840,東研信超,其他電子,100.5,100.5,97.8,98.9,214063
2026-10-01,6840,東研信超,其他電子,97.6,99.6,96.4,99.3,342603
2026-09-29,6841,長佳智能,生技醫療,54.5,55.8,54.5,55.3,659613
2026-09-30,6841,長佳智能,生技醫療,57.7,58.8,56.5,58.8,812611
2026-10-01,6841,長佳智能,生技醫療,58.9,59.3,56.8,57.0,611557
2026-09-29,6843,進典,電機機械,38.5,38.55,38.35,38.35,3000
2026-09-30,6843,進典,電機機械,39.05,39.05,38.55,38.55,3270
2026-10-01,6843,進典,電機機械,39.25,39.25,38.0,38.45,14000
2026-09-29,6844,諾貝兒,生技醫療,57.0,57.4,57.0,57.4,11024
2026-09-30,6844,諾貝兒,生技醫療,57.4,57.5,57.0,57.5,13681
2026-10-01,6844,諾貝兒,生技醫療,57.5,57.5,56.8,57.4,11329
2026-09-29,6846,綠茵,食品工業,59.5,59.5,58.0,58.2,4270
2026-09-30,6846,綠茵,食品工業,59.2,59.2,58.1,58.5,6115
2026-10-01,6846,綠茵,食品工業,59.2,59.2,58.0,58.4,6000
2026-09-29,6854,錼創科技-KY創,半導體,92.0,92.4,90.7,91.0,88099
2026-09-30,6854,錼創科技-KY創,半導體,92.2,94.2,91.1,93.3,228806
2026-10-01,6854,錼創科技-KY創,半導體,94.6,95.6,92.4,93.7,209199
2026-09-30,6855,數泓科,其他電子,111.0,116.0,110.5,116.0,8009
2026-09-29,6856,鑫傳,文化創意,41.2,41.8,41.1,41.8,5013
2026-09-30,6856,鑫傳,文化創意,41.1,42.0,41.05,42.0,13002
2026-10-01,6856,鑫傳,文化創意,41.1,41.55,41.05,41.05,10005
2026-09-29,6859,伯特光,光電,119.0,120.0,118.5,120.0,11086
2026-09-30,6859,伯特光,光電,120.0,120.5,119.0,120.5,21429
2026-10-01,6859,伯特光,光電,119.5,121.5,119.5,120.5,26732
2026-09-29,6861,睿生光電,生技醫療,271.0,288.0,270.5,285.0,2318339
2026-09-30,6861,睿生光電,生技醫療,294.0,313.5,294.0,313.5,2023999
2026-10-01,6861,睿生光電,生技醫療,317.5,324.5,288.0,292.0,5529447
2026-09-29,6862,三集瑞-KY,電子零組件,140.0,140.0,138.0,138.0,40327
2026-09-30,6862,三集瑞-KY,電子零組件,139.0,139.0,137.5,138.0,78777
2026-10-01,6862,三集瑞-KY,電子零組件,139.0,147.0,139.0,142.0,341341
2026-09-29,6863,永道-KY,通信網路,96.6,97.1,95.9,96.2,35979
2026-09-30,6863,永道-KY,通信網路,96.8,96.8,94.0,95.3,104641
2026-10-01,6863,永道-KY,通信網路,95.7,96.0,95.0,95.5,53107
2026-09-29,6865,偉康科技,數位雲端,28.05,28.05,27.7,28.0,9033
2026-09-30,6865,偉康科技,數位雲端,28.0,29.15,27.05,29.15,59528
2026-10-01,6865,偉康科技,數位雲端,28.1,28.3,27.65,27.65,21142
2026-09-29,6869,雲豹能源,綠能環保,69.5,71.5,68.8,70.9,457988
2026-09-30,6869,雲豹能源,綠能環保,72.0,72.0,70.6,71.9,377186
2026-10-01,6869,雲豹能源,綠能環保,72.5,72.5,69.4,69.4,491626
2026-09-29,6870,騰雲,數位雲端,335.5,335.5,328.5,330.5,52908
2026-09-30,6870,騰雲,數位雲端,331.0,331.0,315.0,323.5,134890
2026-10-01,6870,騰雲,數位雲端,324.0,324.5,314.5,314.5,86957
2026-09-29,6872,浩宇生醫,生技醫療,24.5,24.5,23.3,24.0,310388
2026-09-30,6872,浩宇生醫,生技醫療,25.8,25.8,23.6,24.05,241338
2026-10-01,6872,浩宇生醫,生技醫療,24.05,24.05,23.0,23.0,175341
2026-09-29,6873,泓德能源,綠能環保,68.4,68.4,67.1,67.9,133311
2026-09-30,6873,泓德能源,綠能環保,67.9,68.9,67.7,68.4,145527
2026-10-01,6873,泓德能源,綠能環保,68.4,68.8,67.6,67.9,192440
2026-09-29,6874,倍力,資訊服務,70.4,70.4,69.2,70.2,8213
2026-09-30,6874,倍力,資訊服務,69.7,70.7,69.7,69.8,20330
2026-10-01,6874,倍力,資訊服務,70.0,71.3,69.9,70.4,13331
2026-09-29,6875,國邑*,生技醫療,32.0,32.05,31.35,31.35,88765
2026-09-30,6875,國邑*,生技醫療,31.5,32.0,31.35,31.35,183439
2026-10-01,6875,國邑*,生技醫療,29.95,31.3,29.95,31.3,253520
2026-09-29,6877,鏵友益,其他電子,122.5,130.0,122.5,128.0,76935
2026-09-30,6877,鏵友益,其他電子,129.0,129.0,124.0,126.0,66298
2026-10-01,6877,鏵友益,其他電子,138.5,138.5,138.5,138.5,164685
2026-09-29,6881,潤德,其他,214.0,214.5,214.0,214.5,3021
2026-09-30,6881,潤德,其他,214.5,214.5,214.5,214.5,4000
2026-10-01,6881,潤德,其他,215.0,215.0,214.5,215.0,6118
2026-09-29,6884,海柏特,資訊服務,31.2,31.2,31.1,31.1,4047
2026-09-30,6884,海柏特,資訊服務,31.1,31.1,30.55,30.55,13000
2026-10-01,6884,海柏特,資訊服務,30.6,31.4,30.6,31.4,7000
2026-09-29,6885,全福生技,生技醫療,31.0,32.3,30.7,31.0,1297844
2026-09-30,6885,全福生技,生技醫療,30.8,32.0,30.4,32.0,1025210
2026-10-01,6885,全福生技,生技醫療,31.7,32.15,31.15,31.5,728383
2026-09-29,6887,寶綠特-KY,綠能環保,37.75,38.9,37.55,38.1,17108
2026-09-30,6887,寶綠特-KY,綠能環保,39.3,39.3,37.65,38.1,39319
2026-10-01,6887,寶綠特-KY,綠能環保,37.65,38.8,37.6,37.95,10317
2026-09-29,6890,來億-KY,運動休閒,146.5,149.5,146.5,147.0,86198
2026-09-30,6890,來億-KY,運動休閒,147.0,148.5,147.0,148.0,66816
2026-10-01,6890,來億-KY,運動休閒,147.5,150.0,147.5,148.5,152759
2026-09-29,6894,衛司特,綠能環保,366.0,367.0,362.0,362.0,22460
2026-09-30,6894,衛司特,綠能環保,365.5,368.5,361.0,361.0,44520
2026-10-01,6894,衛司特,綠能環保,361.5,363.5,358.5,360.0,29510
2026-09-29,6895,宏碩系統,半導體,147.0,147.0,142.5,145.0,8650
2026-09-30,6895,宏碩系統,半導體,147.0,151.5,146.5,151.5,18477
2026-10-01,6895,宏碩系統,半導體,151.5,152.0,143.0,151.0,27579
2026-09-29,6899,創為精密,光電,49.4,49.5,48.7,49.5,13000
2026-09-30,6899,創為精密,光電,50.0,50.0,48.9,49.8,11010
2026-10-01,6899,創為精密,光電,49.4,49.5,49.3,49.5,11032
2026-09-29,6901,鑽石投資,其他,16.4,17.25,16.4,17.25,4821111
2026-09-30,6901,鑽石投資,其他,17.25,17.25,16.55,16.85,5739727
2026-10-01,6901,鑽石投資,其他,16.85,17.3,16.55,16.65,2764815
2026-09-29,6902,GOGOLOOK,數位雲端,173.0,175.0,162.0,162.5,739617
2026-09-30,6902,GOGOLOOK,數位雲端,162.5,163.5,156.0,159.0,556230
2026-10-01,6902,GOGOLOOK,數位雲端,160.5,160.5,155.0,155.0,390751
2026-09-29,6903,巨漢,其他電子,306.5,311.0,302.0,304.5,215392
2026-09-30,6903,巨漢,其他電子,306.5,318.5,306.5,315.5,566119
2026-10-01,6903,巨漢,其他電子,318.0,327.0,315.5,316.0,417368
2026-09-29,6904,伯鑫,其他,121.5,121.5,121.5,121.5,1001
2026-09-30,6904,伯鑫,其他,123.0,123.0,123.0,123.0,1198
2026-09-29,6906,現觀科,數位雲端,84.4,84.4,82.5,83.7,27331
2026-09-30,6906,現觀科,數位雲端,84.2,85.3,82.5,83.6,51103
2026-10-01,6906,現觀科,數位雲端,84.4,84.4,83.0,84.0,41424
2026-09-29,6907,雅特力-KY,半導體,182.0,184.0,180.0,180.5,281467
2026-09-30,6907,雅特力-KY,半導體,184.0,189.5,182.0,188.0,762017
2026-10-01,6907,雅特力-KY,半導體,190.5,202.0,190.0,198.5,2990191
2026-09-29,6908,宏碁遊戲-創,電子通路,28.0,28.0,27.0,27.05,262835
2026-09-30,6908,宏碁遊戲-創,電子通路,27.2,27.2,26.4,26.65,110917
2026-10-01,6908,宏碁遊戲-創,電子通路,26.6,29.3,26.6,27.5,174332
2026-09-29,6909,創控,半導體,41.95,42.7,41.95,41.95,261738
2026-09-30,6909,創控,半導體,42.5,43.1,42.2,42.85,242662
2026-10-01,6909,創控,半導體,43.25,43.25,42.05,42.75,159114
2026-09-29,6910,德鴻,數位雲端,25.9,26.7,25.9,26.5,25417
2026-09-30,6910,德鴻,數位雲端,26.9,26.95,26.6,26.95,16210
2026-10-01,6910,德鴻,數位雲端,26.95,27.2,26.6,26.8,27027
2026-09-29,6913,鴻呈,電子零組件,127.5,128.5,127.0,127.0,100505
2026-09-30,6913,鴻呈,電子零組件,128.5,129.5,128.5,128.5,76536
2026-10-01,6913,鴻呈,電子零組件,129.5,129.5,127.0,129.0,96631
2026-09-29,6914,阜爾運通,其他,120.5,120.5,119.5,119.5,43637
2026-09-30,6914,阜爾運通,其他,119.5,120.0,119.0,119.0,84330
2026-10-01,6914,阜爾運通,其他,119.0,119.0,118.0,118.0,75504
2026-09-29,6916,華凌,光電,18.75,19.25,18.45,18.45,36717
2026-09-30,6916,華凌,光電,19.0,19.0,18.65,18.7,35000
2026-10-01,6916,華凌,光電,18.55,18.9,18.5,18.5,13150
2026-09-29,6918,愛派司,生技醫療,74.1,74.1,73.5,74.0,277687
2026-09-30,6918,愛派司,生技醫療,74.0,74.4,73.5,74.3,12045
2026-10-01,6918,愛派司,生技醫療,74.3,74.9,73.9,73.9,31233
2026-09-29,6919,康霈*,生技醫療,80.1,81.4,79.5,79.5,3299496
2026-09-30,6919,康霈*,生技醫療,81.0,81.4,79.0,79.0,5214982
2026-10-01,6919,康霈*,生技醫療,79.4,80.7,79.0,79.1,2747160
2026-09-29,6921,嘉雨思-創,半導體,68.7,68.7,65.4,67.0,27012
2026-09-30,6921,嘉雨思-創,半導體,67.0,68.0,67.0,68.0,51043
2026-10-01,6921,嘉雨思-創,半導體,66.9,67.0,66.4,66.4,11000
2026-09-29,6922,宸曜,電腦及週邊,212.0,228.5,210.0,225.0,497613
2026-09-30,6922,宸曜,電腦及週邊,228.5,230.0,218.5,221.0,202860
2026-10-01,6922,宸曜,電腦及週邊,225.0,225.0,218.0,221.0,87271
2026-09-29,6923,中台,綠能環保,77.2,77.2,74.7,74.8,57356
2026-09-30,6923,中台,綠能環保,76.7,76.7,74.7,75.2,47949
2026-10-01,6923,中台,綠能環保,76.3,76.3,74.5,75.0,39363
2026-09-29,6924,榮惠-KY創,電子零組件,136.0,137.0,134.0,135.0,11462
2026-09-30,6924,榮惠-KY創,電子零組件,135.5,135.5,131.5,135.0,25372
2026-10-01,6924,榮惠-KY創,電子零組件,133.0,136.0,132.0,134.0,20234
2026-09-29,6925,意藍,數位雲端,72.0,75.0,71.0,75.0,2039484
2026-09-30,6925,意藍,數位雲端,74.8,75.0,72.7,73.8,1228751
2026-10-01,6925,意藍,數位雲端,73.8,80.0,72.1,72.1,947361
2026-09-29,6928,攸泰科技,電腦及週邊,45.5,46.3,45.45,45.5,29926
2026-09-30,6928,攸泰科技,電腦及週邊,46.5,46.5,45.1,46.0,38980
2026-10-01,6928,攸泰科技,電腦及週邊,46.0,46.5,45.7,46.5,57589
2026-09-29,6929,佑全,生技醫療,22.25,22.25,21.4,21.65,4000
2026-09-30,6929,佑全,生技醫療,22.1,22.1,21.8,21.8,4040
2026-09-29,6931,青松健康,生技醫療,39.9,39.9,38.75,38.75,45371
2026-09-30,6931,青松健康,生技醫療,38.8,39.0,38.8,38.9,24293
2026-10-01,6931,青松健康,生技醫療,38.9,39.1,38.9,38.9,34220
2026-09-29,6933,AMAX-KY,電腦及週邊,385.5,395.0,375.5,378.0,4137444
2026-09-30,6933,AMAX-KY,電腦及週邊,380.5,392.0,371.0,371.0,2429689
2026-10-01,6933,AMAX-KY,電腦及週邊,370.0,404.5,369.5,394.5,3166449
2026-09-29,6934,心誠鎂,生技醫療,73.2,76.1,73.1,76.1,42232
2026-09-30,6934,心誠鎂,生技醫療,74.4,76.5,74.4,75.3,56001
2026-10-01,6934,心誠鎂,生技醫療,75.4,76.7,75.2,75.2,54048
2026-09-29,6936,永鴻生技,生技醫療,31.7,31.7,31.7,31.7,3150
2026-09-30,6936,永鴻生技,生技醫療,32.25,32.25,31.7,32.0,15333
2026-10-01,6936,永鴻生技,生技醫療,31.8,32.0,31.8,32.0,2095
2026-09-29,6937,天虹,半導體,300.5,314.0,299.5,308.0,1184738
2026-09-30,6937,天虹,半導體,312.0,314.0,306.0,308.0,748880
2026-10-01,6937,天虹,半導體,310.5,312.5,300.0,301.5,516330
2026-09-29,6944,兆聯實業,綠能環保,763.0,795.0,760.0,776.0,674422
2026-09-30,6944,兆聯實業,綠能環保,780.0,795.0,774.0,775.0,494392
2026-10-01,6944,兆聯實業,綠能環保,776.0,807.0,776.0,800.0,653674
2026-09-29,6945,圓祥生技,生技醫療,137.5,140.0,135.0,140.0,326703
2026-09-30,6945,圓祥生技,生技醫療,140.0,149.0,140.0,148.5,711953
2026-10-01,6945,圓祥生技,生技醫療,147.5,148.0,142.5,143.0,552700
2026-09-29,6947,台鎔科技,綠能環保,67.1,69.0,67.0,67.2,147551
2026-09-30,6947,台鎔科技,綠能環保,68.2,68.6,67.4,68.4,193105
2026-10-01,6947,台鎔科技,綠能環保,67.7,68.9,67.5,68.5,221733
2026-09-29,6949,沛爾生醫*-創,生技醫療,49.85,51.5,48.45,49.2,3077533
2026-09-30,6949,沛爾生醫*-創,生技醫療,49.5,51.5,49.35,50.6,2970817
2026-10-01,6949,沛爾生醫*-創,生技醫療,50.0,50.8,49.0,49.4,2139054
2026-09-29,6951,青新-創,綠能環保,69.5,69.5,69.1,69.1,28225
2026-09-30,6951,青新-創,綠能環保,69.2,69.6,69.2,69.2,23347
2026-10-01,6951,青新-創,綠能環保,69.3,69.5,69.3,69.4,19383
2026-09-29,6952,大武山,其他,38.0,38.8,38.0,38.8,19852
2026-09-30,6952,大武山,其他,38.8,38.8,38.8,38.8,2014
2026-10-01,6952,大武山,其他,38.75,38.8,38.75,38.8,5032
2026-09-29,6953,家碩,半導體,237.0,241.0,236.0,241.0,31928
2026-09-30,6953,家碩,半導體,243.0,246.5,241.0,245.0,42486
2026-10-01,6953,家碩,半導體,245.0,255.0,243.5,252.5,101006
2026-09-29,6955,邦睿生技-創,生技醫療,95.3,95.3,95.3,95.3,1008
2026-09-30,6955,邦睿生技-創,生技醫療,95.2,96.0,95.2,96.0,5001
2026-10-01,6955,邦睿生技-創,生技醫療,94.6,95.2,94.6,95.2,7407
2026-09-29,6957,裕慶-KY,其他,334.5,337.5,307.5,337.5,842520
2026-09-30,6957,裕慶-KY,其他,365.0,371.0,356.0,371.0,302581
2026-10-01,6957,裕慶-KY,其他,400.0,400.0,364.0,384.0,1907750
2026-09-29,6958,日盛台駿,其他,17.45,17.45,17.05,17.05,35256
2026-09-30,6958,日盛台駿,其他,17.35,17.5,17.2,17.5,37766
2026-10-01,6958,日盛台駿,其他,17.2,17.5,17.2,17.5,10277
2026-09-29,6961,旅天下,觀光餐旅,47.15,47.65,47.1,47.65,34986
2026-09-30,6961,旅天下,觀光餐旅,47.65,48.1,47.5,48.1,31190
2026-10-01,6961,旅天下,觀光餐旅,48.1,48.1,47.65,47.65,7635
2026-09-29,6962,奕力-KY,半導體,31.2,32.1,31.2,31.85,1348910
2026-09-30,6962,奕力-KY,半導體,32.35,32.6,32.1,32.45,2061933
2026-10-01,6962,奕力-KY,半導體,32.75,33.35,32.65,33.15,2751544
2026-09-29,6965,中傑-KY,運動休閒,66.4,67.0,64.8,64.8,84456
2026-09-30,6965,中傑-KY,運動休閒,65.0,65.0,62.5,63.7,245983
2026-10-01,6965,中傑-KY,運動休閒,62.8,63.2,62.5,63.2,47737
2026-09-29,6967,汎瑋材料,電子零組件,66.8,67.2,66.0,67.2,127825
2026-09-30,6967,汎瑋材料,電子零組件,67.2,71.1,67.1,70.2,282205
2026-10-01,6967,汎瑋材料,電子零組件,71.2,72.4,70.5,71.5,200429
2026-09-29,6968,萬達寵物,居家生活,41.55,41.55,41.25,41.55,12019
2026-09-30,6968,萬達寵物,居家生活,41.35,41.55,41.25,41.45,20831
2026-10-01,6968,萬達寵物,居家生活,41.45,41.45,41.2,41.45,45360
2026-09-29,6969,成信實業*-創,綠能環保,30.65,31.65,30.25,31.65,163053
2026-09-30,6969,成信實業*-創,綠能環保,31.7,31.7,30.95,31.35,99500
2026-10-01,6969,成信實業*-創,綠能環保,31.3,31.3,30.2,30.45,161667
2026-09-29,6971,惠民實業,綠能環保,23.95,23.95,23.65,23.7,6001
2026-09-30,6971,惠民實業,綠能環保,23.5,23.5,23.5,23.5,6005
2026-10-01,6971,惠民實業,綠能環保,23.55,23.55,23.2,23.3,8197
2026-09-29,6982,大井泵浦,電機機械,44.0,44.0,43.5,43.5,14800
2026-09-30,6982,大井泵浦,電機機械,44.0,44.5,43.5,44.1,21844
2026-10-01,6982,大井泵浦,電機機械,44.5,45.2,44.4,44.7,21121
2026-09-29,6983,華洋精機,其他電子,354.0,354.0,343.0,346.0,32775
2026-09-30,6983,華洋精機,其他電子,350.5,350.5,340.0,348.0,42936
2026-10-01,6983,華洋精機,其他電子,351.5,364.0,350.0,353.0,90882
2026-09-29,6986,和迅,生技醫療,44.3,44.3,42.8,44.0,67050
2026-09-30,6986,和迅,生技醫療,44.05,44.25,44.0,44.05,148112
2026-10-01,6986,和迅,生技醫療,44.9,44.9,43.9,44.0,180080
2026-09-29,6988,威力暘-創,汽車工業,11.55,11.6,11.4,11.5,143000
2026-09-30,6988,威力暘-創,汽車工業,11.5,11.9,11.35,11.7,352000
2026-10-01,6988,威力暘-創,汽車工業,11.55,11.65,11.4,11.65,94000
2026-09-29,6994,富威電力,綠能環保,26.5,26.65,26.1,26.6,299424
2026-09-30,6994,富威電力,綠能環保,26.2,26.65,25.9,26.5,626298
2026-10-01,6994,富威電力,綠能環保,26.5,29.15,26.5,29.15,998022
2026-09-29,6996,力領科技,半導體,170.5,170.5,168.0,168.5,27474
2026-09-30,6996,力領科技,半導體,169.0,170.5,169.0,169.5,11608
2026-10-01,6996,力領科技,半導體,169.5,170.0,169.0,169.5,17302
2026-09-29,6997,博弘,數位雲端,67.0,69.3,67.0,68.0,5120
2026-09-30,6997,博弘,數位雲端,67.0,67.0,67.0,67.0,1514
2026-09-29,7402,邑錡,光電,99.9,100.5,99.1,99.1,177863
2026-09-30,7402,邑錡,光電,99.9,102.5,99.5,101.0,194569
2026-10-01,7402,邑錡,光電,102.0,102.0,100.0,100.5,120712
2026-09-29,7547,碩網,數位雲端,65.3,65.3,65.3,65.3,203746
2026-09-30,7547,碩網,數位雲端,64.4,66.3,62.8,64.8,819218
2026-10-01,7547,碩網,數位雲端,65.1,68.0,64.0,64.1,239794
2026-09-29,7556,意德士,半導體,264.5,273.5,264.5,267.5,73776
2026-09-30,7556,意德士,半導體,272.0,272.0,264.5,264.5,75175
2026-10-01,7556,意德士,半導體,268.0,268.0,261.0,262.5,28294
2026-09-29,7584,樂意,文化創意,27.2,28.95,27.2,28.95,4024
2026-09-30,7584,樂意,文化創意,28.55,28.7,28.5,28.7,6001
2026-10-01,7584,樂意,文化創意,28.6,28.6,28.6,28.6,7003
2026-09-29,7610,聯友金屬-創,綠能環保,1790.0,1835.0,1730.0,1730.0,565924
2026-09-30,7610,聯友金屬-創,綠能環保,1785.0,1845.0,1730.0,1735.0,764301
2026-10-01,7610,聯友金屬-創,綠能環保,1730.0,1820.0,1705.0,1780.0,526796
2026-09-29,7631,聚賢研發-創,其他電子,139.0,139.0,137.5,137.5,20037
2026-09-30,7631,聚賢研發-創,其他電子,139.5,142.0,138.0,140.5,125692
2026-10-01,7631,聚賢研發-創,其他電子,144.0,153.5,142.5,145.5,276501
2026-09-29,7642,昶瑞機電,電機機械,70.2,70.2,68.0,68.5,35338
2026-09-30,7642,昶瑞機電,電機機械,68.5,69.3,68.0,68.5,33615
2026-10-01,7642,昶瑞機電,電機機械,68.5,68.5,67.4,68.2,8419
2026-09-29,7689,大鵬科CLMX,通信網路,158.5,161.0,158.5,158.5,26406
2026-09-30,7689,大鵬科CLMX,通信網路,158.5,161.5,158.0,159.5,86269
2026-10-01,7689,大鵬科CLMX,通信網路,159.5,161.0,158.5,161.0,59530
2026-09-29,7703,銳澤,其他電子,204.0,204.0,199.0,199.5,34644
2026-09-30,7703,銳澤,其他電子,199.0,204.0,199.0,201.5,46517
2026-10-01,7703,銳澤,其他電子,204.5,207.0,203.5,205.0,91894
2026-09-29,7704,明遠精密,半導體,62.0,62.0,61.0,61.3,29088
2026-09-30,7704,明遠精密,半導體,61.3,62.0,61.0,61.4,73003
2026-10-01,7704,明遠精密,半導體,61.6,61.7,61.0,61.2,28057
2026-09-29,7705,三商餐飲,觀光餐旅,29.9,29.9,29.75,29.75,39583
2026-09-30,7705,三商餐飲,觀光餐旅,29.7,29.85,29.7,29.85,39354
2026-10-01,7705,三商餐飲,觀光餐旅,29.8,29.8,29.7,29.7,21204
2026-09-29,7708,全家餐飲,觀光餐旅,93.5,93.5,91.8,91.9,27454
2026-09-30,7708,全家餐飲,觀光餐旅,92.0,92.2,92.0,92.2,10416
2026-10-01,7708,全家餐飲,觀光餐旅,92.1,92.2,92.0,92.2,16935
2026-09-29,7709,榮田,電機機械,91.8,95.0,86.5,86.5,367763
2026-09-30,7709,榮田,電機機械,87.2,88.2,86.0,86.3,106924
2026-10-01,7709,榮田,電機機械,88.0,88.1,85.3,85.8,83507
2026-09-29,7711,永擎,電腦及週邊,540.0,553.0,537.0,546.0,438674
2026-09-30,7711,永擎,電腦及週邊,553.0,566.0,549.0,560.0,806691
2026-10-01,7711,永擎,電腦及週邊,561.0,616.0,551.0,616.0,1893247
2026-09-29,7712,博盛半導體,半導體,165.0,166.5,161.0,161.0,112819
2026-09-30,7712,博盛半導體,半導體,164.5,165.5,160.5,161.0,179220
2026-10-01,7712,博盛半導體,半導體,163.0,169.5,163.0,169.0,370747
2026-09-29,7713,威力德生醫,生技醫療,74.1,74.1,74.1,74.1,2020
2026-09-30,7713,威力德生醫,生技醫療,74.1,74.3,74.0,74.3,5028
2026-10-01,7713,威力德生醫,生技醫療,74.4,74.4,74.3,74.3,2000
2026-09-29,7714,創泓科技,數位雲端,165.5,166.0,162.0,162.0,169059
2026-09-30,7714,創泓科技,數位雲端,164.5,177.0,162.0,172.0,567252
2026-10-01,7714,創泓科技,數位雲端,173.5,173.5,169.0,169.5,331188
2026-09-29,7715,裕山,綠能環保,27.55,27.85,27.45,27.6,33148
2026-09-30,7715,裕山,綠能環保,30.35,30.35,28.3,28.4,141704
2026-10-01,7715,裕山,綠能環保,28.75,28.75,28.3,28.35,33562
2026-09-29,7716,昱臺國際,航運業,23.95,23.95,23.9,23.9,5000
2026-09-30,7716,昱臺國際,航運業,23.9,23.9,23.9,23.9,1000
2026-10-01,7716,昱臺國際,航運業,24.05,24.05,23.5,23.95,6000
2026-09-29,7717,萊德光電-KY,通信網路,607.0,612.0,588.0,592.0,461986
2026-09-30,7717,萊德光電-KY,通信網路,600.0,618.0,590.0,604.0,653179
2026-10-01,7717,萊德光電-KY,通信網路,599.0,600.0,547.0,551.0,1135595
2026-09-29,7718,友鋮,電機機械,46.2,46.7,46.2,46.7,4152
2026-09-30,7718,友鋮,電機機械,46.8,47.0,45.8,45.8,38003
2026-10-01,7718,友鋮,電機機械,45.8,46.05,45.8,46.0,9240
2026-09-29,7721,微程式,數位雲端,61.7,62.2,61.7,61.8,33463
2026-09-30,7721,微程式,數位雲端,62.7,62.7,61.9,62.2,33227
2026-10-01,7721,微程式,數位雲端,62.3,62.3,61.7,61.9,30611
2026-09-29,7722,LINEPAY,數位雲端,258.5,260.0,257.0,258.0,53965
2026-09-30,7722,LINEPAY,數位雲端,259.0,260.0,258.0,259.0,32803
2026-10-01,7722,LINEPAY,數位雲端,261.0,261.0,259.5,260.0,26410
2026-09-29,7723,築間,觀光餐旅,18.3,18.45,18.2,18.3,35611
2026-09-30,7723,築間,觀光餐旅,18.35,18.4,18.2,18.4,44438
2026-10-01,7723,築間,觀光餐旅,18.4,18.4,18.25,18.25,5434
2026-09-29,7728,光焱科技,其他電子,586.0,609.0,586.0,607.0,36489
2026-09-30,7728,光焱科技,其他電子,615.0,667.0,615.0,667.0,154961
2026-10-01,7728,光焱科技,其他電子,685.0,714.0,647.0,649.0,152373
2026-09-29,7730,暉盛-創,半導體,173.0,176.0,172.5,174.5,66534
2026-09-30,7730,暉盛-創,半導體,180.0,181.0,177.0,179.5,93887
2026-10-01,7730,暉盛-創,半導體,180.0,197.0,180.0,194.5,444008
2026-09-29,7732,金興精密,汽車工業,33.5,33.5,32.8,33.5,23025
2026-09-30,7732,金興精密,汽車工業,33.5,33.5,33.5,33.5,1026
2026-10-01,7732,金興精密,汽車工業,33.15,33.2,33.15,33.2,6030
2026-09-29,7734,印能科技,半導體,2775.0,2840.0,2665.0,2680.0,187446
2026-09-30,7734,印能科技,半導體,2740.0,2780.0,2630.0,2665.0,150730
2026-10-01,7734,印能科技,半導體,2705.0,2900.0,2680.0,2795.0,413356
2026-09-29,7736,虎山,汽車工業,68.3,68.5,68.2,68.2,27095
2026-09-30,7736,虎山,汽車工業,69.2,69.2,68.2,68.5,16073
2026-10-01,7736,虎山,汽車工業,68.6,69.0,68.6,68.7,58011
2026-09-29,7738,東聯互動,數位雲端,159.5,159.5,154.0,156.0,7780
2026-09-30,7738,東聯互動,數位雲端,158.0,158.0,154.5,155.5,14629
2026-10-01,7738,東聯互動,數位雲端,155.5,156.5,155.0,156.0,11440
2026-09-29,7740,熙特爾-創,綠能環保,107.0,108.0,102.0,102.0,337585
2026-09-30,7740,熙特爾-創,綠能環保,102.5,105.5,102.5,104.5,143471
2026-10-01,7740,熙特爾-創,綠能環保,106.5,108.0,102.0,102.5,169455
2026-09-29,7743,金利食安,食品工業,25.35,25.35,23.55,24.3,62313
2026-09-30,7743,金利食安,食品工業,24.6,25.0,24.0,25.0,49322
2026-10-01,7743,金利食安,食品工業,24.75,25.0,24.5,25.0,15070
2026-09-29,7744,崴寶,電子零組件,531.0,544.0,523.0,523.0,81532
2026-09-30,7744,崴寶,電子零組件,532.0,540.0,523.0,523.0,83620
2026-10-01,7744,崴寶,電子零組件,531.0,538.0,519.0,537.0,71158
2026-09-29,7747,昕奇雲端,數位雲端,114.0,114.0,111.0,111.0,2586
2026-09-30,7747,昕奇雲端,數位雲端,111.5,111.5,111.5,111.5,1135
2026-10-01,7747,昕奇雲端,數位雲端,111.5,111.5,111.5,111.5,301203
2026-09-29,7749,意騰-KY,半導體,393.5,394.0,385.0,386.0,226401
2026-09-30,7749,意騰-KY,半導體,391.0,397.0,388.5,391.0,200702
2026-10-01,7749,意騰-KY,半導體,395.0,408.0,390.0,401.5,283560
2026-09-29,7750,新代,電機機械,1960.0,1980.0,1940.0,1960.0,82412
2026-09-30,7750,新代,電機機械,1960.0,1980.0,1915.0,1915.0,128342
2026-10-01,7750,新代,電機機械,1940.0,1940.0,1890.0,1895.0,97494
2026-09-29,7751,竑騰,半導體,1515.0,1560.0,1470.0,1555.0,189002
2026-09-30,7751,竑騰,半導體,1625.0,1650.0,1530.0,1625.0,354828
2026-10-01,7751,竑騰,半導體,1615.0,1650.0,1570.0,1630.0,111238
2026-09-29,7753,星亞,光電,35.75,35.9,35.4,35.6,21068
2026-09-30,7753,星亞,光電,35.4,35.6,35.4,35.6,18064
2026-10-01,7753,星亞,光電,35.3,36.0,35.25,35.7,16038
2026-09-29,7757,金色三麥,觀光餐旅,91.0,91.0,90.0,90.5,20733
2026-09-30,7757,金色三麥,觀光餐旅,90.5,90.5,89.5,90.2,19648
2026-10-01,7757,金色三麥,觀光餐旅,90.3,90.3,89.1,89.2,16324
2026-09-29,7760,享溫馨,觀光餐旅,32.6,33.25,32.6,33.25,17030
2026-09-30,7760,享溫馨,觀光餐旅,33.25,33.25,32.5,32.55,35224
2026-10-01,7760,享溫馨,觀光餐旅,32.55,32.7,32.5,32.5,42946
2026-09-29,7765,中華資安,數位雲端,240.0,240.0,235.5,237.0,111626
2026-09-30,7765,中華資安,數位雲端,237.5,238.5,235.5,237.0,74827
2026-10-01,7765,中華資安,數位雲端,238.5,238.5,235.0,236.5,70820
2026-09-29,7767,仁大資訊,資訊服務,46.65,46.65,46.2,46.2,21017
2026-09-30,7767,仁大資訊,資訊服務,46.35,46.35,46.3,46.3,2275
2026-09-29,7768,頌勝科技,半導體,304.5,307.5,297.0,304.0,114668
2026-09-30,7768,頌勝科技,半導體,304.5,308.0,298.5,299.5,84548
2026-10-01,7768,頌勝科技,半導體,299.5,304.0,289.0,301.0,121020
2026-09-29,7769,鴻勁,半導體,5605.0,5795.0,5570.0,5585.0,992836
2026-09-30,7769,鴻勁,半導體,5650.0,5650.0,5380.0,5505.0,926671
2026-10-01,7769,鴻勁,半導體,5570.0,5650.0,5435.0,5490.0,487125
2026-09-29,7770,君曜,半導體,39.5,42.95,39.5,42.95,21465
2026-09-30,7770,君曜,半導體,42.95,42.95,41.5,42.6,21052
2026-10-01,7770,君曜,半導體,41.8,41.8,41.4,41.45,10000
2026-09-29,7772,耀穎,半導體,176.0,179.5,172.5,176.0,134978
2026-09-30,7772,耀穎,半導體,180.0,180.0,175.0,176.0,101236
2026-10-01,7772,耀穎,半導體,181.0,184.0,176.0,184.0,162250
2026-09-29,7777,能率亞洲,其他,35.95,36.85,35.5,35.6,1169242
2026-09-30,7777,能率亞洲,其他,36.05,38.35,35.8,38.0,2320080
2026-10-01,7777,能率亞洲,其他,38.0,38.75,37.4,38.25,2967705
2026-09-29,7780,大研生醫*,食品工業,16.05,16.2,16.0,16.05,450257
2026-09-30,7780,大研生醫*,食品工業,16.15,16.25,16.05,16.25,585103
2026-10-01,7780,大研生醫*,食品工業,16.25,16.25,16.0,16.15,862735
2026-09-29,7782,光速火箭,居家生活,24.75,24.95,24.75,24.95,3001
2026-09-30,7782,光速火箭,居家生活,25.15,25.25,25.1,25.25,3111
2026-10-01,7782,光速火箭,居家生活,25.15,25.15,25.15,25.15,1000
2026-09-29,7786,東方風能,綠能環保,118.0,120.5,116.5,118.5,110073
2026-09-30,7786,東方風能,綠能環保,118.5,119.5,118.0,119.5,71350
2026-10-01,7786,東方風能,綠能環保,118.0,119.0,117.5,118.5,77730
2026-09-29,7788,松川精密,電子零組件,290.5,296.0,287.0,287.5,928026
2026-09-30,7788,松川精密,電子零組件,292.0,296.0,286.5,294.0,926113
2026-10-01,7788,松川精密,電子零組件,299.0,300.0,285.0,290.5,2530364
2026-09-29,7791,皇家可口,食品工業,55.1,55.4,55.0,55.4,41945
2026-09-30,7791,皇家可口,食品工業,55.1,55.4,55.1,55.3,18558
2026-10-01,7791,皇家可口,食品工業,55.1,55.1,54.7,54.8,58971
2026-09-29,7792,安葆,其他電子,427.5,430.0,400.0,416.0,1602475
2026-09-30,7792,安葆,其他電子,420.0,424.0,413.0,424.0,365930
2026-10-01,7792,安葆,其他電子,416.0,430.5,410.0,421.0,371596
2026-09-29,7794,宏碁智新,居家生活,30.1,30.25,30.0,30.25,6066
2026-09-30,7794,宏碁智新,居家生活,30.25,30.7,30.25,30.6,11066
2026-10-01,7794,宏碁智新,居家生活,30.35,30.35,30.0,30.3,39711
2026-09-29,7795,長廣,電子零組件,480.0,502.0,480.0,496.0,517331
2026-09-30,7795,長廣,電子零組件,499.5,501.0,487.5,488.0,538793
2026-10-01,7795,長廣,電子零組件,490.5,536.0,483.0,536.0,1890557
2026-09-29,7799,禾榮科,生技醫療,496.0,510.0,490.0,490.5,621797
2026-09-30,7799,禾榮科,生技醫療,509.0,539.0,503.0,539.0,2151874
2026-10-01,7799,禾榮科,生技醫療,555.0,574.0,544.0,555.0,2198114
2026-09-29,7803,雲象科技-創,生技醫療,18.0,18.0,17.6,17.75,52156
2026-09-30,7803,雲象科技-創,生技醫療,17.75,18.05,17.5,17.95,144259
2026-10-01,7803,雲象科技-創,生技醫療,17.95,17.95,17.55,17.8,40080
2026-09-29,7805,威聯通,數位雲端,498.0,498.0,489.0,489.0,57421
2026-09-30,7805,威聯通,數位雲端,498.0,498.0,491.5,494.0,30351
2026-10-01,7805,威聯通,數位雲端,492.0,492.0,489.5,490.0,48044
2026-09-29,7810,捷創科技,半導體,224.0,235.0,224.0,227.5,94497
2026-09-30,7810,捷創科技,半導體,229.0,236.0,228.5,235.0,206542
2026-10-01,7810,捷創科技,半導體,236.0,242.0,235.0,235.0,219901
2026-09-29,7811,民盛,運動休閒,73.5,73.5,73.5,73.5,11000
2026-09-30,7811,民盛,運動休閒,73.5,73.5,73.5,73.5,1000
2026-10-01,7811,民盛,運動休閒,73.5,73.5,73.5,73.5,5000
2026-09-29,7812,稜研科技*-創,通信網路,70.4,70.8,69.1,69.4,64523
2026-09-30,7812,稜研科技*-創,通信網路,69.2,69.7,66.5,66.7,248351
2026-10-01,7812,稜研科技*-創,通信網路,66.7,66.7,64.0,64.5,292086
2026-09-29,7814,海昌生技,生技醫療,28.4,28.45,28.35,28.4,10300
2026-09-30,7814,海昌生技,生技醫療,28.4,28.4,28.25,28.25,17054
2026-10-01,7814,海昌生技,生技醫療,28.25,28.6,28.25,28.4,16352
2026-09-29,7818,溢泰實業,綠能環保,59.9,59.9,59.4,59.9,54677
2026-09-30,7818,溢泰實業,綠能環保,60.2,60.2,59.5,60.1,66255
2026-10-01,7818,溢泰實業,綠能環保,60.0,60.1,59.7,60.1,55153
2026-09-29,7819,精誠金融,資訊服務,34.35,34.35,34.3,34.3,8443
2026-09-30,7819,精誠金融,資訊服務,34.25,34.3,33.5,33.7,50136
2026-10-01,7819,精誠金融,資訊服務,33.8,33.8,33.7,33.7,13092
2026-09-29,7820,立盈,綠能環保,109.0,109.5,107.0,108.5,5150
2026-09-30,7820,立盈,綠能環保,106.5,111.0,106.5,110.5,20360
2026-10-01,7820,立盈,綠能環保,108.5,110.0,106.5,110.0,10020
2026-09-29,7821,神數,汽車工業,36.4,36.6,36.05,36.1,176922
2026-09-30,7821,神數,汽車工業,36.05,36.05,35.6,35.9,197607
2026-10-01,7821,神數,汽車工業,35.8,36.0,35.6,35.85,160670
2026-09-29,7822,倍利科,半導體,930.0,986.0,925.0,976.0,361243
2026-09-30,7822,倍利科,半導體,998.0,1025.0,989.0,998.0,469058
2026-10-01,7822,倍利科,半導體,1000.0,1020.0,979.0,1000.0,295608
2026-09-29,7823,奧義賽博-KY創,數位雲端,81.5,81.5,80.0,80.0,39162
2026-09-30,7823,奧義賽博-KY創,數位雲端,80.1,80.2,79.3,80.2,37185
2026-10-01,7823,奧義賽博-KY創,數位雲端,80.2,80.2,79.1,79.9,53100
2026-09-29,7825,和亞智慧,其他電子,84.5,87.9,83.5,83.6,552590
2026-09-30,7825,和亞智慧,其他電子,82.6,86.5,81.4,84.4,374653
2026-10-01,7825,和亞智慧,其他電子,84.6,88.0,83.5,85.6,443629
2026-09-29,7827,漢康-KY創,生技醫療,161.0,167.0,158.0,163.5,407175
2026-09-30,7827,漢康-KY創,生技醫療,162.5,165.0,162.5,165.0,205107
2026-10-01,7827,漢康-KY創,生技醫療,165.0,170.5,163.5,165.0,352923
2026-09-29,7828,創新服務,半導體,1980.0,1980.0,1900.0,1900.0,174524
2026-09-30,7828,創新服務,半導體,1920.0,1965.0,1875.0,1885.0,248664
2026-10-01,7828,創新服務,半導體,1920.0,1940.0,1865.0,1875.0,149757
2026-09-29,7835,永悅健康-創,數位雲端,20.0,20.0,19.9,20.0,44054
2026-09-30,7835,永悅健康-創,數位雲端,20.0,20.2,19.7,20.2,66347
2026-10-01,7835,永悅健康-創,數位雲端,19.6,19.95,19.6,19.75,98060
2026-09-29,7839,達人網,數位雲端,43.1,43.3,42.2,43.3,9283
2026-09-30,7839,達人網,數位雲端,43.2,43.2,42.5,43.2,9226
2026-10-01,7839,達人網,數位雲端,43.2,43.5,42.5,43.0,21000
2026-09-29,7842,天能綠電,綠能環保,98.6,98.6,98.6,98.6,1126
2026-09-30,7842,天能綠電,綠能環保,94.3,98.4,94.3,98.3,15473
2026-10-01,7842,天能綠電,綠能環保,98.2,98.2,97.0,97.7,3483
2026-09-29,7855,和運租車,其他,41.85,41.85,41.5,41.5,867500
2026-09-30,7855,和運租車,其他,41.5,41.7,41.3,41.4,486814
2026-10-01,7855,和運租車,其他,41.5,41.55,41.35,41.4,378013
2026-09-29,7856,漢測,半導體,4580.0,4580.0,4255.0,4315.0,555221
2026-09-30,7856,漢測,半導體,4340.0,4400.0,4235.0,4250.0,262064
2026-10-01,7856,漢測,半導體,4240.0,4470.0,4115.0,4300.0,536716
2026-09-29,8011,台通,通信網路,15.9,16.0,15.75,15.8,169654
2026-09-30,8011,台通,通信網路,15.9,16.25,15.85,16.1,893666
2026-10-01,8011,台通,通信網路,16.1,16.1,16.0,16.05,127920
2026-09-29,8016,矽創,半導體,284.0,286.0,282.5,285.0,334696
2026-09-30,8016,矽創,半導體,286.0,286.5,283.5,284.0,420563
2026-10-01,8016,矽創,半導體,287.0,288.5,285.0,288.5,499987
2026-09-29,8021,尖點,其他電子,475.5,481.5,470.0,480.0,755727
2026-09-30,8021,尖點,其他電子,486.0,487.5,480.0,486.0,855758
2026-10-01,8021,尖點,其他電子,487.0,503.0,487.0,503.0,1461511
2026-09-29,8024,佑華,半導體,12.3,12.65,12.3,12.55,28619
2026-09-30,8024,佑華,半導體,11.6,13.1,11.6,12.55,84804
2026-10-01,8024,佑華,半導體,12.55,12.75,12.3,12.35,52474
2026-09-29,8027,鈦昇,電機機械,187.0,202.0,185.5,202.0,6347702
2026-09-30,8027,鈦昇,電機機械,222.0,222.0,219.0,222.0,1860710
2026-10-01,8027,鈦昇,電機機械,225.0,225.0,207.0,209.5,9159424
2026-09-29,8028,昇陽半導體,半導體,270.5,295.5,269.5,289.0,18892813
2026-09-30,8028,昇陽半導體,半導體,292.0,292.0,281.0,282.5,11750104
2026-10-01,8028,昇陽半導體,半導體,277.0,281.0,275.5,280.0,5165195
2026-09-29,8032,光菱,電子通路,35.7,36.15,35.0,35.8,88333
2026-09-30,8032,光菱,電子通路,35.8,36.5,35.8,36.2,47831
2026-10-01,8032,光菱,電子通路,36.1,36.5,36.0,36.2,24462
2026-09-29,8033,雷虎,其他,168.5,173.0,168.5,169.0,1566222
2026-09-30,8033,雷虎,其他,170.0,176.5,169.5,174.5,2559779
2026-10-01,8033,雷虎,其他,173.0,176.0,173.0,175.5,1716075
2026-09-29,8034,榮群,通信網路,20.5,20.5,20.25,20.5,65567
2026-09-30,8034,榮群,通信網路,20.5,20.85,20.25,20.35,72255
2026-10-01,8034,榮群,通信網路,20.35,20.35,19.95,19.95,69690
2026-09-29,8038,長園科,電子零組件,32.5,32.7,32.25,32.45,89920
2026-09-30,8038,長園科,電子零組件,31.9,34.7,31.9,34.6,392497
2026-10-01,8038,長園科,電子零組件,34.6,34.65,33.75,33.85,135456
2026-09-29,8039,台虹,電子零組件,257.5,273.5,256.5,273.5,14052899
2026-09-30,8039,台虹,電子零組件,279.5,300.5,277.5,300.5,31798678
2026-10-01,8039,台虹,電子零組件,297.0,297.5,285.0,288.5,30321735
2026-09-29,8040,九暘,半導體,93.0,102.5,92.5,100.0,8763123
2026-09-30,8040,九暘,半導體,101.0,102.5,98.0,98.5,4657019
2026-10-01,8040,九暘,半導體,98.0,99.0,95.4,95.4,2808746
2026-09-29,8042,金山電,電子零組件,113.0,113.0,110.5,111.5,2180640
2026-09-30,8042,金山電,電子零組件,113.0,114.0,111.0,111.5,1351882
2026-10-01,8042,金山電,電子零組件,112.0,122.0,112.0,118.0,12002178
2026-09-29,8043,蜜望實,電子零組件,133.0,133.0,130.5,131.5,619204
2026-09-30,8043,蜜望實,電子零組件,133.0,133.5,130.5,130.5,792073
2026-10-01,8043,蜜望實,電子零組件,132.0,142.0,132.0,138.5,6320744
2026-09-29,8044,網家,數位雲端,24.05,24.1,23.85,24.1,147297
2026-09-30,8044,網家,數位雲端,24.2,24.3,24.05,24.3,196505
2026-10-01,8044,網家,數位雲端,24.35,24.55,23.95,24.2,286988
2026-09-29,8045,達運光電,通信網路,53.6,54.5,53.2,53.4,85861
2026-09-30,8045,達運光電,通信網路,52.6,54.1,52.6,53.9,75705
2026-10-01,8045,達運光電,通信網路,54.2,55.5,53.8,54.7,174112
2026-09-29,8046,南電,電子零組件,1210.0,1280.0,1200.0,1270.0,9218794
2026-09-30,8046,南電,電子零組件,1285.0,1340.0,1250.0,1340.0,13649185
2026-10-01,8046,南電,電子零組件,1390.0,1450.0,1370.0,1420.0,19869429
2026-09-29,8047,星雲,其他電子,49.2,51.0,49.2,51.0,288315
2026-09-30,8047,星雲,其他電子,51.2,51.5,50.2,50.8,411025
2026-10-01,8047,星雲,其他電子,51.0,51.1,50.6,51.0,205456
2026-09-29,8048,德勝,通信網路,50.1,50.4,49.5,50.4,89827
2026-09-30,8048,德勝,通信網路,49.95,50.9,49.7,50.6,97012
2026-10-01,8048,德勝,通信網路,50.8,51.0,50.7,50.8,63398
2026-09-29,8049,晶采,光電,24.3,24.7,24.3,24.5,152388
2026-09-30,8049,晶采,光電,24.6,24.65,24.55,24.6,118534
2026-10-01,8049,晶采,光電,24.6,24.85,24.5,24.8,188969
2026-09-29,8050,廣積,電腦及週邊,61.7,66.2,61.6,65.7,6037266
2026-09-30,8050,廣積,電腦及週邊,67.1,68.0,63.0,63.6,6175760
2026-10-01,8050,廣積,電腦及週邊,64.1,64.3,62.6,63.4,1895500
2026-09-29,8054,安國,半導體,85.0,87.6,84.3,87.2,1175822
2026-09-30,8054,安國,半導體,89.0,89.0,86.6,88.6,1060873
2026-10-01,8054,安國,半導體,89.0,92.5,88.9,89.8,2193880
2026-09-29,8059,凱碩,通信網路,17.5,17.7,17.2,17.3,120630
2026-09-30,8059,凱碩,通信網路,17.05,17.5,17.0,17.15,155842
2026-10-01,8059,凱碩,通信網路,17.15,17.7,17.15,17.55,68765
2026-09-29,8064,東捷,光電,139.0,148.5,138.0,141.5,22141270
2026-09-30,8064,東捷,光電,144.0,155.0,144.0,145.5,23198445
2026-10-01,8064,東捷,光電,146.0,148.0,141.0,143.5,8061497
2026-09-29,8066,來思達,居家生活,14.6,15.2,14.6,15.0,10262
2026-09-30,8066,來思達,居家生活,15.25,15.25,14.8,15.15,7742
2026-10-01,8066,來思達,居家生活,14.65,14.95,14.65,14.95,12083
2026-09-29,8067,志旭,電子通路,11.45,12.3,11.45,12.3,4040
2026-09-30,8067,志旭,電子通路,12.3,12.5,12.3,12.35,8001
2026-10-01,8067,志旭,電子通路,12.6,12.6,12.0,12.0,3150
2026-09-29,8068,全達,電子通路,17.65,17.85,17.55,17.6,196740
2026-09-30,8068,全達,電子通路,17.6,18.0,17.55,17.75,129310
2026-10-01,8068,全達,電子通路,17.85,18.45,17.6,17.75,144518
2026-09-29,8069,元太,光電,141.0,144.5,138.5,142.5,8504753
2026-09-30,8069,元太,光電,145.0,146.5,143.5,144.0,5453615
2026-10-01,8069,元太,光電,144.0,145.0,143.5,144.0,4088561
2026-09-29,8070,長華*,電子通路,49.75,50.0,49.4,49.7,667296
2026-09-30,8070,長華*,電子通路,50.0,50.4,50.0,50.2,942453
2026-10-01,8070,長華*,電子通路,50.3,50.5,50.0,50.2,885030
2026-09-29,8071,能率網通,電子零組件,21.65,22.15,21.65,21.85,177725
2026-09-30,8071,能率網通,電子零組件,21.8,22.1,21.8,22.05,330790
2026-10-01,8071,能率網通,電子零組件,22.2,22.4,21.95,22.0,305535
2026-09-29,8072,陞泰,電子通路,28.35,28.35,27.7,27.8,148699
2026-09-30,8072,陞泰,電子通路,27.9,27.95,27.6,27.85,99285
2026-10-01,8072,陞泰,電子通路,27.8,28.05,27.7,27.8,99062
2026-09-29,8074,鉅橡,電子零組件,51.8,51.8,50.4,50.8,151285
2026-09-30,8074,鉅橡,電子零組件,51.2,51.8,51.1,51.6,267411
2026-10-01,8074,鉅橡,電子零組件,52.0,52.2,51.6,51.8,193109
2026-09-29,8076,伍豐,電腦及週邊,21.5,21.8,21.4,21.5,452486
2026-09-30,8076,伍豐,電腦及週邊,21.7,21.8,21.55,21.8,525492
2026-10-01,8076,伍豐,電腦及週邊,21.8,21.8,21.55,21.6,352317
2026-09-30,8077,洛碁,觀光餐旅,42.3,42.35,42.15,42.15,10009
2026-10-01,8077,洛碁,觀光餐旅,41.8,41.8,41.8,41.8,1028
2026-09-29,8080,泰霖,建材營造,28.05,28.05,27.95,28.0,23103
2026-09-30,8080,泰霖,建材營造,27.7,27.85,27.7,27.8,10779
2026-10-01,8080,泰霖,建材營造,28.35,28.35,28.0,28.0,5558
2026-09-29,8081,致新,半導體,254.0,257.0,253.0,255.5,360523
2026-09-30,8081,致新,半導體,258.0,258.0,251.5,251.5,457504
2026-10-01,8081,致新,半導體,253.0,256.0,252.0,255.0,411748
2026-09-29,8083,瑞穎,電機機械,156.5,156.5,154.5,155.5,36310
2026-09-30,8083,瑞穎,電機機械,156.0,157.0,155.5,156.0,48000
2026-10-01,8083,瑞穎,電機機械,157.0,157.5,156.0,156.5,91132
2026-09-29,8084,巨虹,電子通路,29.8,29.8,29.8,29.8,541516
2026-09-30,8084,巨虹,電子通路,26.85,26.85,26.85,26.85,1033679
2026-10-01,8084,巨虹,電子通路,24.2,24.2,24.2,24.2,2425000
2026-09-29,8085,福華,其他電子,14.5,14.5,14.1,14.25,103129
2026-09-30,8085,福華,其他電子,14.15,14.55,14.15,14.4,134566
2026-10-01,8085,福華,其他電子,14.15,14.9,14.15,14.6,141961
2026-09-29,8086,宏捷科,半導體,110.0,111.0,109.0,110.0,737197
2026-09-30,8086,宏捷科,半導體,111.0,116.0,111.0,114.5,4749908
2026-10-01,8086,宏捷科,半導體,114.5,116.5,111.5,115.0,3870958
2026-09-29,8087,麗升能源,綠能環保,23.4,23.4,23.0,23.0,26209
2026-09-30,8087,麗升能源,綠能環保,23.3,23.3,22.6,22.8,20836
2026-10-01,8087,麗升能源,綠能環保,22.85,24.3,22.85,23.6,21114
2026-09-29,8088,品安,半導體,41.9,42.55,41.75,42.25,181476
2026-09-30,8088,品安,半導體,42.3,44.55,42.3,44.4,705207
2026-10-01,8088,品安,半導體,44.9,44.9,43.65,43.65,753829
2026-09-29,8089,康全電訊,通信網路,19.25,19.4,18.9,19.15,90972
2026-09-30,8089,康全電訊,通信網路,19.05,19.5,18.95,19.5,133024
2026-10-01,8089,康全電訊,通信網路,19.45,19.6,19.2,19.6,70869
2026-09-29,8091,翔名,半導體,216.0,220.0,216.0,220.0,234842
2026-09-30,8091,翔名,半導體,221.5,223.0,215.5,217.0,333348
2026-10-01,8091,翔名,半導體,217.0,217.0,214.0,215.5,148155
2026-09-29,8092,建暐,其他電子,12.75,12.85,12.5,12.55,67642
2026-09-30,8092,建暐,其他電子,12.85,12.85,12.5,12.6,29571
2026-10-01,8092,建暐,其他電子,12.6,12.6,12.5,12.55,28115
2026-09-29,8093,保銳,電子零組件,22.55,25.0,22.55,23.85,20344
2026-09-30,8093,保銳,電子零組件,24.3,24.65,23.65,23.65,32658
2026-10-01,8093,保銳,電子零組件,23.8,25.25,23.8,25.25,25769
2026-09-29,8096,擎亞,電子通路,84.6,89.2,84.4,88.7,4618928
2026-09-30,8096,擎亞,電子通路,89.3,91.1,88.2,88.3,3247616
2026-10-01,8096,擎亞,電子通路,90.0,90.9,87.1,87.5,2981792
2026-09-29,8097,常珵,通信網路,49.2,49.2,47.6,48.15,267077
2026-09-30,8097,常珵,通信網路,48.85,49.3,48.0,48.5,117799
2026-10-01,8097,常珵,通信網路,48.0,48.9,47.9,48.55,114427
2026-09-29,8099,大世科,資訊服務,59.8,60.1,59.4,59.8,21430
2026-09-30,8099,大世科,資訊服務,60.2,60.2,59.1,59.6,46104
2026-10-01,8099,大世科,資訊服務,60.4,60.6,59.8,60.3,89890
2026-09-29,8101,華冠,通信網路,10.95,11.0,10.7,10.7,6828
2026-09-30,8101,華冠,通信網路,10.55,11.05,10.5,11.05,9092
2026-10-01,8101,華冠,通信網路,11.0,11.05,11.0,11.05,5605
2026-09-30,8102,傑霖科技,半導體,57.5,60.4,57.3,59.9,14000
2026-10-01,8102,傑霖科技,半導體,59.0,59.0,59.0,59.0,2000
2026-09-29,8103,瀚荃,電子零組件,122.5,122.5,117.0,117.0,3898756
2026-09-30,8103,瀚荃,電子零組件,118.0,124.5,116.0,121.5,3891707
2026-10-01,8103,瀚荃,電子零組件,122.0,125.0,119.0,124.0,4022075
2026-09-29,8104,錸寶,光電,31.1,31.7,31.0,31.4,414116
2026-09-30,8104,錸寶,光電,31.7,32.45,31.7,32.1,654927
2026-10-01,8104,錸寶,光電,32.1,32.15,31.5,31.7,217875
2026-09-29,8105,凌巨,光電,14.9,15.0,14.7,14.9,988490
2026-09-30,8105,凌巨,光電,15.0,16.35,15.0,16.35,8120178
2026-10-01,8105,凌巨,光電,16.05,16.05,15.45,15.45,6433836
2026-09-29,8107,大億金茂,電機機械,12.15,12.15,12.0,12.05,16109
2026-09-30,8107,大億金茂,電機機械,12.05,12.1,11.7,12.0,70342
2026-10-01,8107,大億金茂,電機機械,12.1,12.1,11.8,11.8,57574
2026-09-29,8109,博大,電子零組件,133.0,135.0,131.5,134.5,171040
2026-09-30,8109,博大,電子零組件,134.5,136.0,133.5,135.0,193119
2026-10-01,8109,博大,電子零組件,136.0,145.5,136.0,144.5,1379977
2026-09-29,8110,華東,半導體,48.5,48.9,48.0,48.4,4399510
2026-09-30,8110,華東,半導體,48.85,49.3,48.35,49.2,6104836
2026-10-01,8110,華東,半導體,49.2,49.2,48.3,48.7,4341907
2026-09-29,8111,立碁,光電,76.4,81.5,76.2,79.7,12593145
2026-09-30,8111,立碁,光電,80.4,81.2,78.9,79.3,8601972
2026-10-01,8111,立碁,光電,79.3,80.5,78.0,78.0,5912736
2026-09-29,8112,至上,電子通路,83.5,83.6,82.6,82.7,3568622
2026-09-30,8112,至上,電子通路,83.3,83.3,82.8,82.8,5267062
2026-10-01,8112,至上,電子通路,83.1,84.0,82.7,83.8,5690582
2026-09-29,8114,振樺電,電腦及週邊,177.5,181.0,177.5,179.0,213036
2026-09-30,8114,振樺電,電腦及週邊,180.0,180.5,177.5,179.0,291044
2026-10-01,8114,振樺電,電腦及週邊,179.0,179.0,176.0,178.0,227586
2026-09-29,8121,越峰,電子零組件,30.65,32.75,30.0,31.9,3623181
2026-09-30,8121,越峰,電子零組件,32.0,32.0,31.15,31.5,1238513
2026-10-01,8121,越峰,電子零組件,31.5,34.65,31.0,34.65,2904156
2026-09-29,8131,福懋科,半導體,61.4,61.8,60.9,61.6,607921
2026-09-30,8131,福懋科,半導體,62.0,63.2,62.0,62.6,1896520
2026-10-01,8131,福懋科,半導體,63.1,63.1,61.9,62.5,1213878
2026-09-29,8147,正淩,電子零組件,137.5,150.0,137.5,148.0,738201
2026-09-30,8147,正淩,電子零組件,149.5,160.5,148.0,158.5,1227046
2026-10-01,8147,正淩,電子零組件,152.0,153.0,143.0,143.5,1012989
2026-09-29,8150,南茂,半導體,112.0,112.0,104.5,104.5,53281367
2026-09-30,8150,南茂,半導體,106.0,114.5,105.5,114.5,78992086
2026-10-01,8150,南茂,半導體,113.0,116.0,109.5,115.5,72187178
2026-09-29,8155,博智,電子零組件,331.0,331.0,306.0,306.0,2027409
2026-09-30,8155,博智,電子零組件,310.0,318.5,302.0,316.0,1235300
2026-10-01,8155,博智,電子零組件,316.0,327.0,310.0,313.5,786262
2026-09-29,8162,微矽電子-創,半導體,65.6,66.5,64.5,65.4,412662
2026-09-30,8162,微矽電子-創,半導體,66.0,67.7,65.4,66.8,495524
2026-10-01,8162,微矽電子-創,半導體,66.8,68.3,66.1,68.0,422474
2026-09-29,8163,達方,電腦及週邊,30.2,30.3,29.8,30.15,385982
2026-09-30,8163,達方,電腦及週邊,30.3,30.5,30.15,30.25,670760
2026-10-01,8163,達方,電腦及週邊,30.25,30.9,30.25,30.6,732384
2026-09-29,8171,天宇,綠能環保,20.55,20.75,20.45,20.6,199428
2026-09-30,8171,天宇,綠能環保,20.7,20.8,20.5,20.8,196272
2026-10-01,8171,天宇,綠能環保,20.9,20.9,20.65,20.7,74556
2026-09-29,8176,智捷,通信網路,9.78,9.8,9.69,9.78,95316
2026-09-30,8176,智捷,通信網路,9.62,9.78,9.62,9.76,91427
2026-10-01,8176,智捷,通信網路,9.73,9.77,9.67,9.71,33598
2026-09-29,8182,加高,電子零組件,41.25,42.6,41.0,41.2,1576692
2026-09-30,8182,加高,電子零組件,41.5,42.4,41.05,41.4,711780
2026-10-01,8182,加高,電子零組件,41.45,45.0,41.45,44.25,3733601
2026-09-29,8201,無敵,其他電子,14.6,14.6,14.2,14.6,843746
2026-09-30,8201,無敵,其他電子,15.5,16.05,15.5,16.05,1763068
2026-10-01,8201,無敵,其他電子,17.6,17.65,16.1,17.65,2774334
2026-09-29,8210,勤誠,電腦及週邊,894.0,894.0,876.0,877.0,1137156
2026-09-30,8210,勤誠,電腦及週邊,870.0,871.0,832.0,836.0,4742387
2026-10-01,8210,勤誠,電腦及週邊,841.0,846.0,822.0,845.0,2063602
2026-09-29,8213,志超,電子零組件,33.1,33.1,32.8,32.8,529799
2026-09-30,8213,志超,電子零組件,33.25,34.5,32.9,34.5,1000110
2026-10-01,8213,志超,電子零組件,34.5,34.5,33.7,34.0,385406
2026-09-29,8215,明基材,光電,27.85,28.4,27.6,28.0,1185197
2026-09-30,8215,明基材,光電,28.35,30.0,28.2,29.65,4627241
2026-10-01,8215,明基材,光電,30.1,30.1,28.85,29.1,2446726
2026-09-29,8222,寶一,電機機械,35.25,35.6,35.25,35.3,101144
2026-09-30,8222,寶一,電機機械,35.45,35.95,35.3,35.8,250901
2026-10-01,8222,寶一,電機機械,36.0,36.0,35.5,35.55,112361
2026-09-29,8227,巨有科技,半導體,313.0,337.0,308.0,337.0,2527034
2026-09-30,8227,巨有科技,半導體,370.5,370.5,370.5,370.5,747553
2026-10-01,8227,巨有科技,半導體,379.5,384.5,342.0,363.5,11911058
2026-09-29,8234,新漢,電腦及週邊,61.7,62.5,61.6,62.1,283856
2026-09-30,8234,新漢,電腦及週邊,62.4,63.0,62.2,62.6,249670
2026-10-01,8234,新漢,電腦及週邊,63.0,63.6,62.8,63.0,280630
2026-09-29,8240,華宏,光電,53.6,57.0,53.6,54.5,4472780
2026-09-30,8240,華宏,光電,54.3,57.3,54.0,57.3,2462656
2026-10-01,8240,華宏,光電,60.8,63.0,60.1,60.2,8494126
2026-09-29,8249,菱光,電子零組件,39.3,39.65,38.05,39.05,384513
2026-09-30,8249,菱光,電子零組件,39.3,39.75,38.5,39.5,218355
2026-10-01,8249,菱光,電子零組件,39.5,39.6,39.3,39.4,99799
2026-09-29,8255,朋程,電機機械,142.5,145.0,142.0,145.0,267449
2026-09-30,8255,朋程,電機機械,147.0,149.0,145.5,147.0,568669
2026-10-01,8255,朋程,電機機械,148.5,150.0,147.5,149.5,337796
2026-09-29,8261,富鼎,半導體,174.5,181.5,174.5,176.5,1003785
2026-09-30,8261,富鼎,半導體,179.0,180.0,175.0,176.0,1185324
2026-10-01,8261,富鼎,半導體,177.0,184.0,177.0,181.5,3960633
2026-09-29,8271,宇瞻,半導體,200.0,201.5,199.0,199.5,564200
2026-09-30,8271,宇瞻,半導體,202.0,202.5,200.0,202.0,700298
2026-10-01,8271,宇瞻,半導體,203.0,203.0,200.5,201.0,696257
2026-09-29,8272,全景軟體,資訊服務,65.5,65.5,65.5,65.5,1119
2026-09-30,8272,全景軟體,資訊服務,63.6,64.5,63.5,64.5,4004
2026-10-01,8272,全景軟體,資訊服務,62.9,64.2,62.9,63.9,4309
2026-09-29,8277,商丞,半導體,15.8,15.8,14.65,15.6,118349
2026-09-30,8277,商丞,半導體,15.5,15.5,15.15,15.5,161010
2026-10-01,8277,商丞,半導體,15.5,15.55,15.25,15.5,181535
2026-09-29,8279,生展,生技醫療,78.1,78.8,77.7,78.7,31394
2026-09-30,8279,生展,生技醫療,78.8,78.8,78.0,78.0,10202
2026-10-01,8279,生展,生技醫療,77.6,81.6,77.6,80.8,45559
2026-09-29,8284,三竹,資訊服務,68.1,68.2,68.0,68.0,13130
2026-09-30,8284,三竹,資訊服務,68.0,68.0,66.9,68.0,55775
2026-10-01,8284,三竹,資訊服務,68.0,68.9,66.7,67.6,28023
2026-09-29,8289,泰藝,電子零組件,46.0,47.4,45.3,46.05,718771
2026-09-30,8289,泰藝,電子零組件,46.25,46.95,45.7,46.4,430057
2026-10-01,8289,泰藝,電子零組件,46.35,51.0,46.3,51.0,2531326
2026-09-29,8291,尚茂,電子零組件,28.8,28.9,28.8,28.9,10031
2026-09-30,8291,尚茂,電子零組件,28.9,29.95,28.55,28.55,51189
2026-10-01,8291,尚茂,電子零組件,28.55,28.7,28.35,28.35,21620
2026-09-29,8299,群聯,半導體,2105.0,2135.0,2080.0,2115.0,2235777
2026-09-30,8299,群聯,半導體,2150.0,2215.0,2140.0,2150.0,2992255
2026-10-01,8299,群聯,半導體,2165.0,2165.0,2105.0,2110.0,1963298
2026-09-29,8341,日友,綠能環保,74.5,74.6,74.3,74.3,101431
2026-09-30,8341,日友,綠能環保,74.8,74.8,74.2,74.4,159705
2026-10-01,8341,日友,綠能環保,74.4,74.4,74.2,74.2,106612
2026-09-29,8342,益張,其他,83.5,83.5,83.0,83.5,7000
2026-09-30,8342,益張,其他,83.5,83.5,83.5,83.5,1083
2026-10-01,8342,益張,其他,82.0,83.5,82.0,83.5,4001
2026-09-29,8349,恒耀,鋼鐵工業,39.5,39.7,39.05,39.6,139618
2026-09-30,8349,恒耀,鋼鐵工業,39.5,40.4,39.4,40.4,156808
2026-10-01,8349,恒耀,鋼鐵工業,40.4,40.5,40.0,40.5,191225
2026-09-29,8354,冠好,其他,16.9,16.95,16.75,16.9,13164
2026-09-30,8354,冠好,其他,16.8,17.3,16.8,16.9,19603
2026-10-01,8354,冠好,其他,16.85,17.2,16.75,16.75,93353
2026-09-29,8358,金居,電子零組件,500.0,519.0,495.5,498.0,13842988
2026-09-30,8358,金居,電子零組件,509.0,515.0,495.0,495.0,8673658
2026-10-01,8358,金居,電子零組件,500.0,521.0,500.0,505.0,17865456
2026-09-29,8367,建新國際,航運業,40.6,40.6,40.05,40.05,7068
2026-09-30,8367,建新國際,航運業,40.05,40.5,40.05,40.45,12141
2026-10-01,8367,建新國際,航運業,40.45,40.8,40.25,40.8,13706
2026-09-29,8374,羅昇,電機機械,75.4,76.7,75.4,76.0,105764
2026-09-30,8374,羅昇,電機機械,77.1,77.7,77.0,77.6,134980
2026-10-01,8374,羅昇,電機機械,78.0,78.0,76.4,76.9,116667
2026-09-29,8383,千附,半導體,68.5,68.5,67.3,67.6,561865
2026-09-30,8383,千附,半導體,67.7,68.6,67.7,68.4,705471
2026-10-01,8383,千附,半導體,68.5,68.5,67.7,67.9,484317
2026-09-29,8390,金益鼎,綠能環保,89.0,91.1,89.0,89.4,285136
2026-09-30,8390,金益鼎,綠能環保,90.2,90.6,89.6,90.4,182271
2026-10-01,8390,金益鼎,綠能環保,90.4,91.2,89.9,90.3,215895
2026-09-29,8401,白紗科,其他,22.8,22.8,22.55,22.75,8663
2026-09-30,8401,白紗科,其他,22.8,22.8,22.45,22.75,11645
2026-10-01,8401,白紗科,其他,22.7,22.7,22.6,22.7,24100
2026-09-29,8403,盛弘,生技醫療,18.95,19.05,18.9,19.05,31669
2026-09-30,8403,盛弘,生技醫療,19.05,19.05,18.9,18.95,141883
2026-10-01,8403,盛弘,生技醫療,18.95,18.95,18.85,18.9,67492
2026-09-29,8404,百和興業-KY,其他,13.6,13.6,13.15,13.15,378530
2026-09-30,8404,百和興業-KY,其他,13.25,13.45,13.2,13.25,313492
2026-10-01,8404,百和興業-KY,其他,13.3,13.35,13.2,13.3,316826
2026-09-29,8409,商之器,生技醫療,18.0,18.0,18.0,18.0,7014
2026-09-30,8409,商之器,生技醫療,18.05,18.05,18.0,18.0,6006
2026-10-01,8409,商之器,生技醫療,18.0,18.0,18.0,18.0,2020
2026-09-29,8410,森田,電腦及週邊,28.0,28.0,27.55,28.0,29677
2026-09-30,8410,森田,電腦及週邊,28.0,28.0,27.7,27.8,26827
2026-10-01,8410,森田,電腦及週邊,27.65,27.9,27.55,27.8,28372
2026-09-29,8411,福貞-KY,其他,11.9,11.95,11.65,11.9,435221
2026-09-30,8411,福貞-KY,其他,11.8,11.9,11.6,11.9,347046
2026-10-01,8411,福貞-KY,其他,11.8,11.9,11.75,11.9,82100
2026-09-29,8415,大國鋼,鋼鐵工業,35.45,35.75,35.15,35.15,582077
2026-09-30,8415,大國鋼,鋼鐵工業,35.2,35.65,35.15,35.2,499024
2026-10-01,8415,大國鋼,鋼鐵工業,35.3,35.75,35.3,35.55,471105
2026-09-29,8416,實威,資訊服務,168.5,169.0,168.0,169.0,3597
2026-09-30,8416,實威,資訊服務,169.0,169.0,169.0,169.0,1102
2026-10-01,8416,實威,資訊服務,170.0,170.0,169.0,169.0,3187
2026-09-29,8421,旭源,其他,12.8,12.9,12.8,12.85,25911
2026-09-30,8421,旭源,其他,12.9,12.95,12.85,12.95,64360
2026-10-01,8421,旭源,其他,12.95,13.1,12.9,13.0,113845
2026-09-29,8422,可寧衛*,綠能環保,25.75,25.75,25.45,25.5,2697535
2026-09-30,8422,可寧衛*,綠能環保,25.55,26.0,25.55,25.9,2700362
2026-10-01,8422,可寧衛*,綠能環保,26.0,26.0,25.5,25.6,2860578
2026-09-29,8423,保綠-KY,綠能環保,18.05,18.1,18.05,18.05,7118
2026-09-30,8423,保綠-KY,綠能環保,18.15,18.2,17.95,18.2,10888
2026-10-01,8423,保綠-KY,綠能環保,18.2,18.2,18.0,18.0,9020
2026-09-29,8424,惠普,建材營造,70.8,71.2,70.0,70.0,9367
2026-09-30,8424,惠普,建材營造,69.5,70.7,69.5,70.7,14579
2026-09-29,8426,紅木-KY,其他,20.55,20.65,20.2,20.65,42001
2026-09-30,8426,紅木-KY,其他,20.5,20.75,20.3,20.65,50091
2026-10-01,8426,紅木-KY,其他,20.45,20.65,20.35,20.65,18171
2026-09-29,8429,金麗-KY,貿易百貨,5.85,5.88,5.82,5.85,149803
2026-09-30,8429,金麗-KY,貿易百貨,5.86,5.91,5.84,5.91,263105
2026-10-01,8429,金麗-KY,貿易百貨,5.91,5.91,5.87,5.91,97112
2026-09-29,8431,匯鑽科,其他電子,62.3,68.5,62.3,66.3,2595935
2026-09-30,8431,匯鑽科,其他電子,65.7,67.1,65.3,66.8,1228054
2026-10-01,8431,匯鑽科,其他電子,67.8,67.8,64.3,64.7,1173677
2026-09-29,8432,東生華,生技醫療,50.6,50.8,50.0,50.6,68181
2026-09-30,8432,東生華,生技醫療,50.8,50.9,50.6,50.7,54108
2026-10-01,8432,東生華,生技醫療,50.6,50.9,50.5,50.7,32574
2026-09-29,8433,弘帆,居家生活,52.6,53.0,52.6,53.0,7152
2026-09-30,8433,弘帆,居家生活,53.2,53.2,52.8,52.8,6002
2026-10-01,8433,弘帆,居家生活,53.0,53.0,52.8,52.8,11144
2026-09-29,8435,鉅邁,其他,52.9,53.0,52.8,53.0,14392
2026-09-30,8435,鉅邁,其他,53.0,53.4,53.0,53.4,46065
2026-10-01,8435,鉅邁,其他,53.2,53.4,53.1,53.3,10367
2026-09-29,8436,大江,生技醫療,105.5,106.0,104.5,105.5,393237
2026-09-30,8436,大江,生技醫療,106.5,107.5,106.0,106.5,319157
2026-10-01,8436,大江,生技醫療,106.5,106.5,105.0,105.0,228287
2026-09-29,8437,大地-KY,其他,10.4,10.55,10.0,10.1,111427
2026-09-30,8437,大地-KY,其他,10.25,10.5,10.1,10.2,53705
2026-10-01,8437,大地-KY,其他,10.1,10.65,10.1,10.6,52209
2026-09-29,8438,昶昕,綠能環保,76.9,83.4,76.6,80.0,682528
2026-09-30,8438,昶昕,綠能環保,80.0,81.0,78.6,80.8,431834
2026-10-01,8438,昶昕,綠能環保,81.3,82.4,80.1,80.9,508451
2026-09-29,8440,綠電,綠能環保,21.5,21.5,20.65,20.95,112884
2026-09-30,8440,綠電,綠能環保,20.25,20.4,20.2,20.35,80833
2026-10-01,8440,綠電,綠能環保,20.45,20.45,20.15,20.2,47988
2026-09-29,8442,威宏-KY,其他,44.55,44.8,44.05,44.8,39185
2026-09-30,8442,威宏-KY,其他,45.5,45.65,44.35,45.6,66431
2026-10-01,8442,威宏-KY,其他,44.75,45.6,44.7,45.6,22328
2026-09-29,8443,阿瘦,貿易百貨,11.1,11.15,11.1,11.15,3566
2026-09-30,8443,阿瘦,貿易百貨,11.15,11.15,11.0,11.15,45352
2026-10-01,8443,阿瘦,貿易百貨,11.05,11.1,11.05,11.1,7906
2026-09-29,8444,綠河-KY,其他,4.4,4.4,4.4,4.4,2001
2026-09-30,8444,綠河-KY,其他,4.35,4.35,4.28,4.35,8040
2026-09-29,8446,華研,文化創意,84.7,84.7,84.2,84.4,15906
2026-09-30,8446,華研,文化創意,84.4,85.0,84.3,84.8,49775
2026-10-01,8446,華研,文化創意,84.8,85.0,84.6,84.9,12158
2026-09-29,8450,霹靂,文化創意,14.45,14.45,14.0,14.4,28941
2026-09-30,8450,霹靂,文化創意,14.15,14.3,14.1,14.3,27770
2026-10-01,8450,霹靂,文化創意,14.05,14.3,14.05,14.3,18471
2026-09-29,8454,富邦媒,數位雲端,239.0,240.0,236.0,236.0,339721
2026-09-30,8454,富邦媒,數位雲端,239.5,242.5,238.0,240.5,417352
2026-10-01,8454,富邦媒,數位雲端,241.0,241.5,238.5,239.0,233272
2026-09-29,8455,大拓-KY,其他電子,22.1,22.1,22.1,22.1,1100
2026-09-30,8455,大拓-KY,其他電子,22.1,22.1,22.1,22.1,4600
2026-10-01,8455,大拓-KY,其他電子,22.8,22.8,22.1,22.1,3000
2026-09-29,8462,柏文,運動休閒,158.0,158.0,156.5,157.0,55925
2026-09-30,8462,柏文,運動休閒,159.0,160.0,157.5,158.5,28747
2026-10-01,8462,柏文,運動休閒,159.0,160.5,153.5,157.0,122968
2026-09-29,8463,潤泰材,其他,21.0,21.1,20.9,20.95,101166
2026-09-30,8463,潤泰材,其他,21.0,21.25,21.0,21.25,30140
2026-10-01,8463,潤泰材,其他,21.25,21.25,21.15,21.2,17010
2026-09-29,8464,億豐,居家生活,372.5,375.0,371.0,372.5,525038
2026-09-30,8464,億豐,居家生活,371.5,373.5,366.5,366.5,349317
2026-10-01,8464,億豐,居家生活,367.0,368.5,362.5,362.5,188926
2026-09-29,8466,美吉吉-KY,其他,16.1,16.1,15.25,15.25,33002
2026-09-30,8466,美吉吉-KY,其他,15.1,15.1,15.0,15.1,31241
2026-10-01,8466,美吉吉-KY,其他,15.0,15.4,15.0,15.15,15000
2026-09-29,8467,波力-KY,運動休閒,89.0,89.0,88.0,88.0,5340
2026-09-30,8467,波力-KY,運動休閒,88.9,88.9,87.7,87.7,7709
2026-10-01,8467,波力-KY,運動休閒,87.1,88.1,87.1,88.1,6320
2026-09-29,8472,納維康,數位雲端,76.6,76.7,73.1,73.1,17669
2026-09-30,8472,納維康,數位雲端,74.4,74.4,69.5,69.5,21005
2026-10-01,8472,納維康,數位雲端,70.0,70.0,62.6,69.2,181956
2026-09-29,8473,山林水,綠能環保,39.4,39.8,39.25,39.5,286371
2026-09-30,8473,山林水,綠能環保,39.3,39.75,39.2,39.75,393467
2026-10-01,8473,山林水,綠能環保,39.75,39.75,39.0,39.05,391226
2026-09-29,8476,台境*,綠能環保,19.5,20.35,19.5,19.85,247315
2026-09-30,8476,台境*,綠能環保,20.0,20.2,19.9,20.1,171300
2026-10-01,8476,台境*,綠能環保,20.1,20.4,20.05,20.3,256988
2026-09-29,8477,創業家,數位雲端,13.9,14.1,13.9,14.1,9645
2026-09-30,8477,創業家,數位雲端,14.1,14.35,14.1,14.1,12608
2026-10-01,8477,創業家,數位雲端,14.0,14.2,14.0,14.2,6419
2026-09-29,8478,東哥遊艇,運動休閒,139.5,140.0,139.0,139.0,48714
2026-09-30,8478,東哥遊艇,運動休閒,139.0,141.0,139.0,141.0,60602
2026-10-01,8478,東哥遊艇,運動休閒,141.5,141.5,139.5,141.5,46001
2026-09-29,8481,政伸,其他,40.8,40.8,40.6,40.7,23000
2026-09-30,8481,政伸,其他,40.7,40.95,40.55,40.95,9000
2026-10-01,8481,政伸,其他,40.7,40.7,40.6,40.65,9000
2026-09-29,8482,商億-KY,居家生活,47.05,47.05,47.05,47.05,1000
2026-09-30,8482,商億-KY,居家生活,48.0,49.2,48.0,49.2,6000
2026-10-01,8482,商億-KY,居家生活,48.85,48.85,48.85,48.85,1000
2026-09-29,8487,愛爾達-創,數位雲端,70.3,70.4,70.0,70.4,15023
2026-09-30,8487,愛爾達-創,數位雲端,71.0,71.2,70.3,70.8,11006
2026-10-01,8487,愛爾達-創,數位雲端,70.5,70.9,70.0,70.3,27430
2026-09-29,8488,吉源-KY,其他,9.8,9.81,9.8,9.8,8000
2026-09-30,8488,吉源-KY,其他,9.95,9.95,9.85,9.95,19078
2026-10-01,8488,吉源-KY,其他,9.82,9.86,9.82,9.84,13415
2026-09-29,8489,三貝德,其他,22.3,22.45,21.9,22.25,63100
2026-09-30,8489,三貝德,其他,22.0,22.45,21.95,22.45,39365
2026-10-01,8489,三貝德,其他,22.5,22.55,22.15,22.45,43084
2026-09-29,8499,鼎炫-KY,其他電子,254.5,258.0,254.5,257.0,17191
2026-09-30,8499,鼎炫-KY,其他電子,258.5,260.0,257.0,258.0,14215
2026-10-01,8499,鼎炫-KY,其他電子,263.0,263.0,255.0,256.0,8170
2026-09-29,8905,裕國,其他,34.9,35.15,34.9,35.15,13410
2026-09-30,8905,裕國,其他,34.7,34.7,34.65,34.65,4321
2026-10-01,8905,裕國,其他,34.75,34.8,34.5,34.5,4743
2026-09-29,8906,花王,其他,29.0,29.0,28.5,28.8,8038
2026-09-30,8906,花王,其他,29.0,29.0,28.5,28.6,15140
2026-10-01,8906,花王,其他,28.95,28.95,28.95,28.95,1158
2026-09-29,8908,欣雄,油電燃氣,40.25,40.3,40.0,40.25,47048
2026-09-30,8908,欣雄,油電燃氣,40.0,40.35,40.0,40.35,13127
2026-10-01,8908,欣雄,油電燃氣,40.4,40.4,40.0,40.2,19388
2026-09-29,8916,光隆,其他,41.0,41.1,40.85,41.1,72703
2026-09-30,8916,光隆,其他,41.25,41.3,41.0,41.05,27723
2026-10-01,8916,光隆,其他,41.1,41.1,40.9,41.0,25745
2026-09-29,8917,欣泰,油電燃氣,55.0,55.0,54.0,54.5,5122
2026-09-30,8917,欣泰,油電燃氣,55.0,55.5,53.7,53.7,4202
2026-09-30,8921,沈氏,其他,16.25,16.8,16.25,16.8,2202
2026-09-29,8923,時報,文化創意,18.45,18.45,18.2,18.45,11000
2026-09-30,8923,時報,文化創意,18.0,18.0,18.0,18.0,1000
2026-09-29,8924,大田,運動休閒,49.35,49.45,49.05,49.4,31922
2026-09-30,8924,大田,運動休閒,49.15,49.5,49.1,49.45,29272
2026-10-01,8924,大田,運動休閒,49.5,50.0,49.5,49.9,42214
2026-09-29,8926,台汽電,油電燃氣,59.2,59.2,58.3,58.3,1273804
2026-09-30,8926,台汽電,油電燃氣,58.6,59.4,58.3,59.2,1978422
2026-10-01,8926,台汽電,油電燃氣,59.3,59.5,58.6,58.9,1154934
2026-09-29,8927,北基,油電燃氣,19.0,19.0,18.75,18.8,74429
2026-09-30,8927,北基,油電燃氣,18.85,18.9,18.7,18.75,123400
2026-10-01,8927,北基,油電燃氣,18.8,19.1,18.75,19.1,166988
2026-09-29,8928,鉅明,運動休閒,23.35,23.35,22.85,22.9,16444
2026-09-30,8928,鉅明,運動休閒,22.7,22.95,22.7,22.95,9683
2026-10-01,8928,鉅明,運動休閒,23.15,23.2,22.75,23.0,7264
2026-09-29,8929,富堡,其他,12.95,12.95,12.85,12.9,6488
2026-09-30,8929,富堡,其他,12.85,13.25,12.8,13.2,27111
2026-10-01,8929,富堡,其他,13.05,13.1,13.05,13.1,8698
2026-09-29,8930,青鋼,鋼鐵工業,28.75,28.75,28.65,28.7,20326
2026-09-30,8930,青鋼,鋼鐵工業,28.7,28.75,28.6,28.75,38116
2026-10-01,8930,青鋼,鋼鐵工業,28.75,28.75,28.65,28.7,19230
2026-09-29,8931,大汽電,油電燃氣,43.65,43.65,43.15,43.15,82102
2026-09-30,8931,大汽電,油電燃氣,43.0,43.5,42.9,43.25,244261
2026-10-01,8931,大汽電,油電燃氣,43.0,43.0,42.65,42.65,16211
2026-09-29,8932,智通*,數位雲端,92.2,93.9,92.1,93.4,717838
2026-09-30,8932,智通*,數位雲端,93.4,94.1,92.5,92.6,829775
2026-10-01,8932,智通*,數位雲端,92.6,93.5,91.8,91.8,729129
2026-09-29,8933,愛地雅,運動休閒,4.55,4.6,4.45,4.58,43962
2026-09-30,8933,愛地雅,運動休閒,4.41,4.57,4.4,4.5,117068
2026-10-01,8933,愛地雅,運動休閒,4.5,4.6,4.41,4.6,90514
2026-09-29,8935,邦泰,其他,18.0,19.3,17.5,19.3,265045
2026-09-30,8935,邦泰,其他,19.0,20.4,18.8,19.65,604890
2026-10-01,8935,邦泰,其他,19.75,20.0,19.0,19.3,160063
2026-09-29,8936,國統,其他,52.3,52.5,51.8,51.9,535145
2026-09-30,8936,國統,其他,52.3,52.7,52.1,52.6,1080686
2026-10-01,8936,國統,其他,52.8,53.3,52.4,52.7,1023435
2026-09-29,8937,合騏*,其他,26.2,26.2,25.0,25.1,372376
2026-09-30,8937,合騏*,其他,25.1,26.2,24.4,26.2,343647
2026-10-01,8937,合騏*,其他,25.2,25.7,25.15,25.5,48739
2026-09-29,8938,明安,運動休閒,52.5,52.8,52.1,52.7,44476
2026-09-30,8938,明安,運動休閒,52.5,53.0,52.5,52.6,34103
2026-10-01,8938,明安,運動休閒,52.9,52.9,52.2,52.2,46520
2026-09-29,8940,新天地,觀光餐旅,15.1,15.1,15.0,15.0,13923
2026-09-30,8940,新天地,觀光餐旅,15.1,15.15,14.95,15.1,42047
2026-10-01,8940,新天地,觀光餐旅,15.15,15.15,15.0,15.05,11029
2026-09-29,8941,關中,居家生活,44.0,44.0,44.0,44.0,3127
2026-09-30,8941,關中,居家生活,44.0,44.0,43.8,43.8,5001
2026-10-01,8941,關中,居家生活,43.95,43.95,43.1,43.95,12000
2026-09-29,8942,森鉅,其他,40.3,40.6,40.15,40.2,133435
2026-09-30,8942,森鉅,其他,40.3,40.55,40.05,40.2,146344
2026-10-01,8942,森鉅,其他,40.8,40.8,40.05,40.15,107261
2026-09-29,8996,高力,電機機械,1505.0,1625.0,1480.0,1585.0,5083158
2026-09-30,8996,高力,電機機械,1600.0,1665.0,1565.0,1605.0,4880876
2026-10-01,8996,高力,電機機械,1515.0,1600.0,1470.0,1565.0,5416446
2026-09-29,9103,美德醫療-DR,91,4.97,5.01,4.96,4.96,524463
2026-09-30,9103,美德醫療-DR,91,4.96,5.0,4.96,4.98,369795
2026-10-01,9103,美德醫療-DR,91,4.97,4.98,4.94,4.94,433054
2026-09-29,9105,泰金寶-DR,91,8.42,8.72,8.38,8.66,22593426
2026-09-30,9105,泰金寶-DR,91,8.78,8.86,8.52,8.53,26440436
2026-10-01,9105,泰金寶-DR,91,8.54,8.56,8.43,8.45,10908550
2026-09-29,9110,越南控-DR,91,2.91,2.91,2.57,2.85,13000
2026-09-30,9110,越南控-DR,91,2.7,2.99,2.7,2.99,8005
2026-10-01,9110,越南控-DR,91,3.08,3.08,2.98,2.98,7030
2026-09-29,9136,巨騰-DR,91,9.19,9.3,9.05,9.13,331515
2026-09-30,9136,巨騰-DR,91,9.17,9.17,9.04,9.14,177001
2026-10-01,9136,巨騰-DR,91,9.14,9.15,9.04,9.13,135856
2026-09-29,9802,鈺齊-KY,運動休閒,64.0,64.9,63.9,64.7,372962
2026-09-30,9802,鈺齊-KY,運動休閒,64.9,64.9,64.3,64.8,489032
2026-10-01,9802,鈺齊-KY,運動休閒,65.0,65.4,64.2,64.8,565927
2026-09-29,9902,台火,其他,13.3,13.3,13.05,13.05,106715
2026-09-30,9902,台火,其他,13.25,13.3,13.2,13.2,65224
2026-10-01,9902,台火,其他,13.3,13.3,13.05,13.2,158795
2026-09-29,9904,寶成,運動休閒,25.0,25.0,24.8,24.8,8331264
2026-09-30,9904,寶成,運動休閒,24.8,24.95,24.75,24.95,8192793
2026-10-01,9904,寶成,運動休閒,24.85,24.9,24.7,24.85,8975716
2026-09-29,9905,大華,其他,21.2,21.25,21.2,21.2,62421
2026-09-30,9905,大華,其他,21.2,21.35,21.2,21.35,89183
2026-10-01,9905,大華,其他,21.3,21.4,21.3,21.4,43147
2026-09-29,9906,欣巴巴,建材營造,39.55,41.7,39.3,39.3,54943
2026-09-30,9906,欣巴巴,建材營造,40.0,40.0,39.45,39.45,21351
2026-10-01,9906,欣巴巴,建材營造,39.45,40.5,39.4,40.25,37220
2026-09-29,9907,統一實,其他,14.85,14.9,14.7,14.7,2608962
2026-09-30,9907,統一實,其他,14.8,15.0,14.8,14.9,1106791
2026-10-01,9907,統一實,其他,15.0,15.0,14.85,14.85,677777
2026-09-29,9908,大台北,油電燃氣,28.95,29.0,28.9,28.9,105882
2026-09-30,9908,大台北,油電燃氣,28.95,29.05,28.9,29.0,99014
2026-10-01,9908,大台北,油電燃氣,28.95,29.0,28.95,28.95,67493
2026-09-29,9910,豐泰,運動休閒,69.6,70.5,68.9,69.1,691928
2026-09-30,9910,豐泰,運動休閒,69.1,69.3,68.7,68.8,604415
2026-10-01,9910,豐泰,運動休閒,69.1,69.2,68.3,68.8,875341
2026-09-29,9911,櫻花,居家生活,81.7,81.9,81.3,81.6,196240
2026-09-30,9911,櫻花,居家生活,81.8,81.8,81.5,81.5,180209
2026-10-01,9911,櫻花,居家生活,81.6,81.7,81.4,81.5,107539
2026-09-29,9912,偉聯,電腦及週邊,12.8,12.95,12.8,12.95,12357
2026-09-30,9912,偉聯,電腦及週邊,12.9,13.2,12.9,13.1,15869
2026-10-01,9912,偉聯,電腦及週邊,12.9,12.95,12.9,12.95,12180
2026-09-29,9914,美利達,運動休閒,66.6,68.5,66.6,67.1,1913117
2026-09-30,9914,美利達,運動休閒,67.1,68.5,66.9,68.3,1937571
2026-10-01,9914,美利達,運動休閒,68.3,68.6,67.6,68.3,789781
2026-09-29,9917,中保科,其他,106.0,106.5,105.5,105.5,337338
2026-09-30,9917,中保科,其他,106.0,106.5,105.5,105.5,321080
2026-10-01,9917,中保科,其他,106.0,106.5,105.5,106.5,204764
2026-09-29,9918,欣天然,油電燃氣,42.45,42.95,42.35,42.5,14677
2026-09-30,9918,欣天然,油電燃氣,42.9,43.2,42.9,43.15,12142
2026-10-01,9918,欣天然,油電燃氣,43.15,43.2,42.75,43.2,11928
2026-09-29,9919,康那香,其他,13.8,13.8,13.5,13.7,725134
2026-09-30,9919,康那香,其他,13.65,13.85,13.65,13.85,171604
2026-10-01,9919,康那香,其他,13.85,13.85,13.65,13.8,124594
2026-09-29,9921,巨大,運動休閒,91.5,95.8,91.5,94.1,1580527
2026-09-30,9921,巨大,運動休閒,96.0,96.5,92.4,93.1,1131060
2026-10-01,9921,巨大,運動休閒,93.1,93.1,91.1,91.8,1035498
2026-09-29,9924,福興,居家生活,37.85,38.0,37.75,37.75,51682
2026-09-30,9924,福興,居家生活,38.15,38.25,38.05,38.2,111746
2026-10-01,9924,福興,居家生活,37.8,38.25,37.8,38.2,50617
2026-09-29,9925,新保,其他,39.65,39.7,39.45,39.45,581438
2026-09-30,9925,新保,其他,39.5,39.7,39.4,39.55,401737
2026-10-01,9925,新保,其他,39.55,39.7,39.45,39.55,319171
2026-09-29,9926,新海,油電燃氣,49.0,49.0,48.8,48.8,12055
2026-09-30,9926,新海,油電燃氣,48.8,49.1,48.75,49.1,19672
2026-10-01,9926,新海,油電燃氣,48.7,49.1,48.7,49.1,9000
2026-09-29,9927,泰銘,其他,70.2,70.2,69.5,69.9,448407
2026-09-30,9927,泰銘,其他,70.1,70.6,70.1,70.1,863826
2026-10-01,9927,泰銘,其他,64.7,64.7,63.7,64.0,748435
2026-09-29,9928,中視,其他,17.75,17.9,17.6,17.8,62990
2026-09-30,9928,中視,其他,17.9,17.9,17.65,17.75,31338
2026-10-01,9928,中視,其他,17.9,18.2,17.85,18.05,72144
2026-09-29,9929,秋雨,其他,11.0,11.0,10.9,10.9,6694
2026-09-30,9929,秋雨,其他,11.15,11.15,11.1,11.1,13001
2026-10-01,9929,秋雨,其他,11.15,11.15,11.05,11.1,2503247
2026-09-29,9930,中聯資源,綠能環保,60.5,60.6,60.2,60.2,99688
2026-09-30,9930,中聯資源,綠能環保,60.1,60.5,59.9,60.2,207014
2026-10-01,9930,中聯資源,綠能環保,60.1,60.2,59.9,60.2,64546
2026-09-29,9931,欣高,油電燃氣,33.8,33.8,33.7,33.7,22798
2026-09-30,9931,欣高,油電燃氣,34.3,34.3,33.7,34.2,14641
2026-10-01,9931,欣高,油電燃氣,33.85,34.1,33.85,34.1,5120
2026-09-29,9933,中鼎,其他,40.95,41.3,40.35,40.35,1752598
2026-09-30,9933,中鼎,其他,40.5,40.75,40.35,40.7,1377637
2026-10-01,9933,中鼎,其他,40.6,42.0,40.6,41.65,3030280
2026-09-29,9934,成霖,居家生活,9.84,9.91,9.81,9.85,352758
2026-09-30,9934,成霖,居家生活,9.84,9.91,9.84,9.87,418919
2026-10-01,9934,成霖,居家生活,9.86,9.92,9.82,9.86,302566
2026-09-29,9935,慶豐富,居家生活,18.25,18.3,18.1,18.2,209319
2026-09-30,9935,慶豐富,居家生活,18.3,18.35,18.25,18.3,94453
2026-10-01,9935,慶豐富,居家生活,18.2,18.35,18.15,18.35,140355
2026-09-29,9937,全國,油電燃氣,54.2,54.2,54.1,54.1,30473
2026-09-30,9937,全國,油電燃氣,54.1,54.5,54.1,54.5,22000
2026-10-01,9937,全國,油電燃氣,54.2,54.5,54.2,54.5,14157
2026-09-29,9938,百和,其他,38.1,38.3,37.95,38.2,511066
2026-09-30,9938,百和,其他,38.25,38.45,38.1,38.25,497792
2026-10-01,9938,百和,其他,38.25,38.65,38.1,38.55,533525
2026-09-29,9939,宏全,其他,124.5,125.5,124.5,124.5,401073
2026-09-30,9939,宏全,其他,124.5,126.0,123.5,126.0,1079093
2026-10-01,9939,宏全,其他,126.0,126.0,123.5,124.5,798328
2026-09-29,9940,信義,其他,20.05,20.15,19.9,19.9,417812
2026-09-30,9940,信義,其他,20.05,20.15,19.9,20.1,192092
2026-10-01,9940,信義,其他,20.1,20.2,20.05,20.05,150932
2026-09-29,9941,裕融,其他,79.7,79.7,78.3,78.3,1151910
2026-09-30,9941,裕融,其他,78.4,78.7,77.9,77.9,838459
2026-10-01,9941,裕融,其他,77.9,78.1,77.2,77.9,1273517
2026-09-29,9942,茂順,其他,114.0,115.0,113.0,113.0,115960
2026-09-30,9942,茂順,其他,114.0,115.0,114.0,114.5,39570
2026-10-01,9942,茂順,其他,114.5,114.5,114.0,114.5,22539
2026-09-29,9943,好樂迪,觀光餐旅,50.5,50.5,50.1,50.2,80614
2026-09-30,9943,好樂迪,觀光餐旅,50.3,50.4,50.1,50.4,68891
2026-10-01,9943,好樂迪,觀光餐旅,50.5,50.5,50.3,50.4,18138
2026-09-29,9944,新麗,其他,17.25,17.25,17.1,17.1,32754
2026-09-30,9944,新麗,其他,17.1,17.2,17.1,17.2,29624
2026-10-01,9944,新麗,其他,17.2,17.2,17.1,17.15,26896
2026-09-29,9945,潤泰新,其他,29.65,29.85,29.05,29.05,7370448
2026-09-30,9945,潤泰新,其他,29.45,29.85,29.3,29.45,4088023
2026-10-01,9945,潤泰新,其他,29.45,29.5,29.15,29.25,3828692
2026-09-29,9946,三發地產,建材營造,17.0,17.05,16.8,16.85,232370
2026-09-30,9946,三發地產,建材營造,17.1,17.1,16.7,17.0,181251
2026-10-01,9946,三發地產,建材營造,16.85,17.0,16.85,16.85,136072
2026-09-29,9949,琉園,文化創意,24.45,24.45,24.1,24.25,9492
2026-09-30,9949,琉園,文化創意,24.05,24.4,24.0,24.3,1517603
2026-10-01,9949,琉園,文化創意,24.3,24.3,24.25,24.3,8733
2026-09-29,9950,萬國通,塑膠工業,10.25,10.25,10.2,10.25,12098
2026-09-30,9950,萬國通,塑膠工業,10.7,10.7,10.2,10.2,23002
2026-10-01,9950,萬國通,塑膠工業,10.3,10.3,10.15,10.25,22252
2026-09-29,9951,皇田,電機機械,47.7,47.7,46.85,47.1,136337
2026-09-30,9951,皇田,電機機械,47.15,47.15,47.0,47.0,74809
2026-10-01,9951,皇田,電機機械,47.0,47.0,46.7,47.0,64445
2026-09-29,9955,佳龍,綠能環保,23.0,23.0,22.0,22.7,378978
2026-09-30,9955,佳龍,綠能環保,22.95,23.1,22.55,23.1,204353
2026-10-01,9955,佳龍,綠能環保,23.0,23.3,23.0,23.1,115084
2026-09-29,9958,世紀鋼,鋼鐵工業,91.7,92.8,91.7,92.1,596425
2026-09-30,9958,世紀鋼,鋼鐵工業,92.2,93.4,92.2,93.0,763092
2026-10-01,9958,世紀鋼,鋼鐵工業,93.0,93.6,91.7,92.0,871632
2026-09-29,9960,邁達康,運動休閒,39.35,41.4,38.85,41.2,77699
2026-09-30,9960,邁達康,運動休閒,41.2,41.95,40.4,41.5,67949
2026-10-01,9960,邁達康,運動休閒,39.7,41.05,37.35,37.5,158632
2026-09-29,9962,有益,鋼鐵工業,10.0,10.35,10.0,10.15,149591
2026-09-30,9962,有益,鋼鐵工業,10.2,10.35,10.15,10.35,94699
2026-10-01,9962,有益,鋼鐵工業,10.45,10.5,10.3,10.35,101149
2026-09-29,TAIEX,加權指數,指數,47873.89,48045.13,47573.09,47631.96,0
2026-09-30,TAIEX,加權指數,指數,47767.49,48379.71,47767.49,47940.13,0
2026-10-01,TAIEX,加權指數,指數,47961.98,48353.49,47893.42,48353.49,0
